{"timestamp": "2026-06-04 11:06:47,577", "level": "INFO", "logger_name": "django.utils.autoreload", "message": "Watching for file changes with StatReloader"}
{"timestamp": "2026-06-04 11:06:57,650", "level": "INFO", "logger_name": "core.api", "message": "API Request Started: GET /", "request_id": "c6962302-8523-4ed6-b0b4-a4d31757f124", "user_id": 1, "api_id": "unknown", "correlation_id": "c6962302-8523-4ed6-b0b4-a4d31757f124"}
{"timestamp": "2026-06-04 11:06:57,658", "level": "WARNING", "logger_name": "core.api", "message": "API Client Error Response: 404", "request_id": "c6962302-8523-4ed6-b0b4-a4d31757f124", "user_id": 1, "api_id": "unknown", "duration_ms": 11.01, "correlation_id": "c6962302-8523-4ed6-b0b4-a4d31757f124"}
{"timestamp": "2026-06-04 11:06:57,668", "level": "WARNING", "logger_name": "django.request", "message": "Not Found: /"}
{"timestamp": "2026-06-04 11:06:57,669", "level": "WARNING", "logger_name": "django.server", "message": "\"GET / HTTP/1.1\" 404 2473"}
{"timestamp": "2026-06-04 11:06:57,839", "level": "INFO", "logger_name": "core.api", "message": "API Request Started: GET /favicon.ico", "request_id": "462101b2-08d7-42fa-8da4-2fec36405185", "user_id": 1, "api_id": "unknown", "correlation_id": "462101b2-08d7-42fa-8da4-2fec36405185"}
{"timestamp": "2026-06-04 11:06:57,843", "level": "WARNING", "logger_name": "core.api", "message": "API Client Error Response: 404", "request_id": "462101b2-08d7-42fa-8da4-2fec36405185", "user_id": 1, "api_id": "unknown", "duration_ms": 6.81, "correlation_id": "462101b2-08d7-42fa-8da4-2fec36405185"}
{"timestamp": "2026-06-04 11:06:57,851", "level": "WARNING", "logger_name": "django.request", "message": "Not Found: /favicon.ico"}
{"timestamp": "2026-06-04 11:06:57,852", "level": "WARNING", "logger_name": "django.server", "message": "\"GET /favicon.ico HTTP/1.1\" 404 2524"}
{"timestamp": "2026-06-04 11:07:00,140", "level": "INFO", "logger_name": "core.api", "message": "API Request Started: GET /admin/", "request_id": "2999d10e-1c79-4f57-9a47-dbfa62817040", "user_id": 1, "api_id": "sites-index", "correlation_id": "2999d10e-1c79-4f57-9a47-dbfa62817040"}
{"timestamp": "2026-06-04 11:07:00,217", "level": "INFO", "logger_name": "core.api", "message": "API Response Completed: 200", "request_id": "2999d10e-1c79-4f57-9a47-dbfa62817040", "user_id": 1, "api_id": "sites-index", "duration_ms": 79.74, "correlation_id": "2999d10e-1c79-4f57-9a47-dbfa62817040"}
{"timestamp": "2026-06-04 11:07:00,218", "level": "INFO", "logger_name": "django.server", "message": "\"GET /admin/ HTTP/1.1\" 200 20730"}
{"timestamp": "2026-06-04 11:07:00,233", "level": "INFO", "logger_name": "django.server", "message": "\"GET /static/admin/css/base.css HTTP/1.1\" 304 0"}
{"timestamp": "2026-06-04 11:07:00,234", "level": "INFO", "logger_name": "django.server", "message": "\"GET /static/admin/js/theme.js HTTP/1.1\" 304 0"}
{"timestamp": "2026-06-04 11:07:00,235", "level": "INFO", "logger_name": "django.server", "message": "\"GET /static/admin/css/dark_mode.css HTTP/1.1\" 304 0"}
{"timestamp": "2026-06-04 11:07:00,296", "level": "INFO", "logger_name": "django.server", "message": "\"GET /static/admin/css/dashboard.css HTTP/1.1\" 304 0"}
{"timestamp": "2026-06-04 11:07:00,304", "level": "INFO", "logger_name": "django.server", "message": "\"GET /static/admin/css/nav_sidebar.css HTTP/1.1\" 304 0"}
{"timestamp": "2026-06-04 11:07:00,304", "level": "INFO", "logger_name": "django.server", "message": "\"GET /static/admin/css/responsive.css HTTP/1.1\" 304 0"}
{"timestamp": "2026-06-04 11:07:00,304", "level": "INFO", "logger_name": "django.server", "message": "\"GET /static/admin/js/nav_sidebar.js HTTP/1.1\" 304 0"}
{"timestamp": "2026-06-04 11:07:00,315", "level": "INFO", "logger_name": "django.server", "message": "\"GET /static/admin/img/icon-changelink.svg HTTP/1.1\" 304 0"}
{"timestamp": "2026-06-04 11:07:00,315", "level": "INFO", "logger_name": "django.server", "message": "\"GET /static/admin/img/icon-deletelink.svg HTTP/1.1\" 304 0"}
{"timestamp": "2026-06-04 11:07:00,316", "level": "INFO", "logger_name": "django.server", "message": "\"GET /static/admin/img/icon-addlink.svg HTTP/1.1\" 304 0"}
{"timestamp": "2026-06-04 11:07:04,056", "level": "INFO", "logger_name": "core.api", "message": "API Request Started: GET /admin/core/student/", "request_id": "a9cd22be-8dbd-4220-b793-2ed2368e33e3", "user_id": 1, "api_id": "options-changelist_view", "correlation_id": "a9cd22be-8dbd-4220-b793-2ed2368e33e3"}
{"timestamp": "2026-06-04 11:07:04,144", "level": "INFO", "logger_name": "core.api", "message": "API Response Completed: 200", "request_id": "a9cd22be-8dbd-4220-b793-2ed2368e33e3", "user_id": 1, "api_id": "options-changelist_view", "duration_ms": 91.15, "correlation_id": "a9cd22be-8dbd-4220-b793-2ed2368e33e3"}
{"timestamp": "2026-06-04 11:07:04,145", "level": "INFO", "logger_name": "django.server", "message": "\"GET /admin/core/student/ HTTP/1.1\" 200 59646"}
{"timestamp": "2026-06-04 11:07:04,163", "level": "INFO", "logger_name": "django.server", "message": "\"GET /static/admin/css/changelists.css HTTP/1.1\" 304 0"}
{"timestamp": "2026-06-04 11:07:04,167", "level": "INFO", "logger_name": "django.server", "message": "\"GET /static/admin/js/jquery.init.js HTTP/1.1\" 304 0"}
{"timestamp": "2026-06-04 11:07:04,167", "level": "INFO", "logger_name": "django.server", "message": "\"GET /static/admin/js/vendor/jquery/jquery.js HTTP/1.1\" 304 0"}
{"timestamp": "2026-06-04 11:07:04,170", "level": "INFO", "logger_name": "django.server", "message": "\"GET /static/admin/js/urlify.js HTTP/1.1\" 304 0"}
{"timestamp": "2026-06-04 11:07:04,171", "level": "INFO", "logger_name": "django.server", "message": "\"GET /static/admin/js/admin/RelatedObjectLookups.js HTTP/1.1\" 304 0"}
{"timestamp": "2026-06-04 11:07:04,171", "level": "INFO", "logger_name": "django.server", "message": "\"GET /static/admin/js/prepopulate.js HTTP/1.1\" 304 0"}
{"timestamp": "2026-06-04 11:07:04,173", "level": "INFO", "logger_name": "django.server", "message": "\"GET /static/admin/js/vendor/xregexp/xregexp.js HTTP/1.1\" 304 0"}
{"timestamp": "2026-06-04 11:07:04,171", "level": "INFO", "logger_name": "django.server", "message": "\"GET /static/admin/js/core.js HTTP/1.1\" 304 0"}
{"timestamp": "2026-06-04 11:07:04,173", "level": "INFO", "logger_name": "core.api", "message": "API Request Started: GET /admin/jsi18n/", "request_id": "77a0b026-ed46-49e5-9efb-2eea7a30d07c", "user_id": 1, "api_id": "sites-i18n_javascript", "correlation_id": "77a0b026-ed46-49e5-9efb-2eea7a30d07c"}
{"timestamp": "2026-06-04 11:07:04,173", "level": "INFO", "logger_name": "django.server", "message": "\"GET /static/admin/js/actions.js HTTP/1.1\" 304 0"}
{"timestamp": "2026-06-04 11:07:04,177", "level": "INFO", "logger_name": "core.api", "message": "API Response Completed: 200", "request_id": "77a0b026-ed46-49e5-9efb-2eea7a30d07c", "user_id": 1, "api_id": "sites-i18n_javascript", "duration_ms": 13.36, "correlation_id": "77a0b026-ed46-49e5-9efb-2eea7a30d07c"}
{"timestamp": "2026-06-04 11:07:04,179", "level": "INFO", "logger_name": "django.server", "message": "\"GET /admin/jsi18n/ HTTP/1.1\" 200 3342"}
{"timestamp": "2026-06-04 11:07:04,183", "level": "INFO", "logger_name": "django.server", "message": "\"GET /static/admin/js/filters.js HTTP/1.1\" 304 0"}
{"timestamp": "2026-06-04 11:07:04,201", "level": "INFO", "logger_name": "django.server", "message": "\"GET /static/admin/img/tooltag-add.svg HTTP/1.1\" 304 0"}
{"timestamp": "2026-06-04 11:07:08,558", "level": "INFO", "logger_name": "core.api", "message": "API Request Started: GET /admin/core/student/", "request_id": "2bd966ff-37ba-430a-9822-05f6d1d31643", "user_id": 1, "api_id": "options-changelist_view", "correlation_id": "2bd966ff-37ba-430a-9822-05f6d1d31643"}
{"timestamp": "2026-06-04 11:07:08,620", "level": "INFO", "logger_name": "core.api", "message": "API Response Completed: 200", "request_id": "2bd966ff-37ba-430a-9822-05f6d1d31643", "user_id": 1, "api_id": "options-changelist_view", "duration_ms": 67.24, "correlation_id": "2bd966ff-37ba-430a-9822-05f6d1d31643"}
{"timestamp": "2026-06-04 11:07:08,621", "level": "INFO", "logger_name": "django.server", "message": "\"GET /admin/core/student/?p=2 HTTP/1.1\" 200 62239"}
{"timestamp": "2026-06-04 11:07:08,643", "level": "INFO", "logger_name": "core.api", "message": "API Request Started: GET /admin/jsi18n/", "request_id": "b5746cfa-d29a-4859-8304-1c870cf1258b", "user_id": 1, "api_id": "sites-i18n_javascript", "correlation_id": "b5746cfa-d29a-4859-8304-1c870cf1258b"}
{"timestamp": "2026-06-04 11:07:08,644", "level": "INFO", "logger_name": "core.api", "message": "API Response Completed: 200", "request_id": "b5746cfa-d29a-4859-8304-1c870cf1258b", "user_id": 1, "api_id": "sites-i18n_javascript", "duration_ms": 5.29, "correlation_id": "b5746cfa-d29a-4859-8304-1c870cf1258b"}
{"timestamp": "2026-06-04 11:07:08,645", "level": "INFO", "logger_name": "django.server", "message": "\"GET /admin/jsi18n/ HTTP/1.1\" 200 3342"}
{"timestamp": "2026-06-04 11:07:11,872", "level": "INFO", "logger_name": "core.api", "message": "API Request Started: GET /admin/core/student/", "request_id": "0aa6c7b1-a3b4-483f-8311-a9b0d7aa64e4", "user_id": 1, "api_id": "options-changelist_view", "correlation_id": "0aa6c7b1-a3b4-483f-8311-a9b0d7aa64e4"}
{"timestamp": "2026-06-04 11:07:11,936", "level": "INFO", "logger_name": "core.api", "message": "API Response Completed: 200", "request_id": "0aa6c7b1-a3b4-483f-8311-a9b0d7aa64e4", "user_id": 1, "api_id": "options-changelist_view", "duration_ms": 69.09, "correlation_id": "0aa6c7b1-a3b4-483f-8311-a9b0d7aa64e4"}
{"timestamp": "2026-06-04 11:07:11,937", "level": "INFO", "logger_name": "django.server", "message": "\"GET /admin/core/student/?p=3 HTTP/1.1\" 200 61781"}
{"timestamp": "2026-06-04 11:07:11,963", "level": "INFO", "logger_name": "core.api", "message": "API Request Started: GET /admin/jsi18n/", "request_id": "1f598e05-d533-46a2-bb44-eec32617e07d", "user_id": 1, "api_id": "sites-i18n_javascript", "correlation_id": "1f598e05-d533-46a2-bb44-eec32617e07d"}
{"timestamp": "2026-06-04 11:07:11,965", "level": "INFO", "logger_name": "core.api", "message": "API Response Completed: 200", "request_id": "1f598e05-d533-46a2-bb44-eec32617e07d", "user_id": 1, "api_id": "sites-i18n_javascript", "duration_ms": 5.63, "correlation_id": "1f598e05-d533-46a2-bb44-eec32617e07d"}
{"timestamp": "2026-06-04 11:07:11,965", "level": "INFO", "logger_name": "django.server", "message": "\"GET /admin/jsi18n/ HTTP/1.1\" 200 3342"}
{"timestamp": "2026-06-04 11:07:29,444", "level": "INFO", "logger_name": "core.api", "message": "API Request Started: GET /admin/core/student/", "request_id": "43a39f0a-4d1d-4ce3-a83c-f28a3394aa40", "user_id": 1, "api_id": "options-changelist_view", "correlation_id": "43a39f0a-4d1d-4ce3-a83c-f28a3394aa40"}
{"timestamp": "2026-06-04 11:07:29,490", "level": "INFO", "logger_name": "core.api", "message": "API Response Completed: 200", "request_id": "43a39f0a-4d1d-4ce3-a83c-f28a3394aa40", "user_id": 1, "api_id": "options-changelist_view", "duration_ms": 51.11, "correlation_id": "43a39f0a-4d1d-4ce3-a83c-f28a3394aa40"}
{"timestamp": "2026-06-04 11:07:29,491", "level": "INFO", "logger_name": "django.server", "message": "\"GET /admin/core/student/?p=1 HTTP/1.1\" 200 62272"}
{"timestamp": "2026-06-04 11:07:29,508", "level": "INFO", "logger_name": "core.api", "message": "API Request Started: GET /admin/jsi18n/", "request_id": "2c1c486d-aa7b-4786-894b-49ffdf28ae1b", "user_id": 1, "api_id": "sites-i18n_javascript", "correlation_id": "2c1c486d-aa7b-4786-894b-49ffdf28ae1b"}
{"timestamp": "2026-06-04 11:07:29,510", "level": "INFO", "logger_name": "core.api", "message": "API Response Completed: 200", "request_id": "2c1c486d-aa7b-4786-894b-49ffdf28ae1b", "user_id": 1, "api_id": "sites-i18n_javascript", "duration_ms": 4.34, "correlation_id": "2c1c486d-aa7b-4786-894b-49ffdf28ae1b"}
{"timestamp": "2026-06-04 11:07:29,511", "level": "INFO", "logger_name": "django.server", "message": "\"GET /admin/jsi18n/ HTTP/1.1\" 200 3342"}
{"timestamp": "2026-06-04 11:07:32,810", "level": "INFO", "logger_name": "core.api", "message": "API Request Started: GET /admin/core/student/", "request_id": "124a5ced-0f39-46ba-ab7e-d5a2452d68d9", "user_id": 1, "api_id": "options-changelist_view", "correlation_id": "124a5ced-0f39-46ba-ab7e-d5a2452d68d9"}
{"timestamp": "2026-06-04 11:07:32,868", "level": "INFO", "logger_name": "core.api", "message": "API Response Completed: 200", "request_id": "124a5ced-0f39-46ba-ab7e-d5a2452d68d9", "user_id": 1, "api_id": "options-changelist_view", "duration_ms": 60.54, "correlation_id": "124a5ced-0f39-46ba-ab7e-d5a2452d68d9"}
{"timestamp": "2026-06-04 11:07:32,869", "level": "INFO", "logger_name": "django.server", "message": "\"GET /admin/core/student/?p=2 HTTP/1.1\" 200 62239"}
{"timestamp": "2026-06-04 11:07:32,889", "level": "INFO", "logger_name": "core.api", "message": "API Request Started: GET /admin/jsi18n/", "request_id": "fda92c36-7f67-4e9c-9492-9b15d1802626", "user_id": 1, "api_id": "sites-i18n_javascript", "correlation_id": "fda92c36-7f67-4e9c-9492-9b15d1802626"}
{"timestamp": "2026-06-04 11:07:32,891", "level": "INFO", "logger_name": "core.api", "message": "API Response Completed: 200", "request_id": "fda92c36-7f67-4e9c-9492-9b15d1802626", "user_id": 1, "api_id": "sites-i18n_javascript", "duration_ms": 5.37, "correlation_id": "fda92c36-7f67-4e9c-9492-9b15d1802626"}
{"timestamp": "2026-06-04 11:07:32,891", "level": "INFO", "logger_name": "django.server", "message": "\"GET /admin/jsi18n/ HTTP/1.1\" 200 3342"}
{"timestamp": "2026-06-04 11:07:36,202", "level": "INFO", "logger_name": "core.api", "message": "API Request Started: GET /admin/core/student/", "request_id": "489db436-0f53-4521-9d3c-2109e2dc2310", "user_id": 1, "api_id": "options-changelist_view", "correlation_id": "489db436-0f53-4521-9d3c-2109e2dc2310"}
{"timestamp": "2026-06-04 11:07:36,271", "level": "INFO", "logger_name": "core.api", "message": "API Response Completed: 200", "request_id": "489db436-0f53-4521-9d3c-2109e2dc2310", "user_id": 1, "api_id": "options-changelist_view", "duration_ms": 74.79, "correlation_id": "489db436-0f53-4521-9d3c-2109e2dc2310"}
{"timestamp": "2026-06-04 11:07:36,272", "level": "INFO", "logger_name": "django.server", "message": "\"GET /admin/core/student/?p=3 HTTP/1.1\" 200 61781"}
{"timestamp": "2026-06-04 11:07:36,291", "level": "INFO", "logger_name": "core.api", "message": "API Request Started: GET /admin/jsi18n/", "request_id": "91f77f99-3006-4422-bd44-05d0a93bf8e5", "user_id": 1, "api_id": "sites-i18n_javascript", "correlation_id": "91f77f99-3006-4422-bd44-05d0a93bf8e5"}
{"timestamp": "2026-06-04 11:07:36,293", "level": "INFO", "logger_name": "core.api", "message": "API Response Completed: 200", "request_id": "91f77f99-3006-4422-bd44-05d0a93bf8e5", "user_id": 1, "api_id": "sites-i18n_javascript", "duration_ms": 3.85, "correlation_id": "91f77f99-3006-4422-bd44-05d0a93bf8e5"}
{"timestamp": "2026-06-04 11:07:36,293", "level": "INFO", "logger_name": "django.server", "message": "\"GET /admin/jsi18n/ HTTP/1.1\" 200 3342"}
{"timestamp": "2026-06-04 11:07:39,227", "level": "INFO", "logger_name": "core.api", "message": "API Request Started: GET /admin/core/student/202434980/change/", "request_id": "26570054-cc86-4c91-92fb-4abc88b46b62", "user_id": 1, "api_id": "options-change_view", "correlation_id": "26570054-cc86-4c91-92fb-4abc88b46b62"}
{"timestamp": "2026-06-04 11:07:39,278", "level": "INFO", "logger_name": "core.api", "message": "API Response Completed: 200", "request_id": "26570054-cc86-4c91-92fb-4abc88b46b62", "user_id": 1, "api_id": "options-change_view", "duration_ms": 56.72, "correlation_id": "26570054-cc86-4c91-92fb-4abc88b46b62"}
{"timestamp": "2026-06-04 11:07:39,279", "level": "INFO", "logger_name": "django.server", "message": "\"GET /admin/core/student/202434980/change/?_changelist_filters=p%3D3 HTTP/1.1\" 200 23984"}
{"timestamp": "2026-06-04 11:07:39,294", "level": "INFO", "logger_name": "django.server", "message": "\"GET /static/admin/css/forms.css HTTP/1.1\" 304 0"}
{"timestamp": "2026-06-04 11:07:39,297", "level": "INFO", "logger_name": "django.server", "message": "\"GET /static/admin/js/prepopulate_init.js HTTP/1.1\" 304 0"}
{"timestamp": "2026-06-04 11:07:39,299", "level": "INFO", "logger_name": "core.api", "message": "API Request Started: GET /admin/jsi18n/", "request_id": "4de4fb29-eb46-4dcf-9051-209954aa5dd1", "user_id": 1, "api_id": "sites-i18n_javascript", "correlation_id": "4de4fb29-eb46-4dcf-9051-209954aa5dd1"}
{"timestamp": "2026-06-04 11:07:39,301", "level": "INFO", "logger_name": "core.api", "message": "API Response Completed: 200", "request_id": "4de4fb29-eb46-4dcf-9051-209954aa5dd1", "user_id": 1, "api_id": "sites-i18n_javascript", "duration_ms": 4.73, "correlation_id": "4de4fb29-eb46-4dcf-9051-209954aa5dd1"}
{"timestamp": "2026-06-04 11:07:39,302", "level": "INFO", "logger_name": "django.server", "message": "\"GET /admin/jsi18n/ HTTP/1.1\" 200 3342"}
{"timestamp": "2026-06-04 11:07:39,313", "level": "INFO", "logger_name": "django.server", "message": "\"GET /static/admin/css/widgets.css HTTP/1.1\" 304 0"}
{"timestamp": "2026-06-04 11:07:39,315", "level": "INFO", "logger_name": "django.server", "message": "\"GET /static/admin/img/icon-viewlink.svg HTTP/1.1\" 304 0"}
{"timestamp": "2026-06-04 11:07:39,317", "level": "INFO", "logger_name": "django.server", "message": "\"GET /static/admin/js/change_form.js HTTP/1.1\" 304 0"}
{"timestamp": "2026-06-04 11:07:41,527", "level": "INFO", "logger_name": "core.api", "message": "API Request Started: GET /admin/core/student/", "request_id": "51515af4-2f42-410d-949d-512f5cc30e0f", "user_id": 1, "api_id": "options-changelist_view", "correlation_id": "51515af4-2f42-410d-949d-512f5cc30e0f"}
{"timestamp": "2026-06-04 11:07:41,589", "level": "INFO", "logger_name": "core.api", "message": "API Response Completed: 200", "request_id": "51515af4-2f42-410d-949d-512f5cc30e0f", "user_id": 1, "api_id": "options-changelist_view", "duration_ms": 65.55, "correlation_id": "51515af4-2f42-410d-949d-512f5cc30e0f"}
{"timestamp": "2026-06-04 11:07:41,590", "level": "INFO", "logger_name": "django.server", "message": "\"GET /admin/core/student/?p=3 HTTP/1.1\" 200 61781"}
{"timestamp": "2026-06-04 11:10:03,812", "level": "INFO", "logger_name": "django.utils.autoreload", "message": "Watching for file changes with StatReloader"}
{"timestamp": "2026-06-04 11:18:37,454", "level": "INFO", "logger_name": "core.api", "message": "API Request Started: POST /api/students/login", "request_id": "95a9c57b-ebaa-49af-813d-9959956119de", "user_id": null, "api_id": "login-view", "correlation_id": "95a9c57b-ebaa-49af-813d-9959956119de"}
{"timestamp": "2026-06-04 11:18:37,455", "level": "INFO", "logger_name": "core.api.login", "message": "=== [API CALL] POST /students/login ==="}
{"timestamp": "2026-06-04 11:18:37,455", "level": "INFO", "logger_name": "core.api.login", "message": "Sending login request to e-Campus: https://cyber.gachon.ac.kr/login/index.php"}
{"timestamp": "2026-06-04 11:18:39,220", "level": "INFO", "logger_name": "core.api.login", "message": "e-Campus login successful for username: byou0070"}
{"timestamp": "2026-06-04 11:18:39,248", "level": "INFO", "logger_name": "core.api.login", "message": "Generated JWT tokens for returning student."}
{"timestamp": "2026-06-04 11:18:39,250", "level": "INFO", "logger_name": "core.api", "message": "API Response Completed: 200", "request_id": "95a9c57b-ebaa-49af-813d-9959956119de", "user_id": null, "api_id": "login-view", "duration_ms": 1796.01, "correlation_id": "95a9c57b-ebaa-49af-813d-9959956119de"}
{"timestamp": "2026-06-04 11:18:39,253", "level": "INFO", "logger_name": "django.server", "message": "\"POST /api/students/login HTTP/1.1\" 200 854"}
{"timestamp": "2026-06-04 11:18:39,798", "level": "INFO", "logger_name": "core.api", "message": "API Request Started: GET /api/topics/active/", "request_id": "5f3c1f32-0b04-4a98-b553-9228d78b966b", "user_id": null, "api_id": "topic_api-get_active_topic", "correlation_id": "5f3c1f32-0b04-4a98-b553-9228d78b966b"}
{"timestamp": "2026-06-04 11:18:39,802", "level": "INFO", "logger_name": "core.api", "message": "API Response Completed: 200", "request_id": "5f3c1f32-0b04-4a98-b553-9228d78b966b", "user_id": null, "api_id": "topic_api-get_active_topic", "duration_ms": 5.1, "correlation_id": "5f3c1f32-0b04-4a98-b553-9228d78b966b"}
{"timestamp": "2026-06-04 11:18:39,803", "level": "INFO", "logger_name": "django.server", "message": "\"GET /api/topics/active/ HTTP/1.1\" 200 305"}
{"timestamp": "2026-06-04 11:18:40,785", "level": "INFO", "logger_name": "core.api", "message": "API Request Started: GET /api/topics/5/vote/stat/", "request_id": "0a904f92-0de8-405e-bc43-4784c7da6364", "user_id": null, "api_id": "topic_api-get_vote_stat", "correlation_id": "0a904f92-0de8-405e-bc43-4784c7da6364"}
{"timestamp": "2026-06-04 11:18:40,790", "level": "INFO", "logger_name": "core.api", "message": "API Response Completed: 200", "request_id": "0a904f92-0de8-405e-bc43-4784c7da6364", "user_id": null, "api_id": "topic_api-get_vote_stat", "duration_ms": 5.25, "correlation_id": "0a904f92-0de8-405e-bc43-4784c7da6364"}
{"timestamp": "2026-06-04 11:18:40,791", "level": "INFO", "logger_name": "django.server", "message": "\"GET /api/topics/5/vote/stat/ HTTP/1.1\" 200 97"}
{"timestamp": "2026-06-04 11:18:44,929", "level": "INFO", "logger_name": "core.api", "message": "API Request Started: GET /media/profiles/scaled_1000000053.png", "request_id": "935e4393-63f3-4607-8d23-d91d5f249ad7", "user_id": null, "api_id": "static-serve", "correlation_id": "935e4393-63f3-4607-8d23-d91d5f249ad7"}
{"timestamp": "2026-06-04 11:18:45,137", "level": "INFO", "logger_name": "core.api", "message": "API Response Completed: 200", "request_id": "935e4393-63f3-4607-8d23-d91d5f249ad7", "user_id": null, "api_id": "static-serve", "duration_ms": 208.45, "correlation_id": "935e4393-63f3-4607-8d23-d91d5f249ad7"}
{"timestamp": "2026-06-04 11:18:45,138", "level": "INFO", "logger_name": "django.server", "message": "\"GET /media/profiles/scaled_1000000053.png HTTP/1.1\" 200 178901"}
{"timestamp": "2026-06-04 11:19:10,620", "level": "INFO", "logger_name": "core.api", "message": "API Request Started: GET /api/campus/graph/", "request_id": "b5046a71-41a0-40b2-bfd3-40b3ce8b699a", "user_id": null, "api_id": "campus-get_campus_graph", "correlation_id": "b5046a71-41a0-40b2-bfd3-40b3ce8b699a"}
{"timestamp": "2026-06-04 11:19:10,626", "level": "INFO", "logger_name": "core.api", "message": "API Response Completed: 200", "request_id": "b5046a71-41a0-40b2-bfd3-40b3ce8b699a", "user_id": null, "api_id": "campus-get_campus_graph", "duration_ms": 5.94, "correlation_id": "b5046a71-41a0-40b2-bfd3-40b3ce8b699a"}
{"timestamp": "2026-06-04 11:19:10,627", "level": "INFO", "logger_name": "django.server", "message": "\"GET /api/campus/graph/ HTTP/1.1\" 200 5792"}
{"timestamp": "2026-06-04 11:20:27,595", "level": "INFO", "logger_name": "core.api", "message": "API Request Started: GET /api/wishlist/", "request_id": "ebec52b0-87db-4208-9150-9c3db2182a36", "user_id": null, "api_id": "wishlist-view", "correlation_id": "ebec52b0-87db-4208-9150-9c3db2182a36"}
{"timestamp": "2026-06-04 11:20:27,596", "level": "INFO", "logger_name": "core.api.wishlist", "message": "=== [API CALL] GET /api/wishlist/ ==="}
{"timestamp": "2026-06-04 11:20:27,601", "level": "INFO", "logger_name": "core.api", "message": "API Response Completed: 200", "request_id": "ebec52b0-87db-4208-9150-9c3db2182a36", "user_id": null, "api_id": "wishlist-view", "duration_ms": 5.44, "correlation_id": "ebec52b0-87db-4208-9150-9c3db2182a36"}
{"timestamp": "2026-06-04 11:20:27,601", "level": "INFO", "logger_name": "django.server", "message": "\"GET /api/wishlist/?limit=1000 HTTP/1.1\" 200 908"}
{"timestamp": "2026-06-04 11:21:28,474", "level": "INFO", "logger_name": "core.api", "message": "API Request Started: GET /api/courses/", "request_id": "66b7d64e-5c77-4b12-927a-a9ebe16363cc", "user_id": null, "api_id": "courses-get_courses", "correlation_id": "66b7d64e-5c77-4b12-927a-a9ebe16363cc"}
{"timestamp": "2026-06-04 11:21:28,475", "level": "INFO", "logger_name": "core.api", "message": "API Response Completed: 200", "request_id": "66b7d64e-5c77-4b12-927a-a9ebe16363cc", "user_id": null, "api_id": "courses-get_courses", "duration_ms": 1.11, "correlation_id": "66b7d64e-5c77-4b12-927a-a9ebe16363cc"}
{"timestamp": "2026-06-04 11:21:28,476", "level": "INFO", "logger_name": "django.server", "message": "\"GET /api/courses/?school_id=1&search_type=name&page=1&limit=20&keyword=%E3%85%88 HTTP/1.1\" 200 11326"}
{"timestamp": "2026-06-04 11:21:30,012", "level": "INFO", "logger_name": "core.api", "message": "API Request Started: GET /api/courses/", "request_id": "ee591554-17ee-4f77-903b-56adbf214007", "user_id": null, "api_id": "courses-get_courses", "correlation_id": "ee591554-17ee-4f77-903b-56adbf214007"}
{"timestamp": "2026-06-04 11:21:30,013", "level": "INFO", "logger_name": "core.api", "message": "API Response Completed: 200", "request_id": "ee591554-17ee-4f77-903b-56adbf214007", "user_id": null, "api_id": "courses-get_courses", "duration_ms": 3.55, "correlation_id": "ee591554-17ee-4f77-903b-56adbf214007"}
{"timestamp": "2026-06-04 11:21:30,015", "level": "INFO", "logger_name": "django.server", "message": "\"GET /api/courses/?school_id=1&search_type=name&page=1&limit=20&keyword=%EC%9E%90%EB%A3%8C%EA%B5%AC%EC%A1%B0 HTTP/1.1\" 200 1376"}
{"timestamp": "2026-06-04 11:21:32,041", "level": "INFO", "logger_name": "core.api", "message": "API Request Started: POST /api/wishlist/toggle/", "request_id": "511cb3fa-b792-4950-bd49-01084736d937", "user_id": null, "api_id": "wishlist-view", "correlation_id": "511cb3fa-b792-4950-bd49-01084736d937"}
{"timestamp": "2026-06-04 11:21:32,042", "level": "INFO", "logger_name": "core.api.wishlist", "message": "=== [API CALL] POST /api/wishlist/toggle/ ==="}
{"timestamp": "2026-06-04 11:21:32,060", "level": "INFO", "logger_name": "core.api.wishlist", "message": "Student 202434980 added course 90 to wishlist."}
{"timestamp": "2026-06-04 11:21:32,071", "level": "INFO", "logger_name": "core.api", "message": "API Response Completed: 200", "request_id": "511cb3fa-b792-4950-bd49-01084736d937", "user_id": null, "api_id": "wishlist-view", "duration_ms": 30.07, "correlation_id": "511cb3fa-b792-4950-bd49-01084736d937"}
{"timestamp": "2026-06-04 11:21:32,072", "level": "INFO", "logger_name": "django.server", "message": "\"POST /api/wishlist/toggle/ HTTP/1.1\" 200 147"}
{"timestamp": "2026-06-04 11:21:38,608", "level": "INFO", "logger_name": "core.api", "message": "API Request Started: GET /api/courses/", "request_id": "c022329b-b671-409c-8f3b-3054bd43480f", "user_id": null, "api_id": "courses-get_courses", "correlation_id": "c022329b-b671-409c-8f3b-3054bd43480f"}
{"timestamp": "2026-06-04 11:21:38,610", "level": "INFO", "logger_name": "core.api", "message": "API Response Completed: 200", "request_id": "c022329b-b671-409c-8f3b-3054bd43480f", "user_id": null, "api_id": "courses-get_courses", "duration_ms": 1.91, "correlation_id": "c022329b-b671-409c-8f3b-3054bd43480f"}
{"timestamp": "2026-06-04 11:21:38,611", "level": "INFO", "logger_name": "django.server", "message": "\"GET /api/courses/?school_id=1&search_type=name&page=1&limit=20&keyword=%E3%85%87%E3%84%B1%E3%84%B9%E3%85%88 HTTP/1.1\" 200 850"}
{"timestamp": "2026-06-04 11:21:40,646", "level": "INFO", "logger_name": "core.api", "message": "API Request Started: POST /api/wishlist/toggle/", "request_id": "1bbf2c7e-3d14-422d-91c9-06ce0af5724e", "user_id": null, "api_id": "wishlist-view", "correlation_id": "1bbf2c7e-3d14-422d-91c9-06ce0af5724e"}
{"timestamp": "2026-06-04 11:21:40,647", "level": "INFO", "logger_name": "core.api.wishlist", "message": "=== [API CALL] POST /api/wishlist/toggle/ ==="}
{"timestamp": "2026-06-04 11:21:40,690", "level": "INFO", "logger_name": "core.api.wishlist", "message": "Student 202434980 added course 92 to wishlist."}
{"timestamp": "2026-06-04 11:21:40,700", "level": "INFO", "logger_name": "core.api", "message": "API Response Completed: 200", "request_id": "1bbf2c7e-3d14-422d-91c9-06ce0af5724e", "user_id": null, "api_id": "wishlist-view", "duration_ms": 53.79, "correlation_id": "1bbf2c7e-3d14-422d-91c9-06ce0af5724e"}
{"timestamp": "2026-06-04 11:21:40,701", "level": "INFO", "logger_name": "django.server", "message": "\"POST /api/wishlist/toggle/ HTTP/1.1\" 200 149"}
{"timestamp": "2026-06-04 11:21:48,717", "level": "INFO", "logger_name": "core.api", "message": "API Request Started: GET /api/courses/", "request_id": "d49bf338-9a25-4674-865d-e86556f04161", "user_id": null, "api_id": "courses-get_courses", "correlation_id": "d49bf338-9a25-4674-865d-e86556f04161"}
{"timestamp": "2026-06-04 11:21:48,720", "level": "INFO", "logger_name": "core.api", "message": "API Response Completed: 200", "request_id": "d49bf338-9a25-4674-865d-e86556f04161", "user_id": null, "api_id": "courses-get_courses", "duration_ms": 2.91, "correlation_id": "d49bf338-9a25-4674-865d-e86556f04161"}
{"timestamp": "2026-06-04 11:21:48,720", "level": "INFO", "logger_name": "django.server", "message": "\"GET /api/courses/?school_id=1&search_type=content&page=1&limit=20&keyword=%E3%85%A0%E3%85%91 HTTP/1.1\" 200 348"}
{"timestamp": "2026-06-04 11:21:50,239", "level": "INFO", "logger_name": "core.api", "message": "API Request Started: GET /api/courses/", "request_id": "8f0d4bf0-2c70-4fa7-83c2-7b3a07205db1", "user_id": null, "api_id": "courses-get_courses", "correlation_id": "8f0d4bf0-2c70-4fa7-83c2-7b3a07205db1"}
{"timestamp": "2026-06-04 11:21:50,241", "level": "INFO", "logger_name": "core.api", "message": "API Response Completed: 200", "request_id": "8f0d4bf0-2c70-4fa7-83c2-7b3a07205db1", "user_id": null, "api_id": "courses-get_courses", "duration_ms": 2.81, "correlation_id": "8f0d4bf0-2c70-4fa7-83c2-7b3a07205db1"}
{"timestamp": "2026-06-04 11:21:50,243", "level": "INFO", "logger_name": "django.server", "message": "\"GET /api/courses/?school_id=1&search_type=content&page=1&limit=20&keyword=gi HTTP/1.1\" 200 348"}
{"timestamp": "2026-06-04 11:21:51,246", "level": "INFO", "logger_name": "core.api", "message": "API Request Started: GET /api/courses/", "request_id": "cd75f995-2391-4372-b898-d466b1ecc2d4", "user_id": null, "api_id": "courses-get_courses", "correlation_id": "cd75f995-2391-4372-b898-d466b1ecc2d4"}
{"timestamp": "2026-06-04 11:21:51,251", "level": "INFO", "logger_name": "core.api", "message": "API Response Completed: 200", "request_id": "cd75f995-2391-4372-b898-d466b1ecc2d4", "user_id": null, "api_id": "courses-get_courses", "duration_ms": 4.75, "correlation_id": "cd75f995-2391-4372-b898-d466b1ecc2d4"}
{"timestamp": "2026-06-04 11:21:51,251", "level": "INFO", "logger_name": "django.server", "message": "\"GET /api/courses/?school_id=1&search_type=content&page=1&limit=20&keyword=big HTTP/1.1\" 200 848"}
{"timestamp": "2026-06-04 11:21:56,311", "level": "INFO", "logger_name": "core.api", "message": "API Request Started: GET /api/wishlist/", "request_id": "163b599c-1c9c-4129-9abc-76737f514235", "user_id": null, "api_id": "wishlist-view", "correlation_id": "163b599c-1c9c-4129-9abc-76737f514235"}
{"timestamp": "2026-06-04 11:21:56,312", "level": "INFO", "logger_name": "core.api.wishlist", "message": "=== [API CALL] GET /api/wishlist/ ==="}
{"timestamp": "2026-06-04 11:21:56,317", "level": "INFO", "logger_name": "core.api", "message": "API Response Completed: 200", "request_id": "163b599c-1c9c-4129-9abc-76737f514235", "user_id": null, "api_id": "wishlist-view", "duration_ms": 5.92, "correlation_id": "163b599c-1c9c-4129-9abc-76737f514235"}
{"timestamp": "2026-06-04 11:21:56,318", "level": "INFO", "logger_name": "django.server", "message": "\"GET /api/wishlist/?page=1&limit=20 HTTP/1.1\" 200 1633"}
{"timestamp": "2026-06-04 11:22:18,036", "level": "INFO", "logger_name": "core.api", "message": "API Request Started: GET /api/rooms/reservations/", "request_id": "59072676-768f-472d-84c2-08484fb9fc33", "user_id": null, "api_id": "rooms-get_my_reservations", "correlation_id": "59072676-768f-472d-84c2-08484fb9fc33"}
{"timestamp": "2026-06-04 11:22:18,040", "level": "INFO", "logger_name": "core.api", "message": "API Response Completed: 200", "request_id": "59072676-768f-472d-84c2-08484fb9fc33", "user_id": null, "api_id": "rooms-get_my_reservations", "duration_ms": 3.92, "correlation_id": "59072676-768f-472d-84c2-08484fb9fc33"}
{"timestamp": "2026-06-04 11:22:18,040", "level": "INFO", "logger_name": "django.server", "message": "\"GET /api/rooms/reservations/ HTTP/1.1\" 200 317"}
{"timestamp": "2026-06-04 11:22:23,074", "level": "INFO", "logger_name": "core.api", "message": "API Request Started: DELETE /api/rooms/reservations/22/", "request_id": "a9d4c699-38de-484e-9110-4ddffa03a848", "user_id": null, "api_id": "rooms-cancel_reservation", "correlation_id": "a9d4c699-38de-484e-9110-4ddffa03a848"}
{"timestamp": "2026-06-04 11:22:23,095", "level": "INFO", "logger_name": "core.api", "message": "API Response Completed: 200", "request_id": "a9d4c699-38de-484e-9110-4ddffa03a848", "user_id": null, "api_id": "rooms-cancel_reservation", "duration_ms": 21.57, "correlation_id": "a9d4c699-38de-484e-9110-4ddffa03a848"}
{"timestamp": "2026-06-04 11:22:23,096", "level": "INFO", "logger_name": "django.server", "message": "\"DELETE /api/rooms/reservations/22/ HTTP/1.1\" 200 98"}
{"timestamp": "2026-06-04 11:22:25,596", "level": "INFO", "logger_name": "core.api", "message": "API Request Started: DELETE /api/rooms/reservations/23/", "request_id": "504d6b32-5ac5-4b7f-9138-f3b1b52a0b5a", "user_id": null, "api_id": "rooms-cancel_reservation", "correlation_id": "504d6b32-5ac5-4b7f-9138-f3b1b52a0b5a"}
{"timestamp": "2026-06-04 11:22:25,619", "level": "INFO", "logger_name": "core.api", "message": "API Response Completed: 200", "request_id": "504d6b32-5ac5-4b7f-9138-f3b1b52a0b5a", "user_id": null, "api_id": "rooms-cancel_reservation", "duration_ms": 22.93, "correlation_id": "504d6b32-5ac5-4b7f-9138-f3b1b52a0b5a"}
{"timestamp": "2026-06-04 11:22:25,620", "level": "INFO", "logger_name": "django.server", "message": "\"DELETE /api/rooms/reservations/23/ HTTP/1.1\" 200 98"}
{"timestamp": "2026-06-04 11:22:55,422", "level": "INFO", "logger_name": "core.api", "message": "API Request Started: POST /api/rooms/recommend/", "request_id": "1bcf1359-00a6-4a50-a9f1-ac401e887336", "user_id": null, "api_id": "rooms-recommend_study_rooms", "correlation_id": "1bcf1359-00a6-4a50-a9f1-ac401e887336"}
{"timestamp": "2026-06-04 11:22:55,429", "level": "INFO", "logger_name": "core.api", "message": "API Response Completed: 200", "request_id": "1bcf1359-00a6-4a50-a9f1-ac401e887336", "user_id": null, "api_id": "rooms-recommend_study_rooms", "duration_ms": 7.08, "correlation_id": "1bcf1359-00a6-4a50-a9f1-ac401e887336"}
{"timestamp": "2026-06-04 11:22:55,430", "level": "INFO", "logger_name": "django.server", "message": "\"POST /api/rooms/recommend/ HTTP/1.1\" 200 2093"}
{"timestamp": "2026-06-04 11:22:58,963", "level": "INFO", "logger_name": "core.api", "message": "API Request Started: POST /api/rooms/reserve/", "request_id": "27fd983b-f65d-470c-819c-e7e86fc27329", "user_id": null, "api_id": "rooms-create_reservation", "correlation_id": "27fd983b-f65d-470c-819c-e7e86fc27329"}
{"timestamp": "2026-06-04 11:22:58,989", "level": "INFO", "logger_name": "core.api", "message": "API Response Completed: 200", "request_id": "27fd983b-f65d-470c-819c-e7e86fc27329", "user_id": null, "api_id": "rooms-create_reservation", "duration_ms": 29.77, "correlation_id": "27fd983b-f65d-470c-819c-e7e86fc27329"}
{"timestamp": "2026-06-04 11:22:58,990", "level": "INFO", "logger_name": "django.server", "message": "\"POST /api/rooms/reserve/ HTTP/1.1\" 200 116"}
{"timestamp": "2026-06-04 11:23:10,076", "level": "INFO", "logger_name": "core.api", "message": "API Request Started: POST /api/rooms/recommend/", "request_id": "922eb67e-ef68-4a9b-8013-ae4e9fc7595a", "user_id": null, "api_id": "rooms-recommend_study_rooms", "correlation_id": "922eb67e-ef68-4a9b-8013-ae4e9fc7595a"}
{"timestamp": "2026-06-04 11:23:10,080", "level": "INFO", "logger_name": "core.api", "message": "API Response Completed: 200", "request_id": "922eb67e-ef68-4a9b-8013-ae4e9fc7595a", "user_id": null, "api_id": "rooms-recommend_study_rooms", "duration_ms": 4.24, "correlation_id": "922eb67e-ef68-4a9b-8013-ae4e9fc7595a"}
{"timestamp": "2026-06-04 11:23:10,081", "level": "INFO", "logger_name": "django.server", "message": "\"POST /api/rooms/recommend/ HTTP/1.1\" 200 2089"}
{"timestamp": "2026-06-04 11:23:13,619", "level": "INFO", "logger_name": "core.api", "message": "API Request Started: POST /api/rooms/reserve/", "request_id": "04bc337d-c060-42bd-b900-dcdb57b23b7a", "user_id": null, "api_id": "rooms-create_reservation", "correlation_id": "04bc337d-c060-42bd-b900-dcdb57b23b7a"}
{"timestamp": "2026-06-04 11:23:13,631", "level": "INFO", "logger_name": "core.api", "message": "API Response Completed: 200", "request_id": "04bc337d-c060-42bd-b900-dcdb57b23b7a", "user_id": null, "api_id": "rooms-create_reservation", "duration_ms": 12.64, "correlation_id": "04bc337d-c060-42bd-b900-dcdb57b23b7a"}
{"timestamp": "2026-06-04 11:23:13,632", "level": "INFO", "logger_name": "django.server", "message": "\"POST /api/rooms/reserve/ HTTP/1.1\" 200 116"}
{"timestamp": "2026-06-04 11:23:31,272", "level": "INFO", "logger_name": "core.api", "message": "API Request Started: POST /api/rooms/recommend/", "request_id": "fb24fa5f-d6ea-4fb7-8025-b96ab3d27513", "user_id": null, "api_id": "rooms-recommend_study_rooms", "correlation_id": "fb24fa5f-d6ea-4fb7-8025-b96ab3d27513"}
{"timestamp": "2026-06-04 11:23:31,277", "level": "INFO", "logger_name": "core.api", "message": "API Response Completed: 200", "request_id": "fb24fa5f-d6ea-4fb7-8025-b96ab3d27513", "user_id": null, "api_id": "rooms-recommend_study_rooms", "duration_ms": 5.04, "correlation_id": "fb24fa5f-d6ea-4fb7-8025-b96ab3d27513"}
{"timestamp": "2026-06-04 11:23:31,278", "level": "INFO", "logger_name": "django.server", "message": "\"POST /api/rooms/recommend/ HTTP/1.1\" 200 2251"}
{"timestamp": "2026-06-04 11:23:35,823", "level": "INFO", "logger_name": "core.api", "message": "API Request Started: POST /api/rooms/reserve/", "request_id": "5c6d994d-f3e7-49d4-a4d6-63edc3d31788", "user_id": null, "api_id": "rooms-create_reservation", "correlation_id": "5c6d994d-f3e7-49d4-a4d6-63edc3d31788"}
{"timestamp": "2026-06-04 11:23:35,846", "level": "INFO", "logger_name": "core.api", "message": "API Response Completed: 200", "request_id": "5c6d994d-f3e7-49d4-a4d6-63edc3d31788", "user_id": null, "api_id": "rooms-create_reservation", "duration_ms": 23.27, "correlation_id": "5c6d994d-f3e7-49d4-a4d6-63edc3d31788"}
{"timestamp": "2026-06-04 11:23:35,847", "level": "INFO", "logger_name": "django.server", "message": "\"POST /api/rooms/reserve/ HTTP/1.1\" 200 116"}
{"timestamp": "2026-06-04 11:24:03,388", "level": "INFO", "logger_name": "core.api", "message": "API Request Started: GET /api/students/me/lost-items", "request_id": "b16f967c-abd5-464d-bd1f-d3c6ff30863c", "user_id": null, "api_id": "losts-get_my_lost_items", "correlation_id": "b16f967c-abd5-464d-bd1f-d3c6ff30863c"}
{"timestamp": "2026-06-04 11:24:03,389", "level": "INFO", "logger_name": "core.api", "message": "API Request Started: POST /api/lost-items/search/", "request_id": "c07b93de-1840-4a80-86c5-ebbf19e20709", "user_id": null, "api_id": "losts-search_lost_items", "correlation_id": "c07b93de-1840-4a80-86c5-ebbf19e20709"}
{"timestamp": "2026-06-04 11:24:03,392", "level": "INFO", "logger_name": "core.api", "message": "API Response Completed: 200", "request_id": "b16f967c-abd5-464d-bd1f-d3c6ff30863c", "user_id": null, "api_id": "losts-get_my_lost_items", "duration_ms": 5.02, "correlation_id": "b16f967c-abd5-464d-bd1f-d3c6ff30863c"}
{"timestamp": "2026-06-04 11:24:03,394", "level": "INFO", "logger_name": "django.server", "message": "\"GET /api/students/me/lost-items?page=1&limit=10 HTTP/1.1\" 200 555"}
{"timestamp": "2026-06-04 11:24:03,394", "level": "INFO", "logger_name": "core.api", "message": "API Response Completed: 200", "request_id": "c07b93de-1840-4a80-86c5-ebbf19e20709", "user_id": null, "api_id": "losts-search_lost_items", "duration_ms": 5.38, "correlation_id": "c07b93de-1840-4a80-86c5-ebbf19e20709"}
{"timestamp": "2026-06-04 11:24:03,395", "level": "INFO", "logger_name": "django.server", "message": "\"POST /api/lost-items/search/ HTTP/1.1\" 200 5063"}
{"timestamp": "2026-06-04 11:24:04,410", "level": "INFO", "logger_name": "core.api", "message": "API Request Started: GET /media/lost_items/scaled_4ca47cdc-4b82-4c1c-8826-559cafd90b9d5910030148497508455.jpg", "request_id": "900632cb-fec4-464b-9b2b-c92c1e92ad01", "user_id": null, "api_id": "static-serve", "correlation_id": "900632cb-fec4-464b-9b2b-c92c1e92ad01"}
{"timestamp": "2026-06-04 11:24:04,411", "level": "INFO", "logger_name": "core.api", "message": "API Response Completed: 200", "request_id": "900632cb-fec4-464b-9b2b-c92c1e92ad01", "user_id": null, "api_id": "static-serve", "duration_ms": 1.33, "correlation_id": "900632cb-fec4-464b-9b2b-c92c1e92ad01"}
{"timestamp": "2026-06-04 11:24:04,412", "level": "INFO", "logger_name": "django.server", "message": "\"GET /media/lost_items/scaled_4ca47cdc-4b82-4c1c-8826-559cafd90b9d5910030148497508455.jpg HTTP/1.1\" 200 28533"}
{"timestamp": "2026-06-04 11:25:27,302", "level": "INFO", "logger_name": "core.api", "message": "API Request Started: POST /api/lost-items", "request_id": "ffcedca6-00fa-4819-ac93-02b37b9ce288", "user_id": null, "api_id": "losts-handle_lost_items", "correlation_id": "ffcedca6-00fa-4819-ac93-02b37b9ce288"}
{"timestamp": "2026-06-04 11:25:27,385", "level": "INFO", "logger_name": "core.api", "message": "API Response Completed: 201", "request_id": "ffcedca6-00fa-4819-ac93-02b37b9ce288", "user_id": null, "api_id": "losts-handle_lost_items", "duration_ms": 124.42, "correlation_id": "ffcedca6-00fa-4819-ac93-02b37b9ce288"}
{"timestamp": "2026-06-04 11:25:27,386", "level": "INFO", "logger_name": "django.server", "message": "\"POST /api/lost-items HTTP/1.1\" 201 457"}
{"timestamp": "2026-06-04 11:25:28,282", "level": "INFO", "logger_name": "core.api", "message": "API Request Started: POST /api/lost-items/search/", "request_id": "832b51b4-52f7-4157-be69-f633c1d37d07", "user_id": null, "api_id": "losts-search_lost_items", "correlation_id": "832b51b4-52f7-4157-be69-f633c1d37d07"}
{"timestamp": "2026-06-04 11:25:28,290", "level": "INFO", "logger_name": "core.api", "message": "API Response Completed: 200", "request_id": "832b51b4-52f7-4157-be69-f633c1d37d07", "user_id": null, "api_id": "losts-search_lost_items", "duration_ms": 7.84, "correlation_id": "832b51b4-52f7-4157-be69-f633c1d37d07"}
{"timestamp": "2026-06-04 11:25:28,291", "level": "INFO", "logger_name": "django.server", "message": "\"POST /api/lost-items/search/ HTTP/1.1\" 200 5416"}
{"timestamp": "2026-06-04 11:25:29,299", "level": "INFO", "logger_name": "core.api", "message": "API Request Started: GET /media/lost_items/scaled_4ca47cdc-4b82-4c1c-8826-559cafd90b9d5910030148497508455.jpg", "request_id": "82cabc96-b43d-403a-9cfd-62ca20fe4a04", "user_id": null, "api_id": "static-serve", "correlation_id": "82cabc96-b43d-403a-9cfd-62ca20fe4a04"}
{"timestamp": "2026-06-04 11:25:29,300", "level": "INFO", "logger_name": "core.api", "message": "API Request Started: GET /media/lost_items/scaled_65670534-70e0-46c3-a5b8-2fed5d3c93ac8539370662218518734.jpg", "request_id": "77ea38b2-d83e-426e-9442-132711e07dbd", "user_id": null, "api_id": "static-serve", "correlation_id": "77ea38b2-d83e-426e-9442-132711e07dbd"}
{"timestamp": "2026-06-04 11:25:29,300", "level": "INFO", "logger_name": "core.api", "message": "API Response Completed: 200", "request_id": "82cabc96-b43d-403a-9cfd-62ca20fe4a04", "user_id": null, "api_id": "static-serve", "duration_ms": 1.68, "correlation_id": "82cabc96-b43d-403a-9cfd-62ca20fe4a04"}
{"timestamp": "2026-06-04 11:25:29,302", "level": "INFO", "logger_name": "core.api", "message": "API Response Completed: 200", "request_id": "77ea38b2-d83e-426e-9442-132711e07dbd", "user_id": null, "api_id": "static-serve", "duration_ms": 1.57, "correlation_id": "77ea38b2-d83e-426e-9442-132711e07dbd"}
{"timestamp": "2026-06-04 11:25:29,302", "level": "INFO", "logger_name": "django.server", "message": "\"GET /media/lost_items/scaled_4ca47cdc-4b82-4c1c-8826-559cafd90b9d5910030148497508455.jpg HTTP/1.1\" 200 28533"}
{"timestamp": "2026-06-04 11:25:29,304", "level": "INFO", "logger_name": "django.server", "message": "\"GET /media/lost_items/scaled_65670534-70e0-46c3-a5b8-2fed5d3c93ac8539370662218518734.jpg HTTP/1.1\" 200 96119"}
{"timestamp": "2026-06-04 11:25:31,966", "level": "INFO", "logger_name": "core.api", "message": "API Request Started: GET /api/lost-items/14/comments/", "request_id": "cf00dcaf-31b3-4613-ad3a-bfb678cea86c", "user_id": null, "api_id": "comments-handle_comments", "correlation_id": "cf00dcaf-31b3-4613-ad3a-bfb678cea86c"}
{"timestamp": "2026-06-04 11:25:31,970", "level": "INFO", "logger_name": "core.api", "message": "API Response Completed: 200", "request_id": "cf00dcaf-31b3-4613-ad3a-bfb678cea86c", "user_id": null, "api_id": "comments-handle_comments", "duration_ms": 4.45, "correlation_id": "cf00dcaf-31b3-4613-ad3a-bfb678cea86c"}
{"timestamp": "2026-06-04 11:25:31,971", "level": "INFO", "logger_name": "django.server", "message": "\"GET /api/lost-items/14/comments/ HTTP/1.1\" 200 33"}
{"timestamp": "2026-06-04 11:25:38,035", "level": "INFO", "logger_name": "core.api", "message": "API Request Started: POST /api/lost-items/14/comments/", "request_id": "6587cf19-f6e0-4cac-9349-e7a1f18d1464", "user_id": null, "api_id": "comments-handle_comments", "correlation_id": "6587cf19-f6e0-4cac-9349-e7a1f18d1464"}
{"timestamp": "2026-06-04 11:25:38,059", "level": "INFO", "logger_name": "core.api", "message": "API Response Completed: 201", "request_id": "6587cf19-f6e0-4cac-9349-e7a1f18d1464", "user_id": null, "api_id": "comments-handle_comments", "duration_ms": 24.78, "correlation_id": "6587cf19-f6e0-4cac-9349-e7a1f18d1464"}
{"timestamp": "2026-06-04 11:25:38,061", "level": "INFO", "logger_name": "django.server", "message": "\"POST /api/lost-items/14/comments/ HTTP/1.1\" 201 222"}
{"timestamp": "2026-06-04 11:25:42,181", "level": "INFO", "logger_name": "core.api", "message": "API Request Started: POST /api/lost-items/14/claim/", "request_id": "719fa616-ac04-4803-a482-965e7461fd2e", "user_id": null, "api_id": "losts-claim_lost_item", "correlation_id": "719fa616-ac04-4803-a482-965e7461fd2e"}
{"timestamp": "2026-06-04 11:25:42,205", "level": "INFO", "logger_name": "core.api", "message": "API Response Completed: 200", "request_id": "719fa616-ac04-4803-a482-965e7461fd2e", "user_id": null, "api_id": "losts-claim_lost_item", "duration_ms": 24.25, "correlation_id": "719fa616-ac04-4803-a482-965e7461fd2e"}
{"timestamp": "2026-06-04 11:25:42,206", "level": "INFO", "logger_name": "django.server", "message": "\"POST /api/lost-items/14/claim/ HTTP/1.1\" 200 111"}
{"timestamp": "2026-06-04 11:25:46,569", "level": "INFO", "logger_name": "core.api", "message": "API Request Started: GET /api/lost-items/13/comments/", "request_id": "8e74c8be-a28c-4164-8944-17a5ec413c05", "user_id": null, "api_id": "comments-handle_comments", "correlation_id": "8e74c8be-a28c-4164-8944-17a5ec413c05"}
{"timestamp": "2026-06-04 11:25:46,576", "level": "INFO", "logger_name": "core.api", "message": "API Response Completed: 200", "request_id": "8e74c8be-a28c-4164-8944-17a5ec413c05", "user_id": null, "api_id": "comments-handle_comments", "duration_ms": 7.82, "correlation_id": "8e74c8be-a28c-4164-8944-17a5ec413c05"}
{"timestamp": "2026-06-04 11:25:46,577", "level": "INFO", "logger_name": "django.server", "message": "\"GET /api/lost-items/13/comments/ HTTP/1.1\" 200 235"}
{"timestamp": "2026-06-04 11:25:51,620", "level": "INFO", "logger_name": "core.api", "message": "API Request Started: POST /api/lost-items/search/", "request_id": "596b342d-ce2e-4f17-ab3c-25bf430c7229", "user_id": null, "api_id": "losts-search_lost_items", "correlation_id": "596b342d-ce2e-4f17-ab3c-25bf430c7229"}
{"timestamp": "2026-06-04 11:25:51,627", "level": "INFO", "logger_name": "core.api", "message": "API Response Completed: 200", "request_id": "596b342d-ce2e-4f17-ab3c-25bf430c7229", "user_id": null, "api_id": "losts-search_lost_items", "duration_ms": 7.73, "correlation_id": "596b342d-ce2e-4f17-ab3c-25bf430c7229"}
{"timestamp": "2026-06-04 11:25:51,629", "level": "INFO", "logger_name": "django.server", "message": "\"POST /api/lost-items/search/ HTTP/1.1\" 200 5415"}
{"timestamp": "2026-06-04 11:26:16,399", "level": "INFO", "logger_name": "core.api", "message": "API Request Started: POST /api/lost-items/search/", "request_id": "dcf3bbd9-dae5-4cde-bad0-e57dad97ac4d", "user_id": null, "api_id": "losts-search_lost_items", "correlation_id": "dcf3bbd9-dae5-4cde-bad0-e57dad97ac4d"}
{"timestamp": "2026-06-04 11:26:16,411", "level": "INFO", "logger_name": "core.api", "message": "API Response Completed: 200", "request_id": "dcf3bbd9-dae5-4cde-bad0-e57dad97ac4d", "user_id": null, "api_id": "losts-search_lost_items", "duration_ms": 11.87, "correlation_id": "dcf3bbd9-dae5-4cde-bad0-e57dad97ac4d"}
{"timestamp": "2026-06-04 11:26:16,412", "level": "INFO", "logger_name": "django.server", "message": "\"POST /api/lost-items/search/ HTTP/1.1\" 200 1274"}
{"timestamp": "2026-06-04 11:26:20,219", "level": "INFO", "logger_name": "core.api", "message": "API Request Started: POST /api/lost-items/search/", "request_id": "6da0b2e8-a2e1-4271-b6bd-7f4608adf362", "user_id": null, "api_id": "losts-search_lost_items", "correlation_id": "6da0b2e8-a2e1-4271-b6bd-7f4608adf362"}
{"timestamp": "2026-06-04 11:26:20,226", "level": "INFO", "logger_name": "core.api", "message": "API Response Completed: 200", "request_id": "6da0b2e8-a2e1-4271-b6bd-7f4608adf362", "user_id": null, "api_id": "losts-search_lost_items", "duration_ms": 7.16, "correlation_id": "6da0b2e8-a2e1-4271-b6bd-7f4608adf362"}
{"timestamp": "2026-06-04 11:26:20,228", "level": "INFO", "logger_name": "django.server", "message": "\"POST /api/lost-items/search/ HTTP/1.1\" 200 5415"}
{"timestamp": "2026-06-04 11:26:20,828", "level": "INFO", "logger_name": "core.api", "message": "API Request Started: POST /api/lost-items/search/", "request_id": "58e5ae05-3a17-430c-aed6-10db26330787", "user_id": null, "api_id": "losts-search_lost_items", "correlation_id": "58e5ae05-3a17-430c-aed6-10db26330787"}
{"timestamp": "2026-06-04 11:26:20,837", "level": "INFO", "logger_name": "core.api", "message": "API Response Completed: 200", "request_id": "58e5ae05-3a17-430c-aed6-10db26330787", "user_id": null, "api_id": "losts-search_lost_items", "duration_ms": 11.47, "correlation_id": "58e5ae05-3a17-430c-aed6-10db26330787"}
{"timestamp": "2026-06-04 11:26:20,838", "level": "INFO", "logger_name": "django.server", "message": "\"POST /api/lost-items/search/ HTTP/1.1\" 200 703"}
{"timestamp": "2026-06-04 11:26:21,110", "level": "INFO", "logger_name": "core.api", "message": "API Request Started: POST /api/lost-items/search/", "request_id": "bb5548b9-dd47-4b27-ad07-a506d150289c", "user_id": null, "api_id": "losts-search_lost_items", "correlation_id": "bb5548b9-dd47-4b27-ad07-a506d150289c"}
{"timestamp": "2026-06-04 11:26:21,118", "level": "INFO", "logger_name": "core.api", "message": "API Response Completed: 200", "request_id": "bb5548b9-dd47-4b27-ad07-a506d150289c", "user_id": null, "api_id": "losts-search_lost_items", "duration_ms": 9.36, "correlation_id": "bb5548b9-dd47-4b27-ad07-a506d150289c"}
{"timestamp": "2026-06-04 11:26:21,119", "level": "INFO", "logger_name": "django.server", "message": "\"POST /api/lost-items/search/ HTTP/1.1\" 200 702"}
{"timestamp": "2026-06-04 11:26:24,842", "level": "INFO", "logger_name": "core.api", "message": "API Request Started: POST /api/lost-items/search/", "request_id": "eedeadb2-a49e-4d27-b6bb-ffe0f4fe182b", "user_id": null, "api_id": "losts-search_lost_items", "correlation_id": "eedeadb2-a49e-4d27-b6bb-ffe0f4fe182b"}
{"timestamp": "2026-06-04 11:26:24,847", "level": "INFO", "logger_name": "core.api", "message": "API Response Completed: 200", "request_id": "eedeadb2-a49e-4d27-b6bb-ffe0f4fe182b", "user_id": null, "api_id": "losts-search_lost_items", "duration_ms": 6.54, "correlation_id": "eedeadb2-a49e-4d27-b6bb-ffe0f4fe182b"}
{"timestamp": "2026-06-04 11:26:24,848", "level": "INFO", "logger_name": "django.server", "message": "\"POST /api/lost-items/search/ HTTP/1.1\" 200 702"}
{"timestamp": "2026-06-04 11:26:26,889", "level": "INFO", "logger_name": "core.api", "message": "API Request Started: POST /api/lost-items/search/", "request_id": "1526162d-7a8f-4345-909f-40587161684a", "user_id": null, "api_id": "losts-search_lost_items", "correlation_id": "1526162d-7a8f-4345-909f-40587161684a"}
{"timestamp": "2026-06-04 11:26:26,894", "level": "INFO", "logger_name": "core.api", "message": "API Response Completed: 200", "request_id": "1526162d-7a8f-4345-909f-40587161684a", "user_id": null, "api_id": "losts-search_lost_items", "duration_ms": 16.59, "correlation_id": "1526162d-7a8f-4345-909f-40587161684a"}
{"timestamp": "2026-06-04 11:26:26,896", "level": "INFO", "logger_name": "django.server", "message": "\"POST /api/lost-items/search/ HTTP/1.1\" 200 5415"}
{"timestamp": "2026-06-04 11:26:27,387", "level": "INFO", "logger_name": "core.api", "message": "API Request Started: POST /api/lost-items/search/", "request_id": "e7340b8b-840e-4b87-8ab2-b2af4f45b6bc", "user_id": null, "api_id": "losts-search_lost_items", "correlation_id": "e7340b8b-840e-4b87-8ab2-b2af4f45b6bc"}
{"timestamp": "2026-06-04 11:26:27,392", "level": "INFO", "logger_name": "core.api", "message": "API Response Completed: 200", "request_id": "e7340b8b-840e-4b87-8ab2-b2af4f45b6bc", "user_id": null, "api_id": "losts-search_lost_items", "duration_ms": 6.03, "correlation_id": "e7340b8b-840e-4b87-8ab2-b2af4f45b6bc"}
{"timestamp": "2026-06-04 11:26:27,393", "level": "INFO", "logger_name": "django.server", "message": "\"POST /api/lost-items/search/ HTTP/1.1\" 200 285"}
{"timestamp": "2026-06-04 11:26:28,453", "level": "INFO", "logger_name": "core.api", "message": "API Request Started: POST /api/lost-items/search/", "request_id": "052b27ab-e4cc-4cb1-8adb-6c23c2317813", "user_id": null, "api_id": "losts-search_lost_items", "correlation_id": "052b27ab-e4cc-4cb1-8adb-6c23c2317813"}
{"timestamp": "2026-06-04 11:26:28,458", "level": "INFO", "logger_name": "core.api", "message": "API Response Completed: 200", "request_id": "052b27ab-e4cc-4cb1-8adb-6c23c2317813", "user_id": null, "api_id": "losts-search_lost_items", "duration_ms": 4.94, "correlation_id": "052b27ab-e4cc-4cb1-8adb-6c23c2317813"}
{"timestamp": "2026-06-04 11:26:28,459", "level": "INFO", "logger_name": "django.server", "message": "\"POST /api/lost-items/search/ HTTP/1.1\" 200 702"}
{"timestamp": "2026-06-04 11:26:30,983", "level": "INFO", "logger_name": "core.api", "message": "API Request Started: POST /api/lost-items/search/", "request_id": "252ce23e-2462-492d-b620-47cb7a5633f3", "user_id": null, "api_id": "losts-search_lost_items", "correlation_id": "252ce23e-2462-492d-b620-47cb7a5633f3"}
{"timestamp": "2026-06-04 11:26:30,987", "level": "INFO", "logger_name": "core.api", "message": "API Response Completed: 200", "request_id": "252ce23e-2462-492d-b620-47cb7a5633f3", "user_id": null, "api_id": "losts-search_lost_items", "duration_ms": 4.87, "correlation_id": "252ce23e-2462-492d-b620-47cb7a5633f3"}
{"timestamp": "2026-06-04 11:26:30,988", "level": "INFO", "logger_name": "django.server", "message": "\"POST /api/lost-items/search/ HTTP/1.1\" 200 5415"}
{"timestamp": "2026-06-04 11:26:33,515", "level": "INFO", "logger_name": "core.api", "message": "API Request Started: POST /api/lost-items/search/", "request_id": "dc840bb4-d87e-41f1-95ed-79e0530dd5e2", "user_id": null, "api_id": "losts-search_lost_items", "correlation_id": "dc840bb4-d87e-41f1-95ed-79e0530dd5e2"}
{"timestamp": "2026-06-04 11:26:33,520", "level": "INFO", "logger_name": "core.api", "message": "API Response Completed: 200", "request_id": "dc840bb4-d87e-41f1-95ed-79e0530dd5e2", "user_id": null, "api_id": "losts-search_lost_items", "duration_ms": 4.65, "correlation_id": "dc840bb4-d87e-41f1-95ed-79e0530dd5e2"}
{"timestamp": "2026-06-04 11:26:33,520", "level": "INFO", "logger_name": "django.server", "message": "\"POST /api/lost-items/search/ HTTP/1.1\" 200 1024"}
{"timestamp": "2026-06-04 11:26:39,182", "level": "INFO", "logger_name": "core.api", "message": "API Request Started: POST /api/lost-items/search/", "request_id": "6532ae79-bfc9-44c2-a1a1-0c51f64d9446", "user_id": null, "api_id": "losts-search_lost_items", "correlation_id": "6532ae79-bfc9-44c2-a1a1-0c51f64d9446"}
{"timestamp": "2026-06-04 11:26:39,187", "level": "INFO", "logger_name": "core.api", "message": "API Response Completed: 200", "request_id": "6532ae79-bfc9-44c2-a1a1-0c51f64d9446", "user_id": null, "api_id": "losts-search_lost_items", "duration_ms": 5.71, "correlation_id": "6532ae79-bfc9-44c2-a1a1-0c51f64d9446"}
{"timestamp": "2026-06-04 11:26:39,189", "level": "INFO", "logger_name": "django.server", "message": "\"POST /api/lost-items/search/ HTTP/1.1\" 200 5415"}
{"timestamp": "2026-06-04 11:26:40,192", "level": "INFO", "logger_name": "core.api", "message": "API Request Started: POST /api/lost-items/search/", "request_id": "7c4e8219-7fef-429e-8b7b-8bcefa655420", "user_id": null, "api_id": "losts-search_lost_items", "correlation_id": "7c4e8219-7fef-429e-8b7b-8bcefa655420"}
{"timestamp": "2026-06-04 11:26:40,197", "level": "INFO", "logger_name": "core.api", "message": "API Response Completed: 200", "request_id": "7c4e8219-7fef-429e-8b7b-8bcefa655420", "user_id": null, "api_id": "losts-search_lost_items", "duration_ms": 4.59, "correlation_id": "7c4e8219-7fef-429e-8b7b-8bcefa655420"}
{"timestamp": "2026-06-04 11:26:40,197", "level": "INFO", "logger_name": "django.server", "message": "\"POST /api/lost-items/search/ HTTP/1.1\" 200 1024"}
{"timestamp": "2026-06-04 11:26:48,872", "level": "INFO", "logger_name": "core.api", "message": "API Request Started: GET /api/scholarships/", "request_id": "eebfa4d8-d956-4a59-8169-957dbc0902e0", "user_id": null, "api_id": "scholarships-get_scholarships", "correlation_id": "eebfa4d8-d956-4a59-8169-957dbc0902e0"}
{"timestamp": "2026-06-04 11:26:48,879", "level": "INFO", "logger_name": "core.api", "message": "API Response Completed: 200", "request_id": "eebfa4d8-d956-4a59-8169-957dbc0902e0", "user_id": null, "api_id": "scholarships-get_scholarships", "duration_ms": 7.32, "correlation_id": "eebfa4d8-d956-4a59-8169-957dbc0902e0"}
{"timestamp": "2026-06-04 11:26:48,881", "level": "INFO", "logger_name": "django.server", "message": "\"GET /api/scholarships/?page=1&limit=20&gpa=4.0&income_bracket=5&awarded_last_semester=false HTTP/1.1\" 200 6259"}
{"timestamp": "2026-06-04 11:27:22,491", "level": "INFO", "logger_name": "core.api", "message": "API Request Started: GET /api/scholarships/", "request_id": "ce49a491-a60c-441b-81e4-7ea9bdda3e29", "user_id": null, "api_id": "scholarships-get_scholarships", "correlation_id": "ce49a491-a60c-441b-81e4-7ea9bdda3e29"}
{"timestamp": "2026-06-04 11:27:22,497", "level": "INFO", "logger_name": "core.api", "message": "API Response Completed: 200", "request_id": "ce49a491-a60c-441b-81e4-7ea9bdda3e29", "user_id": null, "api_id": "scholarships-get_scholarships", "duration_ms": 6.66, "correlation_id": "ce49a491-a60c-441b-81e4-7ea9bdda3e29"}
{"timestamp": "2026-06-04 11:27:22,499", "level": "INFO", "logger_name": "django.server", "message": "\"GET /api/scholarships/?page=1&limit=20&gpa=4.5&income_bracket=10&awarded_last_semester=true HTTP/1.1\" 200 6262"}
{"timestamp": "2026-06-04 11:31:16,369", "level": "INFO", "logger_name": "core.api", "message": "API Request Started: GET /api/scholarships/", "request_id": "ef303b68-04fe-46e0-a2a5-71610e87b79d", "user_id": null, "api_id": "scholarships-get_scholarships", "correlation_id": "ef303b68-04fe-46e0-a2a5-71610e87b79d"}
{"timestamp": "2026-06-04 11:31:16,373", "level": "INFO", "logger_name": "core.api", "message": "API Response Completed: 200", "request_id": "ef303b68-04fe-46e0-a2a5-71610e87b79d", "user_id": null, "api_id": "scholarships-get_scholarships", "duration_ms": 3.79, "correlation_id": "ef303b68-04fe-46e0-a2a5-71610e87b79d"}
{"timestamp": "2026-06-04 11:31:16,374", "level": "INFO", "logger_name": "django.server", "message": "\"GET /api/scholarships/?page=1&limit=20&gpa=4.1&income_bracket=10&awarded_last_semester=true HTTP/1.1\" 200 6262"}
{"timestamp": "2026-06-04 11:34:32,313", "level": "INFO", "logger_name": "core.api", "message": "API Request Started: GET /api/scholarships/", "request_id": "8229100b-bfc8-4ecd-8d55-e1e9bea1a2a4", "user_id": null, "api_id": "scholarships-get_scholarships", "correlation_id": "8229100b-bfc8-4ecd-8d55-e1e9bea1a2a4"}
{"timestamp": "2026-06-04 11:34:32,317", "level": "INFO", "logger_name": "core.api", "message": "API Response Completed: 200", "request_id": "8229100b-bfc8-4ecd-8d55-e1e9bea1a2a4", "user_id": null, "api_id": "scholarships-get_scholarships", "duration_ms": 3.92, "correlation_id": "8229100b-bfc8-4ecd-8d55-e1e9bea1a2a4"}
{"timestamp": "2026-06-04 11:34:32,317", "level": "INFO", "logger_name": "django.server", "message": "\"GET /api/scholarships/?page=1&limit=20&gpa=4.1&income_bracket=1&awarded_last_semester=true HTTP/1.1\" 200 6254"}
{"timestamp": "2026-06-04 11:39:43,956", "level": "INFO", "logger_name": "django.utils.autoreload", "message": "D:\\project\\AlphaKit\\back-end\\core\\api\\scholarships.py changed, reloading."}
{"timestamp": "2026-06-04 11:39:47,701", "level": "INFO", "logger_name": "django.utils.autoreload", "message": "Watching for file changes with StatReloader"}
{"timestamp": "2026-06-04 11:41:37,483", "level": "INFO", "logger_name": "core.api", "message": "API Request Started: GET /api/students/info", "request_id": "bc7103a2-05e8-4001-a377-f8c5dc479ad5", "user_id": null, "api_id": "auth-view", "correlation_id": "bc7103a2-05e8-4001-a377-f8c5dc479ad5"}
{"timestamp": "2026-06-04 11:41:37,483", "level": "INFO", "logger_name": "core.api.auth", "message": "=== [API CALL] GET /students/info ==="}
{"timestamp": "2026-06-04 11:41:37,494", "level": "INFO", "logger_name": "core.api", "message": "API Response Completed: 200", "request_id": "bc7103a2-05e8-4001-a377-f8c5dc479ad5", "user_id": null, "api_id": "auth-view", "duration_ms": 11.1, "correlation_id": "bc7103a2-05e8-4001-a377-f8c5dc479ad5"}
{"timestamp": "2026-06-04 11:41:37,496", "level": "INFO", "logger_name": "django.server", "message": "\"GET /api/students/info HTTP/1.1\" 200 256"}
{"timestamp": "2026-06-04 11:41:37,945", "level": "INFO", "logger_name": "core.api", "message": "API Request Started: GET /api/students/info", "request_id": "522a8686-23cf-4892-b2a4-e890f1b49874", "user_id": null, "api_id": "auth-view", "correlation_id": "522a8686-23cf-4892-b2a4-e890f1b49874"}
{"timestamp": "2026-06-04 11:41:37,946", "level": "INFO", "logger_name": "core.api.auth", "message": "=== [API CALL] GET /students/info ==="}
{"timestamp": "2026-06-04 11:41:37,947", "level": "INFO", "logger_name": "core.api", "message": "API Response Completed: 200", "request_id": "522a8686-23cf-4892-b2a4-e890f1b49874", "user_id": null, "api_id": "auth-view", "duration_ms": 2.1, "correlation_id": "522a8686-23cf-4892-b2a4-e890f1b49874"}
{"timestamp": "2026-06-04 11:41:37,948", "level": "INFO", "logger_name": "django.server", "message": "\"GET /api/students/info HTTP/1.1\" 200 256"}
{"timestamp": "2026-06-04 11:41:38,467", "level": "INFO", "logger_name": "core.api", "message": "API Request Started: GET /api/topics/active/", "request_id": "4f139247-68ca-42af-b7d1-9bc23e10bc7d", "user_id": null, "api_id": "topic_api-get_active_topic", "correlation_id": "4f139247-68ca-42af-b7d1-9bc23e10bc7d"}
{"timestamp": "2026-06-04 11:41:38,470", "level": "INFO", "logger_name": "core.api", "message": "API Response Completed: 200", "request_id": "4f139247-68ca-42af-b7d1-9bc23e10bc7d", "user_id": null, "api_id": "topic_api-get_active_topic", "duration_ms": 3.4, "correlation_id": "4f139247-68ca-42af-b7d1-9bc23e10bc7d"}
{"timestamp": "2026-06-04 11:41:38,470", "level": "INFO", "logger_name": "django.server", "message": "\"GET /api/topics/active/ HTTP/1.1\" 200 305"}
{"timestamp": "2026-06-04 11:41:39,486", "level": "INFO", "logger_name": "core.api", "message": "API Request Started: GET /api/topics/5/vote/stat/", "request_id": "4045d5ec-561c-4c24-905e-ba9ec1f29cb0", "user_id": null, "api_id": "topic_api-get_vote_stat", "correlation_id": "4045d5ec-561c-4c24-905e-ba9ec1f29cb0"}
{"timestamp": "2026-06-04 11:41:39,490", "level": "INFO", "logger_name": "core.api", "message": "API Response Completed: 200", "request_id": "4045d5ec-561c-4c24-905e-ba9ec1f29cb0", "user_id": null, "api_id": "topic_api-get_vote_stat", "duration_ms": 3.33, "correlation_id": "4045d5ec-561c-4c24-905e-ba9ec1f29cb0"}
{"timestamp": "2026-06-04 11:41:39,490", "level": "INFO", "logger_name": "django.server", "message": "\"GET /api/topics/5/vote/stat/ HTTP/1.1\" 200 97"}
{"timestamp": "2026-06-04 11:41:49,125", "level": "INFO", "logger_name": "core.api", "message": "API Request Started: GET /api/scholarships/", "request_id": "a5e4022d-9563-4bb3-aa23-fbc7c8a409f2", "user_id": null, "api_id": "scholarships-get_scholarships", "correlation_id": "a5e4022d-9563-4bb3-aa23-fbc7c8a409f2"}
{"timestamp": "2026-06-04 11:41:49,128", "level": "INFO", "logger_name": "core.api", "message": "API Response Completed: 200", "request_id": "a5e4022d-9563-4bb3-aa23-fbc7c8a409f2", "user_id": null, "api_id": "scholarships-get_scholarships", "duration_ms": 3.14, "correlation_id": "a5e4022d-9563-4bb3-aa23-fbc7c8a409f2"}
{"timestamp": "2026-06-04 11:41:49,129", "level": "INFO", "logger_name": "django.server", "message": "\"GET /api/scholarships/?page=1&limit=20&gpa=4.0&income_bracket=5&awarded_last_semester=false HTTP/1.1\" 200 6274"}
{"timestamp": "2026-06-04 11:41:54,192", "level": "INFO", "logger_name": "core.api", "message": "API Request Started: GET /api/scholarships/", "request_id": "6d723ba6-bc2e-4d74-bd2d-87b0e99d6282", "user_id": null, "api_id": "scholarships-get_scholarships", "correlation_id": "6d723ba6-bc2e-4d74-bd2d-87b0e99d6282"}
{"timestamp": "2026-06-04 11:41:54,195", "level": "INFO", "logger_name": "core.api", "message": "API Response Completed: 200", "request_id": "6d723ba6-bc2e-4d74-bd2d-87b0e99d6282", "user_id": null, "api_id": "scholarships-get_scholarships", "duration_ms": 2.78, "correlation_id": "6d723ba6-bc2e-4d74-bd2d-87b0e99d6282"}
{"timestamp": "2026-06-04 11:41:54,195", "level": "INFO", "logger_name": "django.server", "message": "\"GET /api/scholarships/?page=1&limit=20&gpa=4.5&income_bracket=5&awarded_last_semester=false HTTP/1.1\" 200 6274"}
{"timestamp": "2026-06-04 11:41:59,792", "level": "INFO", "logger_name": "core.api", "message": "API Request Started: GET /api/scholarships/", "request_id": "11235937-3b66-477f-8815-4c478a6d0072", "user_id": null, "api_id": "scholarships-get_scholarships", "correlation_id": "11235937-3b66-477f-8815-4c478a6d0072"}
{"timestamp": "2026-06-04 11:41:59,796", "level": "INFO", "logger_name": "core.api", "message": "API Response Completed: 200", "request_id": "11235937-3b66-477f-8815-4c478a6d0072", "user_id": null, "api_id": "scholarships-get_scholarships", "duration_ms": 3.26, "correlation_id": "11235937-3b66-477f-8815-4c478a6d0072"}
{"timestamp": "2026-06-04 11:41:59,796", "level": "INFO", "logger_name": "django.server", "message": "\"GET /api/scholarships/?page=2&limit=20&gpa=4.5&income_bracket=5&awarded_last_semester=false HTTP/1.1\" 200 2295"}
{"timestamp": "2026-06-04 11:44:35,379", "level": "INFO", "logger_name": "core.api", "message": "API Request Started: GET /api/scholarships/", "request_id": "b316f11a-fd7c-406b-a3eb-32f70041b12e", "user_id": null, "api_id": "scholarships-get_scholarships", "correlation_id": "b316f11a-fd7c-406b-a3eb-32f70041b12e"}
{"timestamp": "2026-06-04 11:44:35,382", "level": "INFO", "logger_name": "core.api", "message": "API Response Completed: 200", "request_id": "b316f11a-fd7c-406b-a3eb-32f70041b12e", "user_id": null, "api_id": "scholarships-get_scholarships", "duration_ms": 3.01, "correlation_id": "b316f11a-fd7c-406b-a3eb-32f70041b12e"}
{"timestamp": "2026-06-04 11:44:35,383", "level": "INFO", "logger_name": "django.server", "message": "\"GET /api/scholarships/?page=1&limit=20&gpa=4.5&income_bracket=5&awarded_last_semester=false HTTP/1.1\" 200 6274"}
{"timestamp": "2026-06-04 11:44:37,910", "level": "INFO", "logger_name": "core.api", "message": "API Request Started: GET /api/scholarships/", "request_id": "98b81320-a3b1-464c-b4fb-2ce1eb910daa", "user_id": null, "api_id": "scholarships-get_scholarships", "correlation_id": "98b81320-a3b1-464c-b4fb-2ce1eb910daa"}
{"timestamp": "2026-06-04 11:44:37,914", "level": "INFO", "logger_name": "core.api", "message": "API Response Completed: 200", "request_id": "98b81320-a3b1-464c-b4fb-2ce1eb910daa", "user_id": null, "api_id": "scholarships-get_scholarships", "duration_ms": 3.39, "correlation_id": "98b81320-a3b1-464c-b4fb-2ce1eb910daa"}
{"timestamp": "2026-06-04 11:44:37,914", "level": "INFO", "logger_name": "django.server", "message": "\"GET /api/scholarships/?page=2&limit=20&gpa=4.5&income_bracket=5&awarded_last_semester=false HTTP/1.1\" 200 2295"}
{"timestamp": "2026-06-04 11:44:46,483", "level": "INFO", "logger_name": "core.api", "message": "API Request Started: GET /api/scholarships/", "request_id": "0819d402-4b3c-44d2-804f-b786250eec28", "user_id": null, "api_id": "scholarships-get_scholarships", "correlation_id": "0819d402-4b3c-44d2-804f-b786250eec28"}
{"timestamp": "2026-06-04 11:44:46,486", "level": "INFO", "logger_name": "core.api", "message": "API Response Completed: 200", "request_id": "0819d402-4b3c-44d2-804f-b786250eec28", "user_id": null, "api_id": "scholarships-get_scholarships", "duration_ms": 2.9, "correlation_id": "0819d402-4b3c-44d2-804f-b786250eec28"}
{"timestamp": "2026-06-04 11:44:46,487", "level": "INFO", "logger_name": "django.server", "message": "\"GET /api/scholarships/?page=1&limit=20&gpa=4.5&income_bracket=5&awarded_last_semester=false HTTP/1.1\" 200 6274"}
{"timestamp": "2026-06-04 11:44:48,505", "level": "INFO", "logger_name": "core.api", "message": "API Request Started: GET /api/scholarships/", "request_id": "d47372ea-37d5-460c-b622-3ae71984788a", "user_id": null, "api_id": "scholarships-get_scholarships", "correlation_id": "d47372ea-37d5-460c-b622-3ae71984788a"}
{"timestamp": "2026-06-04 11:44:48,508", "level": "INFO", "logger_name": "core.api", "message": "API Response Completed: 200", "request_id": "d47372ea-37d5-460c-b622-3ae71984788a", "user_id": null, "api_id": "scholarships-get_scholarships", "duration_ms": 3.65, "correlation_id": "d47372ea-37d5-460c-b622-3ae71984788a"}
{"timestamp": "2026-06-04 11:44:48,509", "level": "INFO", "logger_name": "django.server", "message": "\"GET /api/scholarships/?page=2&limit=20&gpa=4.5&income_bracket=5&awarded_last_semester=false HTTP/1.1\" 200 2295"}
{"timestamp": "2026-06-04 11:45:18,314", "level": "INFO", "logger_name": "core.api", "message": "API Request Started: GET /api/scholarships/", "request_id": "7317c7e3-f1bc-4a14-b6ec-ae164f17901c", "user_id": null, "api_id": "scholarships-get_scholarships", "correlation_id": "7317c7e3-f1bc-4a14-b6ec-ae164f17901c"}
{"timestamp": "2026-06-04 11:45:18,317", "level": "INFO", "logger_name": "core.api", "message": "API Response Completed: 200", "request_id": "7317c7e3-f1bc-4a14-b6ec-ae164f17901c", "user_id": null, "api_id": "scholarships-get_scholarships", "duration_ms": 3.04, "correlation_id": "7317c7e3-f1bc-4a14-b6ec-ae164f17901c"}
{"timestamp": "2026-06-04 11:45:18,318", "level": "INFO", "logger_name": "django.server", "message": "\"GET /api/scholarships/?page=1&limit=20&gpa=4.5&income_bracket=5&awarded_last_semester=false HTTP/1.1\" 200 6274"}
{"timestamp": "2026-06-04 11:45:42,598", "level": "INFO", "logger_name": "core.api", "message": "API Request Started: GET /api/scholarships/", "request_id": "2c97bb1c-963b-49ab-a261-d359ea4f8290", "user_id": null, "api_id": "scholarships-get_scholarships", "correlation_id": "2c97bb1c-963b-49ab-a261-d359ea4f8290"}
{"timestamp": "2026-06-04 11:45:42,604", "level": "INFO", "logger_name": "core.api", "message": "API Response Completed: 200", "request_id": "2c97bb1c-963b-49ab-a261-d359ea4f8290", "user_id": null, "api_id": "scholarships-get_scholarships", "duration_ms": 5.2, "correlation_id": "2c97bb1c-963b-49ab-a261-d359ea4f8290"}
{"timestamp": "2026-06-04 11:45:42,605", "level": "INFO", "logger_name": "django.server", "message": "\"GET /api/scholarships/?page=1&limit=20&gpa=4.0&income_bracket=3&awarded_last_semester=true HTTP/1.1\" 200 6265"}
{"timestamp": "2026-06-04 11:46:25,096", "level": "INFO", "logger_name": "core.api", "message": "API Request Started: GET /api/scholarships/", "request_id": "c7b31e58-bde7-4db3-8b45-e9aa18d30326", "user_id": null, "api_id": "scholarships-get_scholarships", "correlation_id": "c7b31e58-bde7-4db3-8b45-e9aa18d30326"}
{"timestamp": "2026-06-04 11:46:25,099", "level": "INFO", "logger_name": "core.api", "message": "API Response Completed: 200", "request_id": "c7b31e58-bde7-4db3-8b45-e9aa18d30326", "user_id": null, "api_id": "scholarships-get_scholarships", "duration_ms": 2.98, "correlation_id": "c7b31e58-bde7-4db3-8b45-e9aa18d30326"}
{"timestamp": "2026-06-04 11:46:25,099", "level": "INFO", "logger_name": "django.server", "message": "\"GET /api/scholarships/?page=1&limit=20&gpa=4.5&income_bracket=8&awarded_last_semester=false HTTP/1.1\" 200 6274"}
{"timestamp": "2026-06-04 11:46:48,882", "level": "INFO", "logger_name": "core.api", "message": "API Request Started: GET /api/topics/", "request_id": "96871e13-e525-442b-9ffe-e64b0bf7b04d", "user_id": null, "api_id": "topic_api-get_topic_list", "correlation_id": "96871e13-e525-442b-9ffe-e64b0bf7b04d"}
{"timestamp": "2026-06-04 11:46:48,888", "level": "INFO", "logger_name": "core.api", "message": "API Response Completed: 200", "request_id": "96871e13-e525-442b-9ffe-e64b0bf7b04d", "user_id": null, "api_id": "topic_api-get_topic_list", "duration_ms": 6.11, "correlation_id": "96871e13-e525-442b-9ffe-e64b0bf7b04d"}
{"timestamp": "2026-06-04 11:46:48,888", "level": "INFO", "logger_name": "django.server", "message": "\"GET /api/topics/ HTTP/1.1\" 200 1545"}
{"timestamp": "2026-06-04 11:50:34,409", "level": "INFO", "logger_name": "core.api", "message": "API Request Started: GET /api/topics/5/comments/list/", "request_id": "2fbda178-d31a-406e-9867-82d53ec0e0b6", "user_id": null, "api_id": "topic_api-get_topic_comments", "correlation_id": "2fbda178-d31a-406e-9867-82d53ec0e0b6"}
{"timestamp": "2026-06-04 11:50:34,410", "level": "INFO", "logger_name": "core.api", "message": "API Request Started: GET /api/topics/5/comments/list/", "request_id": "440fe989-4bed-4bf8-8785-c704bb27874e", "user_id": null, "api_id": "topic_api-get_topic_comments", "correlation_id": "440fe989-4bed-4bf8-8785-c704bb27874e"}
{"timestamp": "2026-06-04 11:50:34,428", "level": "INFO", "logger_name": "core.api", "message": "API Response Completed: 200", "request_id": "440fe989-4bed-4bf8-8785-c704bb27874e", "user_id": null, "api_id": "topic_api-get_topic_comments", "duration_ms": 18.14, "correlation_id": "440fe989-4bed-4bf8-8785-c704bb27874e"}
{"timestamp": "2026-06-04 11:50:34,428", "level": "INFO", "logger_name": "core.api", "message": "API Response Completed: 200", "request_id": "2fbda178-d31a-406e-9867-82d53ec0e0b6", "user_id": null, "api_id": "topic_api-get_topic_comments", "duration_ms": 20.1, "correlation_id": "2fbda178-d31a-406e-9867-82d53ec0e0b6"}
{"timestamp": "2026-06-04 11:50:34,429", "level": "INFO", "logger_name": "django.server", "message": "\"GET /api/topics/5/comments/list/?opinion=true&sort=latest HTTP/1.1\" 200 5593"}
{"timestamp": "2026-06-04 11:50:34,429", "level": "INFO", "logger_name": "django.server", "message": "\"GET /api/topics/5/comments/list/?opinion=false&sort=latest HTTP/1.1\" 200 5506"}
{"timestamp": "2026-06-04 11:50:39,968", "level": "INFO", "logger_name": "core.api", "message": "API Request Started: DELETE /api/topics/comments/1942/", "request_id": "78f2cbf5-0517-43aa-8e35-ece57e27828c", "user_id": null, "api_id": "topic_api-manage_topic_comment", "correlation_id": "78f2cbf5-0517-43aa-8e35-ece57e27828c"}
{"timestamp": "2026-06-04 11:50:39,989", "level": "INFO", "logger_name": "core.api", "message": "API Response Completed: 200", "request_id": "78f2cbf5-0517-43aa-8e35-ece57e27828c", "user_id": null, "api_id": "topic_api-manage_topic_comment", "duration_ms": 20.62, "correlation_id": "78f2cbf5-0517-43aa-8e35-ece57e27828c"}
{"timestamp": "2026-06-04 11:50:39,989", "level": "INFO", "logger_name": "django.server", "message": "\"DELETE /api/topics/comments/1942/ HTTP/1.1\" 200 68"}
{"timestamp": "2026-06-04 11:50:43,999", "level": "INFO", "logger_name": "core.api", "message": "API Request Started: GET /api/topics/5/vote/stat/", "request_id": "cf7b8b45-5f74-43a6-b6aa-198ee662fb12", "user_id": null, "api_id": "topic_api-get_vote_stat", "correlation_id": "cf7b8b45-5f74-43a6-b6aa-198ee662fb12"}
{"timestamp": "2026-06-04 11:50:44,002", "level": "INFO", "logger_name": "core.api", "message": "API Response Completed: 200", "request_id": "cf7b8b45-5f74-43a6-b6aa-198ee662fb12", "user_id": null, "api_id": "topic_api-get_vote_stat", "duration_ms": 3.02, "correlation_id": "cf7b8b45-5f74-43a6-b6aa-198ee662fb12"}
{"timestamp": "2026-06-04 11:50:44,002", "level": "INFO", "logger_name": "django.server", "message": "\"GET /api/topics/5/vote/stat/ HTTP/1.1\" 200 97"}
{"timestamp": "2026-06-04 11:50:54,104", "level": "INFO", "logger_name": "core.api", "message": "API Request Started: GET /api/topics/5/vote/stat/", "request_id": "68048ae5-9a66-4c9a-b7e1-a3bbd44ec5e4", "user_id": null, "api_id": "topic_api-get_vote_stat", "correlation_id": "68048ae5-9a66-4c9a-b7e1-a3bbd44ec5e4"}
{"timestamp": "2026-06-04 11:50:54,107", "level": "INFO", "logger_name": "core.api", "message": "API Response Completed: 200", "request_id": "68048ae5-9a66-4c9a-b7e1-a3bbd44ec5e4", "user_id": null, "api_id": "topic_api-get_vote_stat", "duration_ms": 3.1, "correlation_id": "68048ae5-9a66-4c9a-b7e1-a3bbd44ec5e4"}
{"timestamp": "2026-06-04 11:50:54,107", "level": "INFO", "logger_name": "django.server", "message": "\"GET /api/topics/5/vote/stat/ HTTP/1.1\" 200 97"}
{"timestamp": "2026-06-04 11:50:54,607", "level": "INFO", "logger_name": "core.api", "message": "API Request Started: POST /api/topics/5/comments/", "request_id": "cfcf8ab5-25ae-4d08-8cd9-e0044216d6a1", "user_id": null, "api_id": "topic_api-create_topic_comment", "correlation_id": "cfcf8ab5-25ae-4d08-8cd9-e0044216d6a1"}
{"timestamp": "2026-06-04 11:50:54,630", "level": "INFO", "logger_name": "core.api", "message": "API Response Completed: 201", "request_id": "cfcf8ab5-25ae-4d08-8cd9-e0044216d6a1", "user_id": null, "api_id": "topic_api-create_topic_comment", "duration_ms": 23.09, "correlation_id": "cfcf8ab5-25ae-4d08-8cd9-e0044216d6a1"}
{"timestamp": "2026-06-04 11:50:54,630", "level": "INFO", "logger_name": "django.server", "message": "\"POST /api/topics/5/comments/ HTTP/1.1\" 201 242"}
{"timestamp": "2026-06-04 11:50:56,656", "level": "INFO", "logger_name": "core.api", "message": "API Request Started: POST /api/topics/comments/1230/like/", "request_id": "862dcfb6-e5d5-45a2-8e1f-3d61407f49c3", "user_id": null, "api_id": "topic_api-toggle_topic_comment_like", "correlation_id": "862dcfb6-e5d5-45a2-8e1f-3d61407f49c3"}
{"timestamp": "2026-06-04 11:50:56,684", "level": "INFO", "logger_name": "core.api", "message": "API Response Completed: 200", "request_id": "862dcfb6-e5d5-45a2-8e1f-3d61407f49c3", "user_id": null, "api_id": "topic_api-toggle_topic_comment_like", "duration_ms": 28.1, "correlation_id": "862dcfb6-e5d5-45a2-8e1f-3d61407f49c3"}
{"timestamp": "2026-06-04 11:50:56,685", "level": "INFO", "logger_name": "django.server", "message": "\"POST /api/topics/comments/1230/like/ HTTP/1.1\" 200 68"}
{"timestamp": "2026-06-04 11:51:03,240", "level": "INFO", "logger_name": "core.api", "message": "API Request Started: GET /api/topics/5/comments/list/", "request_id": "eea97be8-fa0a-4120-bdd3-1c04221459f9", "user_id": null, "api_id": "topic_api-get_topic_comments", "correlation_id": "eea97be8-fa0a-4120-bdd3-1c04221459f9"}
{"timestamp": "2026-06-04 11:51:03,251", "level": "INFO", "logger_name": "core.api", "message": "API Response Completed: 200", "request_id": "eea97be8-fa0a-4120-bdd3-1c04221459f9", "user_id": null, "api_id": "topic_api-get_topic_comments", "duration_ms": 11.0, "correlation_id": "eea97be8-fa0a-4120-bdd3-1c04221459f9"}
{"timestamp": "2026-06-04 11:51:03,252", "level": "INFO", "logger_name": "django.server", "message": "\"GET /api/topics/5/comments/list/?opinion=true&sort=latest&cursor=1191 HTTP/1.1\" 200 5420"}
{"timestamp": "2026-06-04 11:51:04,248", "level": "INFO", "logger_name": "core.api", "message": "API Request Started: GET /api/topics/5/vote/stat/", "request_id": "d694b0fc-2372-40b9-bbe1-e2f08edee36e", "user_id": null, "api_id": "topic_api-get_vote_stat", "correlation_id": "d694b0fc-2372-40b9-bbe1-e2f08edee36e"}
{"timestamp": "2026-06-04 11:51:04,251", "level": "INFO", "logger_name": "core.api", "message": "API Response Completed: 200", "request_id": "d694b0fc-2372-40b9-bbe1-e2f08edee36e", "user_id": null, "api_id": "topic_api-get_vote_stat", "duration_ms": 3.42, "correlation_id": "d694b0fc-2372-40b9-bbe1-e2f08edee36e"}
{"timestamp": "2026-06-04 11:51:04,252", "level": "INFO", "logger_name": "django.server", "message": "\"GET /api/topics/5/vote/stat/ HTTP/1.1\" 200 97"}
{"timestamp": "2026-06-04 11:51:14,360", "level": "INFO", "logger_name": "core.api", "message": "API Request Started: GET /api/topics/5/vote/stat/", "request_id": "c9b445be-7ee6-43c0-8f3c-5dbffaeaf9f0", "user_id": null, "api_id": "topic_api-get_vote_stat", "correlation_id": "c9b445be-7ee6-43c0-8f3c-5dbffaeaf9f0"}
{"timestamp": "2026-06-04 11:51:14,363", "level": "INFO", "logger_name": "core.api", "message": "API Response Completed: 200", "request_id": "c9b445be-7ee6-43c0-8f3c-5dbffaeaf9f0", "user_id": null, "api_id": "topic_api-get_vote_stat", "duration_ms": 3.34, "correlation_id": "c9b445be-7ee6-43c0-8f3c-5dbffaeaf9f0"}
{"timestamp": "2026-06-04 11:51:14,363", "level": "INFO", "logger_name": "django.server", "message": "\"GET /api/topics/5/vote/stat/ HTTP/1.1\" 200 97"}
{"timestamp": "2026-06-04 11:51:24,450", "level": "INFO", "logger_name": "core.api", "message": "API Request Started: GET /api/topics/5/vote/stat/", "request_id": "e5eb1ff9-48bf-4f3a-a710-ced255846b9a", "user_id": null, "api_id": "topic_api-get_vote_stat", "correlation_id": "e5eb1ff9-48bf-4f3a-a710-ced255846b9a"}
{"timestamp": "2026-06-04 11:51:24,454", "level": "INFO", "logger_name": "core.api", "message": "API Response Completed: 200", "request_id": "e5eb1ff9-48bf-4f3a-a710-ced255846b9a", "user_id": null, "api_id": "topic_api-get_vote_stat", "duration_ms": 4.22, "correlation_id": "e5eb1ff9-48bf-4f3a-a710-ced255846b9a"}
{"timestamp": "2026-06-04 11:51:24,455", "level": "INFO", "logger_name": "django.server", "message": "\"GET /api/topics/5/vote/stat/ HTTP/1.1\" 200 97"}
{"timestamp": "2026-06-04 11:51:34,059", "level": "INFO", "logger_name": "core.api", "message": "API Request Started: GET /api/topics/5/vote/stat/", "request_id": "8f53872e-e606-4df3-ab61-4f95fa5401c0", "user_id": null, "api_id": "topic_api-get_vote_stat", "correlation_id": "8f53872e-e606-4df3-ab61-4f95fa5401c0"}
{"timestamp": "2026-06-04 11:51:34,063", "level": "INFO", "logger_name": "core.api", "message": "API Response Completed: 200", "request_id": "8f53872e-e606-4df3-ab61-4f95fa5401c0", "user_id": null, "api_id": "topic_api-get_vote_stat", "duration_ms": 4.69, "correlation_id": "8f53872e-e606-4df3-ab61-4f95fa5401c0"}
{"timestamp": "2026-06-04 11:51:34,064", "level": "INFO", "logger_name": "django.server", "message": "\"GET /api/topics/5/vote/stat/ HTTP/1.1\" 200 97"}
{"timestamp": "2026-06-04 11:51:50,734", "level": "INFO", "logger_name": "core.api", "message": "API Request Started: GET /api/topics/5/vote/stat/", "request_id": "4e66265c-67ba-4c6d-ae48-b825c6684ef6", "user_id": null, "api_id": "topic_api-get_vote_stat", "correlation_id": "4e66265c-67ba-4c6d-ae48-b825c6684ef6"}
{"timestamp": "2026-06-04 11:51:50,737", "level": "INFO", "logger_name": "core.api", "message": "API Response Completed: 200", "request_id": "4e66265c-67ba-4c6d-ae48-b825c6684ef6", "user_id": null, "api_id": "topic_api-get_vote_stat", "duration_ms": 3.16, "correlation_id": "4e66265c-67ba-4c6d-ae48-b825c6684ef6"}
{"timestamp": "2026-06-04 11:51:50,737", "level": "INFO", "logger_name": "django.server", "message": "\"GET /api/topics/5/vote/stat/ HTTP/1.1\" 200 97"}
{"timestamp": "2026-06-04 11:51:52,266", "level": "INFO", "logger_name": "core.api", "message": "API Request Started: POST /api/topics/5/comments/", "request_id": "64d709e3-7354-4759-a33e-dc8bac08ac82", "user_id": null, "api_id": "topic_api-create_topic_comment", "correlation_id": "64d709e3-7354-4759-a33e-dc8bac08ac82"}
{"timestamp": "2026-06-04 11:51:52,316", "level": "INFO", "logger_name": "core.api", "message": "API Response Completed: 201", "request_id": "64d709e3-7354-4759-a33e-dc8bac08ac82", "user_id": null, "api_id": "topic_api-create_topic_comment", "duration_ms": 50.74, "correlation_id": "64d709e3-7354-4759-a33e-dc8bac08ac82"}
{"timestamp": "2026-06-04 11:51:52,317", "level": "INFO", "logger_name": "django.server", "message": "\"POST /api/topics/5/comments/ HTTP/1.1\" 201 259"}
{"timestamp": "2026-06-04 11:51:55,792", "level": "INFO", "logger_name": "core.api", "message": "API Request Started: DELETE /api/topics/comments/1944/", "request_id": "ef8f2ae5-e265-4a5e-bcc4-219a0dc55092", "user_id": null, "api_id": "topic_api-manage_topic_comment", "correlation_id": "ef8f2ae5-e265-4a5e-bcc4-219a0dc55092"}
{"timestamp": "2026-06-04 11:51:55,813", "level": "INFO", "logger_name": "core.api", "message": "API Response Completed: 200", "request_id": "ef8f2ae5-e265-4a5e-bcc4-219a0dc55092", "user_id": null, "api_id": "topic_api-manage_topic_comment", "duration_ms": 21.64, "correlation_id": "ef8f2ae5-e265-4a5e-bcc4-219a0dc55092"}
{"timestamp": "2026-06-04 11:51:55,814", "level": "INFO", "logger_name": "django.server", "message": "\"DELETE /api/topics/comments/1944/ HTTP/1.1\" 200 68"}
{"timestamp": "2026-06-04 11:51:58,319", "level": "INFO", "logger_name": "core.api", "message": "API Request Started: DELETE /api/topics/comments/1943/", "request_id": "563df767-95ca-4953-aac3-3873dc008dff", "user_id": null, "api_id": "topic_api-manage_topic_comment", "correlation_id": "563df767-95ca-4953-aac3-3873dc008dff"}
{"timestamp": "2026-06-04 11:51:58,338", "level": "INFO", "logger_name": "core.api", "message": "API Response Completed: 200", "request_id": "563df767-95ca-4953-aac3-3873dc008dff", "user_id": null, "api_id": "topic_api-manage_topic_comment", "duration_ms": 19.67, "correlation_id": "563df767-95ca-4953-aac3-3873dc008dff"}
{"timestamp": "2026-06-04 11:51:58,339", "level": "INFO", "logger_name": "django.server", "message": "\"DELETE /api/topics/comments/1943/ HTTP/1.1\" 200 68"}
{"timestamp": "2026-06-04 11:52:00,850", "level": "INFO", "logger_name": "core.api", "message": "API Request Started: GET /api/topics/5/vote/stat/", "request_id": "392318e4-7b35-4968-ac8e-881563313d78", "user_id": null, "api_id": "topic_api-get_vote_stat", "correlation_id": "392318e4-7b35-4968-ac8e-881563313d78"}
{"timestamp": "2026-06-04 11:52:00,854", "level": "INFO", "logger_name": "core.api", "message": "API Response Completed: 200", "request_id": "392318e4-7b35-4968-ac8e-881563313d78", "user_id": null, "api_id": "topic_api-get_vote_stat", "duration_ms": 3.23, "correlation_id": "392318e4-7b35-4968-ac8e-881563313d78"}
{"timestamp": "2026-06-04 11:52:00,854", "level": "INFO", "logger_name": "django.server", "message": "\"GET /api/topics/5/vote/stat/ HTTP/1.1\" 200 97"}
{"timestamp": "2026-06-04 11:52:06,417", "level": "INFO", "logger_name": "core.api", "message": "API Request Started: GET /api/topics/4/comments/list/", "request_id": "37c11a28-a20a-4c6e-b180-3d13a6e402b2", "user_id": null, "api_id": "topic_api-get_topic_comments", "correlation_id": "37c11a28-a20a-4c6e-b180-3d13a6e402b2"}
{"timestamp": "2026-06-04 11:52:06,418", "level": "INFO", "logger_name": "core.api", "message": "API Request Started: GET /api/topics/4/comments/list/", "request_id": "f1f6b9ab-88ea-4737-92e3-a317fe6d361d", "user_id": null, "api_id": "topic_api-get_topic_comments", "correlation_id": "f1f6b9ab-88ea-4737-92e3-a317fe6d361d"}
{"timestamp": "2026-06-04 11:52:06,418", "level": "INFO", "logger_name": "core.api", "message": "API Request Started: GET /api/topics/4/vote/stat/", "request_id": "16a033dc-54e2-4a39-88d7-bdc878d2e970", "user_id": null, "api_id": "topic_api-get_vote_stat", "correlation_id": "16a033dc-54e2-4a39-88d7-bdc878d2e970"}
{"timestamp": "2026-06-04 11:52:06,425", "level": "INFO", "logger_name": "core.api", "message": "API Response Completed: 200", "request_id": "16a033dc-54e2-4a39-88d7-bdc878d2e970", "user_id": null, "api_id": "topic_api-get_vote_stat", "duration_ms": 7.12, "correlation_id": "16a033dc-54e2-4a39-88d7-bdc878d2e970"}
{"timestamp": "2026-06-04 11:52:06,427", "level": "INFO", "logger_name": "django.server", "message": "\"GET /api/topics/4/vote/stat/ HTTP/1.1\" 200 98"}
{"timestamp": "2026-06-04 11:52:06,442", "level": "INFO", "logger_name": "core.api", "message": "API Response Completed: 200", "request_id": "37c11a28-a20a-4c6e-b180-3d13a6e402b2", "user_id": null, "api_id": "topic_api-get_topic_comments", "duration_ms": 24.61, "correlation_id": "37c11a28-a20a-4c6e-b180-3d13a6e402b2"}
{"timestamp": "2026-06-04 11:52:06,443", "level": "INFO", "logger_name": "django.server", "message": "\"GET /api/topics/4/comments/list/?opinion=false&sort=latest HTTP/1.1\" 200 5786"}
{"timestamp": "2026-06-04 11:52:06,443", "level": "INFO", "logger_name": "core.api", "message": "API Response Completed: 200", "request_id": "f1f6b9ab-88ea-4737-92e3-a317fe6d361d", "user_id": null, "api_id": "topic_api-get_topic_comments", "duration_ms": 25.79, "correlation_id": "f1f6b9ab-88ea-4737-92e3-a317fe6d361d"}
{"timestamp": "2026-06-04 11:52:06,444", "level": "INFO", "logger_name": "django.server", "message": "\"GET /api/topics/4/comments/list/?opinion=true&sort=latest HTTP/1.1\" 200 5735"}
{"timestamp": "2026-06-04 11:52:26,102", "level": "INFO", "logger_name": "core.api", "message": "API Request Started: POST /api/topics/5/comments/", "request_id": "185840bb-6833-441c-9323-822a7e3a8ae2", "user_id": null, "api_id": "topic_api-create_topic_comment", "correlation_id": "185840bb-6833-441c-9323-822a7e3a8ae2"}
{"timestamp": "2026-06-04 11:52:26,151", "level": "INFO", "logger_name": "core.api", "message": "API Response Completed: 201", "request_id": "185840bb-6833-441c-9323-822a7e3a8ae2", "user_id": null, "api_id": "topic_api-create_topic_comment", "duration_ms": 49.17, "correlation_id": "185840bb-6833-441c-9323-822a7e3a8ae2"}
{"timestamp": "2026-06-04 11:52:26,151", "level": "INFO", "logger_name": "django.server", "message": "\"POST /api/topics/5/comments/ HTTP/1.1\" 201 242"}
{"timestamp": "2026-06-04 11:52:27,619", "level": "INFO", "logger_name": "core.api", "message": "API Request Started: GET /api/topics/5/vote/stat/", "request_id": "0181f967-0ea0-4194-be0d-f87631bf3c29", "user_id": null, "api_id": "topic_api-get_vote_stat", "correlation_id": "0181f967-0ea0-4194-be0d-f87631bf3c29"}
{"timestamp": "2026-06-04 11:52:27,622", "level": "INFO", "logger_name": "core.api", "message": "API Response Completed: 200", "request_id": "0181f967-0ea0-4194-be0d-f87631bf3c29", "user_id": null, "api_id": "topic_api-get_vote_stat", "duration_ms": 2.94, "correlation_id": "0181f967-0ea0-4194-be0d-f87631bf3c29"}
{"timestamp": "2026-06-04 11:52:27,623", "level": "INFO", "logger_name": "django.server", "message": "\"GET /api/topics/5/vote/stat/ HTTP/1.1\" 200 97"}
{"timestamp": "2026-06-04 11:52:28,636", "level": "INFO", "logger_name": "core.api", "message": "API Request Started: POST /api/topics/comments/1945/like/", "request_id": "4711637a-43da-43c0-80be-9af640c44be8", "user_id": null, "api_id": "topic_api-toggle_topic_comment_like", "correlation_id": "4711637a-43da-43c0-80be-9af640c44be8"}
{"timestamp": "2026-06-04 11:52:28,659", "level": "INFO", "logger_name": "core.api", "message": "API Response Completed: 200", "request_id": "4711637a-43da-43c0-80be-9af640c44be8", "user_id": null, "api_id": "topic_api-toggle_topic_comment_like", "duration_ms": 23.62, "correlation_id": "4711637a-43da-43c0-80be-9af640c44be8"}
{"timestamp": "2026-06-04 11:52:28,660", "level": "INFO", "logger_name": "django.server", "message": "\"POST /api/topics/comments/1945/like/ HTTP/1.1\" 200 67"}
{"timestamp": "2026-06-04 11:52:30,151", "level": "INFO", "logger_name": "core.api", "message": "API Request Started: POST /api/topics/comments/1229/like/", "request_id": "bf44f461-29db-4f5a-bde0-4f7d93cc8e61", "user_id": null, "api_id": "topic_api-toggle_topic_comment_like", "correlation_id": "bf44f461-29db-4f5a-bde0-4f7d93cc8e61"}
{"timestamp": "2026-06-04 11:52:30,172", "level": "INFO", "logger_name": "core.api", "message": "API Response Completed: 200", "request_id": "bf44f461-29db-4f5a-bde0-4f7d93cc8e61", "user_id": null, "api_id": "topic_api-toggle_topic_comment_like", "duration_ms": 21.76, "correlation_id": "bf44f461-29db-4f5a-bde0-4f7d93cc8e61"}
{"timestamp": "2026-06-04 11:52:30,173", "level": "INFO", "logger_name": "django.server", "message": "\"POST /api/topics/comments/1229/like/ HTTP/1.1\" 200 67"}
{"timestamp": "2026-06-04 11:52:37,227", "level": "INFO", "logger_name": "core.api", "message": "API Request Started: GET /api/topics/5/vote/stat/", "request_id": "0d4e5035-ff5e-4f61-923d-e86e1d1a0111", "user_id": null, "api_id": "topic_api-get_vote_stat", "correlation_id": "0d4e5035-ff5e-4f61-923d-e86e1d1a0111"}
{"timestamp": "2026-06-04 11:52:37,232", "level": "INFO", "logger_name": "core.api", "message": "API Response Completed: 200", "request_id": "0d4e5035-ff5e-4f61-923d-e86e1d1a0111", "user_id": null, "api_id": "topic_api-get_vote_stat", "duration_ms": 4.88, "correlation_id": "0d4e5035-ff5e-4f61-923d-e86e1d1a0111"}
{"timestamp": "2026-06-04 11:52:37,233", "level": "INFO", "logger_name": "django.server", "message": "\"GET /api/topics/5/vote/stat/ HTTP/1.1\" 200 97"}
{"timestamp": "2026-06-04 11:52:41,269", "level": "INFO", "logger_name": "core.api", "message": "API Request Started: POST /api/topics/5/vote/", "request_id": "34059212-6b3c-490c-be4e-d266da9ffd85", "user_id": null, "api_id": "topic_api-handle_vote", "correlation_id": "34059212-6b3c-490c-be4e-d266da9ffd85"}
{"timestamp": "2026-06-04 11:52:41,296", "level": "INFO", "logger_name": "core.api", "message": "API Response Completed: 200", "request_id": "34059212-6b3c-490c-be4e-d266da9ffd85", "user_id": null, "api_id": "topic_api-handle_vote", "duration_ms": 27.57, "correlation_id": "34059212-6b3c-490c-be4e-d266da9ffd85"}
{"timestamp": "2026-06-04 11:52:41,297", "level": "INFO", "logger_name": "django.server", "message": "\"POST /api/topics/5/vote/ HTTP/1.1\" 200 114"}
{"timestamp": "2026-06-04 11:52:42,282", "level": "INFO", "logger_name": "core.api", "message": "API Request Started: GET /api/topics/5/vote/stat/", "request_id": "308f6c60-b951-429d-8286-f3c99a7da7d0", "user_id": null, "api_id": "topic_api-get_vote_stat", "correlation_id": "308f6c60-b951-429d-8286-f3c99a7da7d0"}
{"timestamp": "2026-06-04 11:52:42,286", "level": "INFO", "logger_name": "core.api", "message": "API Response Completed: 200", "request_id": "308f6c60-b951-429d-8286-f3c99a7da7d0", "user_id": null, "api_id": "topic_api-get_vote_stat", "duration_ms": 4.31, "correlation_id": "308f6c60-b951-429d-8286-f3c99a7da7d0"}
{"timestamp": "2026-06-04 11:52:42,287", "level": "INFO", "logger_name": "django.server", "message": "\"GET /api/topics/5/vote/stat/ HTTP/1.1\" 200 97"}
{"timestamp": "2026-06-04 11:52:47,335", "level": "INFO", "logger_name": "core.api", "message": "API Request Started: GET /api/topics/5/vote/stat/", "request_id": "412d77ac-3185-42b5-93d5-e320af52581f", "user_id": null, "api_id": "topic_api-get_vote_stat", "correlation_id": "412d77ac-3185-42b5-93d5-e320af52581f"}
{"timestamp": "2026-06-04 11:52:47,338", "level": "INFO", "logger_name": "core.api", "message": "API Response Completed: 200", "request_id": "412d77ac-3185-42b5-93d5-e320af52581f", "user_id": null, "api_id": "topic_api-get_vote_stat", "duration_ms": 3.29, "correlation_id": "412d77ac-3185-42b5-93d5-e320af52581f"}
{"timestamp": "2026-06-04 11:52:47,339", "level": "INFO", "logger_name": "django.server", "message": "\"GET /api/topics/5/vote/stat/ HTTP/1.1\" 200 97"}
{"timestamp": "2026-06-04 11:52:57,453", "level": "INFO", "logger_name": "core.api", "message": "API Request Started: GET /api/topics/5/vote/stat/", "request_id": "f23d8f71-b94b-46e8-8aa2-b066ce0a5a31", "user_id": null, "api_id": "topic_api-get_vote_stat", "correlation_id": "f23d8f71-b94b-46e8-8aa2-b066ce0a5a31"}
{"timestamp": "2026-06-04 11:52:57,456", "level": "INFO", "logger_name": "core.api", "message": "API Response Completed: 200", "request_id": "f23d8f71-b94b-46e8-8aa2-b066ce0a5a31", "user_id": null, "api_id": "topic_api-get_vote_stat", "duration_ms": 2.95, "correlation_id": "f23d8f71-b94b-46e8-8aa2-b066ce0a5a31"}
{"timestamp": "2026-06-04 11:52:57,456", "level": "INFO", "logger_name": "django.server", "message": "\"GET /api/topics/5/vote/stat/ HTTP/1.1\" 200 97"}
{"timestamp": "2026-06-04 11:53:07,584", "level": "INFO", "logger_name": "core.api", "message": "API Request Started: GET /api/topics/5/vote/stat/", "request_id": "90dbc48d-ba59-47ab-bd8b-eceba8432d19", "user_id": null, "api_id": "topic_api-get_vote_stat", "correlation_id": "90dbc48d-ba59-47ab-bd8b-eceba8432d19"}
{"timestamp": "2026-06-04 11:53:07,588", "level": "INFO", "logger_name": "core.api", "message": "API Response Completed: 200", "request_id": "90dbc48d-ba59-47ab-bd8b-eceba8432d19", "user_id": null, "api_id": "topic_api-get_vote_stat", "duration_ms": 3.33, "correlation_id": "90dbc48d-ba59-47ab-bd8b-eceba8432d19"}
{"timestamp": "2026-06-04 11:53:07,588", "level": "INFO", "logger_name": "django.server", "message": "\"GET /api/topics/5/vote/stat/ HTTP/1.1\" 200 97"}
{"timestamp": "2026-06-04 11:53:13,159", "level": "INFO", "logger_name": "core.api", "message": "API Request Started: POST /api/topics/5/comments/", "request_id": "3ee6d328-ab48-4f61-aefb-795ab7f1e2d2", "user_id": null, "api_id": "topic_api-create_topic_comment", "correlation_id": "3ee6d328-ab48-4f61-aefb-795ab7f1e2d2"}
{"timestamp": "2026-06-04 11:53:13,179", "level": "INFO", "logger_name": "core.api", "message": "API Response Completed: 201", "request_id": "3ee6d328-ab48-4f61-aefb-795ab7f1e2d2", "user_id": null, "api_id": "topic_api-create_topic_comment", "duration_ms": 20.4, "correlation_id": "3ee6d328-ab48-4f61-aefb-795ab7f1e2d2"}
{"timestamp": "2026-06-04 11:53:13,179", "level": "INFO", "logger_name": "django.server", "message": "\"POST /api/topics/5/comments/ HTTP/1.1\" 201 287"}
{"timestamp": "2026-06-04 11:53:17,204", "level": "INFO", "logger_name": "core.api", "message": "API Request Started: GET /api/topics/5/vote/stat/", "request_id": "5c4878ff-9ae5-4651-bd65-eb8a88e02833", "user_id": null, "api_id": "topic_api-get_vote_stat", "correlation_id": "5c4878ff-9ae5-4651-bd65-eb8a88e02833"}
{"timestamp": "2026-06-04 11:53:17,207", "level": "INFO", "logger_name": "core.api", "message": "API Response Completed: 200", "request_id": "5c4878ff-9ae5-4651-bd65-eb8a88e02833", "user_id": null, "api_id": "topic_api-get_vote_stat", "duration_ms": 2.89, "correlation_id": "5c4878ff-9ae5-4651-bd65-eb8a88e02833"}
{"timestamp": "2026-06-04 11:53:17,207", "level": "INFO", "logger_name": "django.server", "message": "\"GET /api/topics/5/vote/stat/ HTTP/1.1\" 200 97"}
{"timestamp": "2026-06-04 11:55:10,584", "level": "INFO", "logger_name": "core.api", "message": "API Request Started: GET /api/rooms/reservations/", "request_id": "0adb4bd7-3bab-4ba1-87d3-ceb5518040f8", "user_id": null, "api_id": "rooms-get_my_reservations", "correlation_id": "0adb4bd7-3bab-4ba1-87d3-ceb5518040f8"}
{"timestamp": "2026-06-04 11:55:10,587", "level": "INFO", "logger_name": "core.api", "message": "API Response Completed: 200", "request_id": "0adb4bd7-3bab-4ba1-87d3-ceb5518040f8", "user_id": null, "api_id": "rooms-get_my_reservations", "duration_ms": 2.72, "correlation_id": "0adb4bd7-3bab-4ba1-87d3-ceb5518040f8"}
{"timestamp": "2026-06-04 11:55:10,587", "level": "INFO", "logger_name": "django.server", "message": "\"GET /api/rooms/reservations/ HTTP/1.1\" 200 451"}
{"timestamp": "2026-06-04 11:57:59,283", "level": "INFO", "logger_name": "core.api", "message": "API Request Started: GET /api/campus/graph/", "request_id": "3c30994c-6f25-402e-a547-644a706c8ea6", "user_id": null, "api_id": "campus-get_campus_graph", "correlation_id": "3c30994c-6f25-402e-a547-644a706c8ea6"}
{"timestamp": "2026-06-04 11:57:59,287", "level": "INFO", "logger_name": "core.api", "message": "API Response Completed: 200", "request_id": "3c30994c-6f25-402e-a547-644a706c8ea6", "user_id": null, "api_id": "campus-get_campus_graph", "duration_ms": 4.32, "correlation_id": "3c30994c-6f25-402e-a547-644a706c8ea6"}
{"timestamp": "2026-06-04 11:57:59,288", "level": "INFO", "logger_name": "django.server", "message": "\"GET /api/campus/graph/ HTTP/1.1\" 200 5792"}
{"timestamp": "2026-06-04 12:09:56,685", "level": "INFO", "logger_name": "core.api", "message": "API Request Started: GET /api/wishlist/", "request_id": "b37bb3e5-e18c-40cf-8d77-b4d848023c40", "user_id": null, "api_id": "wishlist-view", "correlation_id": "b37bb3e5-e18c-40cf-8d77-b4d848023c40"}
{"timestamp": "2026-06-04 12:09:56,686", "level": "INFO", "logger_name": "core.api.wishlist", "message": "=== [API CALL] GET /api/wishlist/ ==="}
{"timestamp": "2026-06-04 12:09:56,689", "level": "INFO", "logger_name": "core.api", "message": "API Response Completed: 200", "request_id": "b37bb3e5-e18c-40cf-8d77-b4d848023c40", "user_id": null, "api_id": "wishlist-view", "duration_ms": 3.94, "correlation_id": "b37bb3e5-e18c-40cf-8d77-b4d848023c40"}
{"timestamp": "2026-06-04 12:09:56,690", "level": "INFO", "logger_name": "django.server", "message": "\"GET /api/wishlist/?limit=1000 HTTP/1.1\" 200 1633"}
{"timestamp": "2026-06-04 12:13:14,419", "level": "INFO", "logger_name": "core.api", "message": "API Request Started: GET /api/students/info", "request_id": "9964f960-6779-42af-96e9-4cd8adc79d3e", "user_id": null, "api_id": "auth-view", "correlation_id": "9964f960-6779-42af-96e9-4cd8adc79d3e"}
{"timestamp": "2026-06-04 12:13:14,420", "level": "INFO", "logger_name": "core.api.auth", "message": "=== [API CALL] GET /students/info ==="}
{"timestamp": "2026-06-04 12:13:14,422", "level": "INFO", "logger_name": "core.api", "message": "API Response Completed: 200", "request_id": "9964f960-6779-42af-96e9-4cd8adc79d3e", "user_id": null, "api_id": "auth-view", "duration_ms": 2.85, "correlation_id": "9964f960-6779-42af-96e9-4cd8adc79d3e"}
{"timestamp": "2026-06-04 12:13:14,423", "level": "INFO", "logger_name": "django.server", "message": "\"GET /api/students/info HTTP/1.1\" 200 256"}
{"timestamp": "2026-06-04 12:13:17,449", "level": "INFO", "logger_name": "core.api", "message": "API Request Started: GET /api/topics/active/", "request_id": "e53f81d9-f7a9-4f57-a0de-a828f1bce4dd", "user_id": null, "api_id": "topic_api-get_active_topic", "correlation_id": "e53f81d9-f7a9-4f57-a0de-a828f1bce4dd"}
{"timestamp": "2026-06-04 12:13:17,452", "level": "INFO", "logger_name": "core.api", "message": "API Response Completed: 200", "request_id": "e53f81d9-f7a9-4f57-a0de-a828f1bce4dd", "user_id": null, "api_id": "topic_api-get_active_topic", "duration_ms": 2.75, "correlation_id": "e53f81d9-f7a9-4f57-a0de-a828f1bce4dd"}
{"timestamp": "2026-06-04 12:13:17,453", "level": "INFO", "logger_name": "django.server", "message": "\"GET /api/topics/active/ HTTP/1.1\" 200 304"}
{"timestamp": "2026-06-04 12:13:18,464", "level": "INFO", "logger_name": "core.api", "message": "API Request Started: GET /api/topics/5/vote/stat/", "request_id": "5ecc8902-0421-47b3-bb8f-0c6724586aad", "user_id": null, "api_id": "topic_api-get_vote_stat", "correlation_id": "5ecc8902-0421-47b3-bb8f-0c6724586aad"}
{"timestamp": "2026-06-04 12:13:18,467", "level": "INFO", "logger_name": "core.api", "message": "API Response Completed: 200", "request_id": "5ecc8902-0421-47b3-bb8f-0c6724586aad", "user_id": null, "api_id": "topic_api-get_vote_stat", "duration_ms": 2.91, "correlation_id": "5ecc8902-0421-47b3-bb8f-0c6724586aad"}
{"timestamp": "2026-06-04 12:13:18,467", "level": "INFO", "logger_name": "django.server", "message": "\"GET /api/topics/5/vote/stat/ HTTP/1.1\" 200 97"}
{"timestamp": "2026-06-04 12:13:23,549", "level": "INFO", "logger_name": "core.api", "message": "API Request Started: GET /api/campus/graph/", "request_id": "9afab5b5-c1ef-4290-8e17-3d0458120d01", "user_id": null, "api_id": "campus-get_campus_graph", "correlation_id": "9afab5b5-c1ef-4290-8e17-3d0458120d01"}
{"timestamp": "2026-06-04 12:13:23,550", "level": "INFO", "logger_name": "core.api", "message": "API Response Completed: 200", "request_id": "9afab5b5-c1ef-4290-8e17-3d0458120d01", "user_id": null, "api_id": "campus-get_campus_graph", "duration_ms": 0.57, "correlation_id": "9afab5b5-c1ef-4290-8e17-3d0458120d01"}
{"timestamp": "2026-06-04 12:13:23,551", "level": "INFO", "logger_name": "django.server", "message": "\"GET /api/campus/graph/ HTTP/1.1\" 200 5792"}
{"timestamp": "2026-06-04 12:22:10,444", "level": "INFO", "logger_name": "django.utils.autoreload", "message": "Watching for file changes with StatReloader"}
{"timestamp": "2026-06-04 13:13:07,236", "level": "INFO", "logger_name": "django.utils.autoreload", "message": "Watching for file changes with StatReloader"}
{"timestamp": "2026-06-04 13:38:20,125", "level": "INFO", "logger_name": "core.api", "message": "API Request Started: POST /api/students/login", "request_id": "2f295008-7006-49eb-93d4-6d68bdff1270", "user_id": null, "api_id": "login-view", "correlation_id": "2f295008-7006-49eb-93d4-6d68bdff1270"}
{"timestamp": "2026-06-04 13:38:20,126", "level": "INFO", "logger_name": "core.api.login", "message": "=== [API CALL] POST /students/login ==="}
{"timestamp": "2026-06-04 13:38:20,127", "level": "INFO", "logger_name": "core.api.login", "message": "Sending login request to e-Campus: https://cyber.gachon.ac.kr/login/index.php"}
{"timestamp": "2026-06-04 13:38:22,604", "level": "INFO", "logger_name": "core.api.login", "message": "e-Campus login successful for username: byou0070"}
{"timestamp": "2026-06-04 13:38:22,645", "level": "INFO", "logger_name": "core.api.login", "message": "Generated JWT tokens for returning student."}
{"timestamp": "2026-06-04 13:38:22,649", "level": "INFO", "logger_name": "core.api", "message": "API Response Completed: 200", "request_id": "2f295008-7006-49eb-93d4-6d68bdff1270", "user_id": null, "api_id": "login-view", "duration_ms": 2527.16, "correlation_id": "2f295008-7006-49eb-93d4-6d68bdff1270"}
{"timestamp": "2026-06-04 13:38:22,668", "level": "INFO", "logger_name": "django.server", "message": "\"POST /api/students/login HTTP/1.1\" 200 854"}
{"timestamp": "2026-06-04 13:38:23,227", "level": "INFO", "logger_name": "core.api", "message": "API Request Started: GET /api/topics/active/", "request_id": "e6cc87e9-955e-4e4e-810b-ed9c16f0c1a5", "user_id": null, "api_id": "topic_api-get_active_topic", "correlation_id": "e6cc87e9-955e-4e4e-810b-ed9c16f0c1a5"}
{"timestamp": "2026-06-04 13:38:23,236", "level": "INFO", "logger_name": "core.api", "message": "API Response Completed: 200", "request_id": "e6cc87e9-955e-4e4e-810b-ed9c16f0c1a5", "user_id": null, "api_id": "topic_api-get_active_topic", "duration_ms": 9.96, "correlation_id": "e6cc87e9-955e-4e4e-810b-ed9c16f0c1a5"}
{"timestamp": "2026-06-04 13:38:23,238", "level": "INFO", "logger_name": "django.server", "message": "\"GET /api/topics/active/ HTTP/1.1\" 200 304"}
{"timestamp": "2026-06-04 13:38:24,208", "level": "INFO", "logger_name": "core.api", "message": "API Request Started: GET /api/topics/5/vote/stat/", "request_id": "ab47af07-4a87-4749-856b-d14648436b4f", "user_id": null, "api_id": "topic_api-get_vote_stat", "correlation_id": "ab47af07-4a87-4749-856b-d14648436b4f"}
{"timestamp": "2026-06-04 13:38:24,219", "level": "INFO", "logger_name": "core.api", "message": "API Response Completed: 200", "request_id": "ab47af07-4a87-4749-856b-d14648436b4f", "user_id": null, "api_id": "topic_api-get_vote_stat", "duration_ms": 11.0, "correlation_id": "ab47af07-4a87-4749-856b-d14648436b4f"}
{"timestamp": "2026-06-04 13:38:24,220", "level": "INFO", "logger_name": "django.server", "message": "\"GET /api/topics/5/vote/stat/ HTTP/1.1\" 200 97"}
{"timestamp": "2026-06-04 13:38:27,762", "level": "INFO", "logger_name": "core.api", "message": "API Request Started: GET /api/wishlist/", "request_id": "20cd77c8-90db-495b-9005-eb6680ec98f6", "user_id": null, "api_id": "wishlist-view", "correlation_id": "20cd77c8-90db-495b-9005-eb6680ec98f6"}
{"timestamp": "2026-06-04 13:38:27,764", "level": "INFO", "logger_name": "core.api.wishlist", "message": "=== [API CALL] GET /api/wishlist/ ==="}
{"timestamp": "2026-06-04 13:38:27,771", "level": "INFO", "logger_name": "core.api", "message": "API Response Completed: 200", "request_id": "20cd77c8-90db-495b-9005-eb6680ec98f6", "user_id": null, "api_id": "wishlist-view", "duration_ms": 9.02, "correlation_id": "20cd77c8-90db-495b-9005-eb6680ec98f6"}
{"timestamp": "2026-06-04 13:38:27,773", "level": "INFO", "logger_name": "django.server", "message": "\"GET /api/wishlist/?limit=1000 HTTP/1.1\" 200 1633"}
{"timestamp": "2026-06-04 13:38:50,572", "level": "INFO", "logger_name": "core.api", "message": "API Request Started: GET /api/courses/", "request_id": "fb6ec0ca-56d8-46cd-b853-a377915ce10c", "user_id": null, "api_id": "courses-get_courses", "correlation_id": "fb6ec0ca-56d8-46cd-b853-a377915ce10c"}
{"timestamp": "2026-06-04 13:38:50,573", "level": "INFO", "logger_name": "core.api", "message": "API Response Completed: 200", "request_id": "fb6ec0ca-56d8-46cd-b853-a377915ce10c", "user_id": null, "api_id": "courses-get_courses", "duration_ms": 2.01, "correlation_id": "fb6ec0ca-56d8-46cd-b853-a377915ce10c"}
{"timestamp": "2026-06-04 13:38:50,574", "level": "INFO", "logger_name": "django.server", "message": "\"GET /api/courses/?school_id=1&search_type=name&page=1&limit=20&keyword=dls HTTP/1.1\" 200 350"}
{"timestamp": "2026-06-04 13:38:51,583", "level": "INFO", "logger_name": "core.api", "message": "API Request Started: GET /api/courses/", "request_id": "1eedb24f-2ad8-4b1e-b858-899c56ee9ba6", "user_id": null, "api_id": "courses-get_courses", "correlation_id": "1eedb24f-2ad8-4b1e-b858-899c56ee9ba6"}
{"timestamp": "2026-06-04 13:38:51,585", "level": "INFO", "logger_name": "core.api", "message": "API Response Completed: 200", "request_id": "1eedb24f-2ad8-4b1e-b858-899c56ee9ba6", "user_id": null, "api_id": "courses-get_courses", "duration_ms": 1.83, "correlation_id": "1eedb24f-2ad8-4b1e-b858-899c56ee9ba6"}
{"timestamp": "2026-06-04 13:38:51,587", "level": "INFO", "logger_name": "django.server", "message": "\"GET /api/courses/?school_id=1&search_type=name&page=1&limit=20&keyword=d HTTP/1.1\" 200 350"}
{"timestamp": "2026-06-04 13:38:54,622", "level": "INFO", "logger_name": "core.api", "message": "API Request Started: GET /api/courses/", "request_id": "8315546d-28d3-4b52-9419-24d7181408be", "user_id": null, "api_id": "courses-get_courses", "correlation_id": "8315546d-28d3-4b52-9419-24d7181408be"}
{"timestamp": "2026-06-04 13:38:54,624", "level": "INFO", "logger_name": "core.api", "message": "API Response Completed: 200", "request_id": "8315546d-28d3-4b52-9419-24d7181408be", "user_id": null, "api_id": "courses-get_courses", "duration_ms": 4.55, "correlation_id": "8315546d-28d3-4b52-9419-24d7181408be"}
{"timestamp": "2026-06-04 13:38:54,625", "level": "INFO", "logger_name": "django.server", "message": "\"GET /api/courses/?school_id=1&search_type=name&page=1&limit=20&keyword=%EC%9D%B8%EA%B3%B5%EC%A7%80%EB%8A%A5 HTTP/1.1\" 200 880"}
{"timestamp": "2026-06-04 13:44:39,351", "level": "INFO", "logger_name": "core.api", "message": "API Request Started: GET /api/courses/", "request_id": "54830824-a8be-4634-9ab4-247673f3aa11", "user_id": null, "api_id": "courses-get_courses", "correlation_id": "54830824-a8be-4634-9ab4-247673f3aa11"}
{"timestamp": "2026-06-04 13:44:39,352", "level": "INFO", "logger_name": "core.api", "message": "API Request Started: GET /api/courses/", "request_id": "d61f555c-7f17-44b4-acdd-3d8a8f5ad562", "user_id": null, "api_id": "courses-get_courses", "correlation_id": "d61f555c-7f17-44b4-acdd-3d8a8f5ad562"}
{"timestamp": "2026-06-04 13:44:39,355", "level": "INFO", "logger_name": "core.api", "message": "API Response Completed: 200", "request_id": "54830824-a8be-4634-9ab4-247673f3aa11", "user_id": null, "api_id": "courses-get_courses", "duration_ms": 3.99, "correlation_id": "54830824-a8be-4634-9ab4-247673f3aa11"}
{"timestamp": "2026-06-04 13:44:39,358", "level": "INFO", "logger_name": "core.api", "message": "API Response Completed: 200", "request_id": "d61f555c-7f17-44b4-acdd-3d8a8f5ad562", "user_id": null, "api_id": "courses-get_courses", "duration_ms": 5.49, "correlation_id": "d61f555c-7f17-44b4-acdd-3d8a8f5ad562"}
{"timestamp": "2026-06-04 13:44:39,360", "level": "INFO", "logger_name": "django.server", "message": "\"GET /api/courses/?school_id=1&search_type=professor&page=1&limit=20&professor_name=%E3%84%B4%E3%85%87 HTTP/1.1\" 200 355"}
{"timestamp": "2026-06-04 13:44:39,360", "level": "INFO", "logger_name": "django.server", "message": "\"GET /api/courses/?school_id=1&search_type=professor&page=1&limit=20&professor_name=%E3%84%B4 HTTP/1.1\" 200 355"}
{"timestamp": "2026-06-04 13:44:39,829", "level": "INFO", "logger_name": "core.api", "message": "API Request Started: GET /api/courses/", "request_id": "028fbf3a-60ca-4f22-b6d0-7ca19e64f8ae", "user_id": null, "api_id": "courses-get_courses", "correlation_id": "028fbf3a-60ca-4f22-b6d0-7ca19e64f8ae"}
{"timestamp": "2026-06-04 13:44:39,831", "level": "INFO", "logger_name": "core.api", "message": "API Response Completed: 200", "request_id": "028fbf3a-60ca-4f22-b6d0-7ca19e64f8ae", "user_id": null, "api_id": "courses-get_courses", "duration_ms": 2.3, "correlation_id": "028fbf3a-60ca-4f22-b6d0-7ca19e64f8ae"}
{"timestamp": "2026-06-04 13:44:39,833", "level": "INFO", "logger_name": "django.server", "message": "\"GET /api/courses/?school_id=1&search_type=professor&page=1&limit=20&professor_name=%E3%84%B4%E3%85%87%E3%85%87 HTTP/1.1\" 200 355"}
{"timestamp": "2026-06-04 13:44:42,436", "level": "INFO", "logger_name": "core.api", "message": "API Request Started: GET /api/courses/", "request_id": "deeb394e-4056-4c28-9e4d-1bf0f2031f75", "user_id": null, "api_id": "courses-get_courses", "correlation_id": "deeb394e-4056-4c28-9e4d-1bf0f2031f75"}
{"timestamp": "2026-06-04 13:44:42,438", "level": "INFO", "logger_name": "core.api", "message": "API Response Completed: 200", "request_id": "deeb394e-4056-4c28-9e4d-1bf0f2031f75", "user_id": null, "api_id": "courses-get_courses", "duration_ms": 2.48, "correlation_id": "deeb394e-4056-4c28-9e4d-1bf0f2031f75"}
{"timestamp": "2026-06-04 13:44:42,440", "level": "INFO", "logger_name": "django.server", "message": "\"GET /api/courses/?school_id=1&search_type=professor&page=1&limit=20&professor_name=%E3%85%87%E3%85%87%E3%85%87 HTTP/1.1\" 200 891"}
{"timestamp": "2026-06-04 13:46:02,508", "level": "INFO", "logger_name": "core.api", "message": "API Request Started: GET /api/courses/", "request_id": "28c91aea-9a94-476a-8874-5e801ea9f1a4", "user_id": null, "api_id": "courses-get_courses", "correlation_id": "28c91aea-9a94-476a-8874-5e801ea9f1a4"}
{"timestamp": "2026-06-04 13:46:02,514", "level": "INFO", "logger_name": "core.api", "message": "API Response Completed: 200", "request_id": "28c91aea-9a94-476a-8874-5e801ea9f1a4", "user_id": null, "api_id": "courses-get_courses", "duration_ms": 5.83, "correlation_id": "28c91aea-9a94-476a-8874-5e801ea9f1a4"}
{"timestamp": "2026-06-04 13:46:02,515", "level": "INFO", "logger_name": "django.server", "message": "\"GET /api/courses/?school_id=1&search_type=content&page=1&limit=20&keyword=big HTTP/1.1\" 200 848"}
{"timestamp": "2026-06-04 13:46:47,116", "level": "INFO", "logger_name": "core.api", "message": "API Request Started: GET /api/wishlist/", "request_id": "b96af90c-c93b-4daf-a0e4-87951b317ebc", "user_id": null, "api_id": "wishlist-view", "correlation_id": "b96af90c-c93b-4daf-a0e4-87951b317ebc"}
{"timestamp": "2026-06-04 13:46:47,117", "level": "INFO", "logger_name": "core.api.wishlist", "message": "=== [API CALL] GET /api/wishlist/ ==="}
{"timestamp": "2026-06-04 13:46:47,131", "level": "INFO", "logger_name": "core.api", "message": "API Response Completed: 200", "request_id": "b96af90c-c93b-4daf-a0e4-87951b317ebc", "user_id": null, "api_id": "wishlist-view", "duration_ms": 15.46, "correlation_id": "b96af90c-c93b-4daf-a0e4-87951b317ebc"}
{"timestamp": "2026-06-04 13:46:47,134", "level": "INFO", "logger_name": "django.server", "message": "\"GET /api/wishlist/?page=1&limit=20 HTTP/1.1\" 200 1633"}
{"timestamp": "2026-06-04 13:49:31,876", "level": "INFO", "logger_name": "core.api", "message": "API Request Started: GET /api/wishlist/", "request_id": "975791fa-c24d-4527-97db-f88d25a4e15f", "user_id": null, "api_id": "wishlist-view", "correlation_id": "975791fa-c24d-4527-97db-f88d25a4e15f"}
{"timestamp": "2026-06-04 13:49:31,877", "level": "INFO", "logger_name": "core.api.wishlist", "message": "=== [API CALL] GET /api/wishlist/ ==="}
{"timestamp": "2026-06-04 13:49:31,886", "level": "INFO", "logger_name": "core.api", "message": "API Response Completed: 200", "request_id": "975791fa-c24d-4527-97db-f88d25a4e15f", "user_id": null, "api_id": "wishlist-view", "duration_ms": 10.96, "correlation_id": "975791fa-c24d-4527-97db-f88d25a4e15f"}
{"timestamp": "2026-06-04 13:49:31,888", "level": "INFO", "logger_name": "django.server", "message": "\"GET /api/wishlist/?page=1&limit=20 HTTP/1.1\" 200 1633"}
{"timestamp": "2026-06-04 13:49:52,105", "level": "INFO", "logger_name": "core.api", "message": "API Request Started: GET /api/campus/graph/", "request_id": "d869131f-e44f-46ef-a948-a58bd0341416", "user_id": null, "api_id": "campus-get_campus_graph", "correlation_id": "d869131f-e44f-46ef-a948-a58bd0341416"}
{"timestamp": "2026-06-04 13:49:52,120", "level": "INFO", "logger_name": "core.api", "message": "API Response Completed: 200", "request_id": "d869131f-e44f-46ef-a948-a58bd0341416", "user_id": null, "api_id": "campus-get_campus_graph", "duration_ms": 14.35, "correlation_id": "d869131f-e44f-46ef-a948-a58bd0341416"}
{"timestamp": "2026-06-04 13:49:52,124", "level": "INFO", "logger_name": "django.server", "message": "\"GET /api/campus/graph/ HTTP/1.1\" 200 5792"}
{"timestamp": "2026-06-05 11:39:19,236", "level": "INFO", "logger_name": "django.utils.autoreload", "message": "Watching for file changes with StatReloader"}
{"timestamp": "2026-06-05 11:39:24,348", "level": "INFO", "logger_name": "core.api", "message": "API Request Started: GET /api/topics/6/vote/stat/", "request_id": "b9ba3da0-d234-4ab4-9d4d-a2dc48b3cf08", "user_id": null, "api_id": "topic_api-get_vote_stat", "correlation_id": "b9ba3da0-d234-4ab4-9d4d-a2dc48b3cf08"}
{"timestamp": "2026-06-05 11:39:24,356", "level": "INFO", "logger_name": "core.api", "message": "API Response Completed: 200", "request_id": "b9ba3da0-d234-4ab4-9d4d-a2dc48b3cf08", "user_id": null, "api_id": "topic_api-get_vote_stat", "duration_ms": 8.04, "correlation_id": "b9ba3da0-d234-4ab4-9d4d-a2dc48b3cf08"}
{"timestamp": "2026-06-05 11:39:24,358", "level": "INFO", "logger_name": "django.server", "message": "\"GET /api/topics/6/vote/stat/ HTTP/1.1\" 200 97"}
{"timestamp": "2026-06-05 11:39:34,363", "level": "INFO", "logger_name": "core.api", "message": "API Request Started: GET /api/topics/6/vote/stat/", "request_id": "df9d58c5-ab3b-451f-a6bb-011a1e4b3c81", "user_id": null, "api_id": "topic_api-get_vote_stat", "correlation_id": "df9d58c5-ab3b-451f-a6bb-011a1e4b3c81"}
{"timestamp": "2026-06-05 11:39:34,368", "level": "INFO", "logger_name": "core.api", "message": "API Response Completed: 200", "request_id": "df9d58c5-ab3b-451f-a6bb-011a1e4b3c81", "user_id": null, "api_id": "topic_api-get_vote_stat", "duration_ms": 5.48, "correlation_id": "df9d58c5-ab3b-451f-a6bb-011a1e4b3c81"}
{"timestamp": "2026-06-05 11:39:34,404", "level": "INFO", "logger_name": "django.server", "message": "\"GET /api/topics/6/vote/stat/ HTTP/1.1\" 200 97"}
{"timestamp": "2026-06-05 11:39:44,356", "level": "INFO", "logger_name": "core.api", "message": "API Request Started: GET /api/topics/6/vote/stat/", "request_id": "5d6413a4-5eb3-4805-b71a-329517e3bed6", "user_id": null, "api_id": "topic_api-get_vote_stat", "correlation_id": "5d6413a4-5eb3-4805-b71a-329517e3bed6"}
{"timestamp": "2026-06-05 11:39:44,364", "level": "INFO", "logger_name": "core.api", "message": "API Response Completed: 200", "request_id": "5d6413a4-5eb3-4805-b71a-329517e3bed6", "user_id": null, "api_id": "topic_api-get_vote_stat", "duration_ms": 8.48, "correlation_id": "5d6413a4-5eb3-4805-b71a-329517e3bed6"}
{"timestamp": "2026-06-05 11:39:44,365", "level": "INFO", "logger_name": "django.server", "message": "\"GET /api/topics/6/vote/stat/ HTTP/1.1\" 200 97"}
{"timestamp": "2026-06-05 11:39:54,355", "level": "INFO", "logger_name": "core.api", "message": "API Request Started: GET /api/topics/6/vote/stat/", "request_id": "5bde067b-411d-4a4d-a858-1737a21da8ac", "user_id": null, "api_id": "topic_api-get_vote_stat", "correlation_id": "5bde067b-411d-4a4d-a858-1737a21da8ac"}
{"timestamp": "2026-06-05 11:39:54,363", "level": "INFO", "logger_name": "core.api", "message": "API Response Completed: 200", "request_id": "5bde067b-411d-4a4d-a858-1737a21da8ac", "user_id": null, "api_id": "topic_api-get_vote_stat", "duration_ms": 8.35, "correlation_id": "5bde067b-411d-4a4d-a858-1737a21da8ac"}
{"timestamp": "2026-06-05 11:39:54,364", "level": "INFO", "logger_name": "django.server", "message": "\"GET /api/topics/6/vote/stat/ HTTP/1.1\" 200 97"}
{"timestamp": "2026-06-05 11:40:04,354", "level": "INFO", "logger_name": "core.api", "message": "API Request Started: GET /api/topics/6/vote/stat/", "request_id": "9e12de27-8fea-4359-960b-bbc96edab7e9", "user_id": null, "api_id": "topic_api-get_vote_stat", "correlation_id": "9e12de27-8fea-4359-960b-bbc96edab7e9"}
{"timestamp": "2026-06-05 11:40:04,362", "level": "INFO", "logger_name": "core.api", "message": "API Response Completed: 200", "request_id": "9e12de27-8fea-4359-960b-bbc96edab7e9", "user_id": null, "api_id": "topic_api-get_vote_stat", "duration_ms": 8.11, "correlation_id": "9e12de27-8fea-4359-960b-bbc96edab7e9"}
{"timestamp": "2026-06-05 11:40:04,363", "level": "INFO", "logger_name": "django.server", "message": "\"GET /api/topics/6/vote/stat/ HTTP/1.1\" 200 97"}
{"timestamp": "2026-06-05 11:40:14,367", "level": "INFO", "logger_name": "core.api", "message": "API Request Started: GET /api/topics/6/vote/stat/", "request_id": "b1fa1b28-b8ad-4a76-be88-cc39edd22fe3", "user_id": null, "api_id": "topic_api-get_vote_stat", "correlation_id": "b1fa1b28-b8ad-4a76-be88-cc39edd22fe3"}
{"timestamp": "2026-06-05 11:40:14,374", "level": "INFO", "logger_name": "core.api", "message": "API Response Completed: 200", "request_id": "b1fa1b28-b8ad-4a76-be88-cc39edd22fe3", "user_id": null, "api_id": "topic_api-get_vote_stat", "duration_ms": 7.85, "correlation_id": "b1fa1b28-b8ad-4a76-be88-cc39edd22fe3"}
{"timestamp": "2026-06-05 11:40:14,375", "level": "INFO", "logger_name": "django.server", "message": "\"GET /api/topics/6/vote/stat/ HTTP/1.1\" 200 97"}
{"timestamp": "2026-06-05 11:40:26,643", "level": "INFO", "logger_name": "django.utils.autoreload", "message": "Watching for file changes with StatReloader"}
{"timestamp": "2026-06-05 11:40:27,421", "level": "INFO", "logger_name": "core.api", "message": "API Request Started: GET /api/topics/6/vote/stat/", "request_id": "db1f1f76-c650-4fbf-8d14-fe5361c49a1f", "user_id": null, "api_id": "topic_api-get_vote_stat", "correlation_id": "db1f1f76-c650-4fbf-8d14-fe5361c49a1f"}
{"timestamp": "2026-06-05 11:40:27,425", "level": "INFO", "logger_name": "core.api", "message": "API Response Completed: 200", "request_id": "db1f1f76-c650-4fbf-8d14-fe5361c49a1f", "user_id": null, "api_id": "topic_api-get_vote_stat", "duration_ms": 3.69, "correlation_id": "db1f1f76-c650-4fbf-8d14-fe5361c49a1f"}
{"timestamp": "2026-06-05 11:40:27,426", "level": "INFO", "logger_name": "django.server", "message": "\"GET /api/topics/6/vote/stat/ HTTP/1.1\" 200 97"}
{"timestamp": "2026-06-05 11:40:34,366", "level": "INFO", "logger_name": "core.api", "message": "API Request Started: GET /api/topics/6/vote/stat/", "request_id": "c37356ee-c890-4700-8af1-a322695fede6", "user_id": null, "api_id": "topic_api-get_vote_stat", "correlation_id": "c37356ee-c890-4700-8af1-a322695fede6"}
{"timestamp": "2026-06-05 11:40:34,370", "level": "INFO", "logger_name": "core.api", "message": "API Response Completed: 200", "request_id": "c37356ee-c890-4700-8af1-a322695fede6", "user_id": null, "api_id": "topic_api-get_vote_stat", "duration_ms": 3.88, "correlation_id": "c37356ee-c890-4700-8af1-a322695fede6"}
{"timestamp": "2026-06-05 11:40:34,370", "level": "INFO", "logger_name": "django.server", "message": "\"GET /api/topics/6/vote/stat/ HTTP/1.1\" 200 97"}
{"timestamp": "2026-06-05 11:40:44,368", "level": "INFO", "logger_name": "core.api", "message": "API Request Started: GET /api/topics/6/vote/stat/", "request_id": "dba94132-5346-4223-b1ce-ae1cd383dfc8", "user_id": null, "api_id": "topic_api-get_vote_stat", "correlation_id": "dba94132-5346-4223-b1ce-ae1cd383dfc8"}
{"timestamp": "2026-06-05 11:40:44,378", "level": "INFO", "logger_name": "core.api", "message": "API Response Completed: 200", "request_id": "dba94132-5346-4223-b1ce-ae1cd383dfc8", "user_id": null, "api_id": "topic_api-get_vote_stat", "duration_ms": 10.17, "correlation_id": "dba94132-5346-4223-b1ce-ae1cd383dfc8"}
{"timestamp": "2026-06-05 11:40:44,379", "level": "INFO", "logger_name": "django.server", "message": "\"GET /api/topics/6/vote/stat/ HTTP/1.1\" 200 97"}
{"timestamp": "2026-06-05 11:40:54,358", "level": "INFO", "logger_name": "core.api", "message": "API Request Started: GET /api/topics/6/vote/stat/", "request_id": "49ebb3f8-9656-4f26-a01e-3148f1366b2b", "user_id": null, "api_id": "topic_api-get_vote_stat", "correlation_id": "49ebb3f8-9656-4f26-a01e-3148f1366b2b"}
{"timestamp": "2026-06-05 11:40:54,361", "level": "INFO", "logger_name": "core.api", "message": "API Response Completed: 200", "request_id": "49ebb3f8-9656-4f26-a01e-3148f1366b2b", "user_id": null, "api_id": "topic_api-get_vote_stat", "duration_ms": 3.01, "correlation_id": "49ebb3f8-9656-4f26-a01e-3148f1366b2b"}
{"timestamp": "2026-06-05 11:40:54,362", "level": "INFO", "logger_name": "django.server", "message": "\"GET /api/topics/6/vote/stat/ HTTP/1.1\" 200 97"}
{"timestamp": "2026-06-05 11:41:04,364", "level": "INFO", "logger_name": "core.api", "message": "API Request Started: GET /api/topics/6/vote/stat/", "request_id": "0755260f-39ee-40e3-a000-66e7d20c5a7f", "user_id": null, "api_id": "topic_api-get_vote_stat", "correlation_id": "0755260f-39ee-40e3-a000-66e7d20c5a7f"}
{"timestamp": "2026-06-05 11:41:04,370", "level": "INFO", "logger_name": "core.api", "message": "API Response Completed: 200", "request_id": "0755260f-39ee-40e3-a000-66e7d20c5a7f", "user_id": null, "api_id": "topic_api-get_vote_stat", "duration_ms": 5.77, "correlation_id": "0755260f-39ee-40e3-a000-66e7d20c5a7f"}
{"timestamp": "2026-06-05 11:41:04,370", "level": "INFO", "logger_name": "django.server", "message": "\"GET /api/topics/6/vote/stat/ HTTP/1.1\" 200 97"}
{"timestamp": "2026-06-05 11:41:14,365", "level": "INFO", "logger_name": "core.api", "message": "API Request Started: GET /api/topics/6/vote/stat/", "request_id": "a00dba73-1e96-44e2-be4e-dcc0d6424aa4", "user_id": null, "api_id": "topic_api-get_vote_stat", "correlation_id": "a00dba73-1e96-44e2-be4e-dcc0d6424aa4"}
{"timestamp": "2026-06-05 11:41:14,368", "level": "INFO", "logger_name": "core.api", "message": "API Response Completed: 200", "request_id": "a00dba73-1e96-44e2-be4e-dcc0d6424aa4", "user_id": null, "api_id": "topic_api-get_vote_stat", "duration_ms": 3.52, "correlation_id": "a00dba73-1e96-44e2-be4e-dcc0d6424aa4"}
{"timestamp": "2026-06-05 11:41:14,369", "level": "INFO", "logger_name": "django.server", "message": "\"GET /api/topics/6/vote/stat/ HTTP/1.1\" 200 97"}
{"timestamp": "2026-06-05 11:41:24,362", "level": "INFO", "logger_name": "core.api", "message": "API Request Started: GET /api/topics/6/vote/stat/", "request_id": "6128ede7-693a-4cef-94c6-684520cdb4e5", "user_id": null, "api_id": "topic_api-get_vote_stat", "correlation_id": "6128ede7-693a-4cef-94c6-684520cdb4e5"}
{"timestamp": "2026-06-05 11:41:24,367", "level": "INFO", "logger_name": "core.api", "message": "API Response Completed: 200", "request_id": "6128ede7-693a-4cef-94c6-684520cdb4e5", "user_id": null, "api_id": "topic_api-get_vote_stat", "duration_ms": 4.93, "correlation_id": "6128ede7-693a-4cef-94c6-684520cdb4e5"}
{"timestamp": "2026-06-05 11:41:24,367", "level": "INFO", "logger_name": "django.server", "message": "\"GET /api/topics/6/vote/stat/ HTTP/1.1\" 200 97"}
{"timestamp": "2026-06-05 11:41:34,498", "level": "INFO", "logger_name": "core.api", "message": "API Request Started: GET /api/topics/6/vote/stat/", "request_id": "300f33c6-5475-4092-aa41-79a9dd60a446", "user_id": null, "api_id": "topic_api-get_vote_stat", "correlation_id": "300f33c6-5475-4092-aa41-79a9dd60a446"}
{"timestamp": "2026-06-05 11:41:34,501", "level": "INFO", "logger_name": "core.api", "message": "API Response Completed: 200", "request_id": "300f33c6-5475-4092-aa41-79a9dd60a446", "user_id": null, "api_id": "topic_api-get_vote_stat", "duration_ms": 3.27, "correlation_id": "300f33c6-5475-4092-aa41-79a9dd60a446"}
{"timestamp": "2026-06-05 11:41:34,502", "level": "INFO", "logger_name": "django.server", "message": "\"GET /api/topics/6/vote/stat/ HTTP/1.1\" 200 97"}
{"timestamp": "2026-06-05 11:41:44,364", "level": "INFO", "logger_name": "core.api", "message": "API Request Started: GET /api/topics/6/vote/stat/", "request_id": "2170ca1c-daef-4d26-98c7-42fa288ced5b", "user_id": null, "api_id": "topic_api-get_vote_stat", "correlation_id": "2170ca1c-daef-4d26-98c7-42fa288ced5b"}
{"timestamp": "2026-06-05 11:41:44,369", "level": "INFO", "logger_name": "core.api", "message": "API Response Completed: 200", "request_id": "2170ca1c-daef-4d26-98c7-42fa288ced5b", "user_id": null, "api_id": "topic_api-get_vote_stat", "duration_ms": 5.49, "correlation_id": "2170ca1c-daef-4d26-98c7-42fa288ced5b"}
{"timestamp": "2026-06-05 11:41:44,369", "level": "INFO", "logger_name": "django.server", "message": "\"GET /api/topics/6/vote/stat/ HTTP/1.1\" 200 97"}
{"timestamp": "2026-06-05 11:41:54,350", "level": "INFO", "logger_name": "core.api", "message": "API Request Started: GET /api/topics/6/vote/stat/", "request_id": "efdeb11f-13ee-4884-9a47-c5b33361c351", "user_id": null, "api_id": "topic_api-get_vote_stat", "correlation_id": "efdeb11f-13ee-4884-9a47-c5b33361c351"}
{"timestamp": "2026-06-05 11:41:54,357", "level": "INFO", "logger_name": "core.api", "message": "API Response Completed: 200", "request_id": "efdeb11f-13ee-4884-9a47-c5b33361c351", "user_id": null, "api_id": "topic_api-get_vote_stat", "duration_ms": 7.4, "correlation_id": "efdeb11f-13ee-4884-9a47-c5b33361c351"}
{"timestamp": "2026-06-05 11:41:54,358", "level": "INFO", "logger_name": "django.server", "message": "\"GET /api/topics/6/vote/stat/ HTTP/1.1\" 200 97"}
{"timestamp": "2026-06-05 11:42:04,375", "level": "INFO", "logger_name": "core.api", "message": "API Request Started: GET /api/topics/6/vote/stat/", "request_id": "3486f962-ca45-450b-aba9-06ef2e936c96", "user_id": null, "api_id": "topic_api-get_vote_stat", "correlation_id": "3486f962-ca45-450b-aba9-06ef2e936c96"}
{"timestamp": "2026-06-05 11:42:04,378", "level": "INFO", "logger_name": "core.api", "message": "API Response Completed: 200", "request_id": "3486f962-ca45-450b-aba9-06ef2e936c96", "user_id": null, "api_id": "topic_api-get_vote_stat", "duration_ms": 3.01, "correlation_id": "3486f962-ca45-450b-aba9-06ef2e936c96"}
{"timestamp": "2026-06-05 11:42:04,378", "level": "INFO", "logger_name": "django.server", "message": "\"GET /api/topics/6/vote/stat/ HTTP/1.1\" 200 97"}
{"timestamp": "2026-06-05 11:42:14,346", "level": "INFO", "logger_name": "core.api", "message": "API Request Started: GET /api/topics/6/vote/stat/", "request_id": "d6ffef55-ab63-427c-80b8-730e545af0d4", "user_id": null, "api_id": "topic_api-get_vote_stat", "correlation_id": "d6ffef55-ab63-427c-80b8-730e545af0d4"}
{"timestamp": "2026-06-05 11:42:14,349", "level": "INFO", "logger_name": "core.api", "message": "API Response Completed: 200", "request_id": "d6ffef55-ab63-427c-80b8-730e545af0d4", "user_id": null, "api_id": "topic_api-get_vote_stat", "duration_ms": 2.62, "correlation_id": "d6ffef55-ab63-427c-80b8-730e545af0d4"}
{"timestamp": "2026-06-05 11:42:14,349", "level": "INFO", "logger_name": "django.server", "message": "\"GET /api/topics/6/vote/stat/ HTTP/1.1\" 200 97"}
{"timestamp": "2026-06-05 11:42:24,371", "level": "INFO", "logger_name": "core.api", "message": "API Request Started: GET /api/topics/6/vote/stat/", "request_id": "1f4445f5-c33a-417e-9d2d-c16a97b26ac0", "user_id": null, "api_id": "topic_api-get_vote_stat", "correlation_id": "1f4445f5-c33a-417e-9d2d-c16a97b26ac0"}
{"timestamp": "2026-06-05 11:42:24,376", "level": "INFO", "logger_name": "core.api", "message": "API Response Completed: 200", "request_id": "1f4445f5-c33a-417e-9d2d-c16a97b26ac0", "user_id": null, "api_id": "topic_api-get_vote_stat", "duration_ms": 4.88, "correlation_id": "1f4445f5-c33a-417e-9d2d-c16a97b26ac0"}
{"timestamp": "2026-06-05 11:42:24,376", "level": "INFO", "logger_name": "django.server", "message": "\"GET /api/topics/6/vote/stat/ HTTP/1.1\" 200 97"}
{"timestamp": "2026-06-05 11:42:34,375", "level": "INFO", "logger_name": "core.api", "message": "API Request Started: GET /api/topics/6/vote/stat/", "request_id": "eaee4bed-c384-4791-96c5-9a302939e0bb", "user_id": null, "api_id": "topic_api-get_vote_stat", "correlation_id": "eaee4bed-c384-4791-96c5-9a302939e0bb"}
{"timestamp": "2026-06-05 11:42:34,381", "level": "INFO", "logger_name": "core.api", "message": "API Response Completed: 200", "request_id": "eaee4bed-c384-4791-96c5-9a302939e0bb", "user_id": null, "api_id": "topic_api-get_vote_stat", "duration_ms": 5.24, "correlation_id": "eaee4bed-c384-4791-96c5-9a302939e0bb"}
{"timestamp": "2026-06-05 11:42:34,381", "level": "INFO", "logger_name": "django.server", "message": "\"GET /api/topics/6/vote/stat/ HTTP/1.1\" 200 97"}
{"timestamp": "2026-06-05 11:42:44,362", "level": "INFO", "logger_name": "core.api", "message": "API Request Started: GET /api/topics/6/vote/stat/", "request_id": "5b0209b1-7511-489d-97f6-00fd04c43282", "user_id": null, "api_id": "topic_api-get_vote_stat", "correlation_id": "5b0209b1-7511-489d-97f6-00fd04c43282"}
{"timestamp": "2026-06-05 11:42:44,368", "level": "INFO", "logger_name": "core.api", "message": "API Response Completed: 200", "request_id": "5b0209b1-7511-489d-97f6-00fd04c43282", "user_id": null, "api_id": "topic_api-get_vote_stat", "duration_ms": 6.13, "correlation_id": "5b0209b1-7511-489d-97f6-00fd04c43282"}
{"timestamp": "2026-06-05 11:42:44,369", "level": "INFO", "logger_name": "django.server", "message": "\"GET /api/topics/6/vote/stat/ HTTP/1.1\" 200 97"}
{"timestamp": "2026-06-05 11:42:54,366", "level": "INFO", "logger_name": "core.api", "message": "API Request Started: GET /api/topics/6/vote/stat/", "request_id": "3c699f06-1bf3-4278-9473-e9ac02816bc0", "user_id": null, "api_id": "topic_api-get_vote_stat", "correlation_id": "3c699f06-1bf3-4278-9473-e9ac02816bc0"}
{"timestamp": "2026-06-05 11:42:54,371", "level": "INFO", "logger_name": "core.api", "message": "API Response Completed: 200", "request_id": "3c699f06-1bf3-4278-9473-e9ac02816bc0", "user_id": null, "api_id": "topic_api-get_vote_stat", "duration_ms": 5.45, "correlation_id": "3c699f06-1bf3-4278-9473-e9ac02816bc0"}
{"timestamp": "2026-06-05 11:42:54,372", "level": "INFO", "logger_name": "django.server", "message": "\"GET /api/topics/6/vote/stat/ HTTP/1.1\" 200 97"}
{"timestamp": "2026-06-05 11:43:04,366", "level": "INFO", "logger_name": "core.api", "message": "API Request Started: GET /api/topics/6/vote/stat/", "request_id": "91fce45a-8da9-44e2-8c35-1aa8fcd0f384", "user_id": null, "api_id": "topic_api-get_vote_stat", "correlation_id": "91fce45a-8da9-44e2-8c35-1aa8fcd0f384"}
{"timestamp": "2026-06-05 11:43:04,369", "level": "INFO", "logger_name": "core.api", "message": "API Response Completed: 200", "request_id": "91fce45a-8da9-44e2-8c35-1aa8fcd0f384", "user_id": null, "api_id": "topic_api-get_vote_stat", "duration_ms": 3.23, "correlation_id": "91fce45a-8da9-44e2-8c35-1aa8fcd0f384"}
{"timestamp": "2026-06-05 11:43:04,370", "level": "INFO", "logger_name": "django.server", "message": "\"GET /api/topics/6/vote/stat/ HTTP/1.1\" 200 97"}
{"timestamp": "2026-06-05 11:43:14,362", "level": "INFO", "logger_name": "core.api", "message": "API Request Started: GET /api/topics/6/vote/stat/", "request_id": "9ce18824-def0-44a3-a224-e6e23900d13b", "user_id": null, "api_id": "topic_api-get_vote_stat", "correlation_id": "9ce18824-def0-44a3-a224-e6e23900d13b"}
{"timestamp": "2026-06-05 11:43:14,365", "level": "INFO", "logger_name": "core.api", "message": "API Response Completed: 200", "request_id": "9ce18824-def0-44a3-a224-e6e23900d13b", "user_id": null, "api_id": "topic_api-get_vote_stat", "duration_ms": 2.91, "correlation_id": "9ce18824-def0-44a3-a224-e6e23900d13b"}
{"timestamp": "2026-06-05 11:43:14,365", "level": "INFO", "logger_name": "django.server", "message": "\"GET /api/topics/6/vote/stat/ HTTP/1.1\" 200 97"}
{"timestamp": "2026-06-05 11:43:24,372", "level": "INFO", "logger_name": "core.api", "message": "API Request Started: GET /api/topics/6/vote/stat/", "request_id": "ef6c4784-14f0-495c-a78c-d54c7d77aa73", "user_id": null, "api_id": "topic_api-get_vote_stat", "correlation_id": "ef6c4784-14f0-495c-a78c-d54c7d77aa73"}
{"timestamp": "2026-06-05 11:43:24,378", "level": "INFO", "logger_name": "core.api", "message": "API Response Completed: 200", "request_id": "ef6c4784-14f0-495c-a78c-d54c7d77aa73", "user_id": null, "api_id": "topic_api-get_vote_stat", "duration_ms": 5.9, "correlation_id": "ef6c4784-14f0-495c-a78c-d54c7d77aa73"}
{"timestamp": "2026-06-05 11:43:24,379", "level": "INFO", "logger_name": "django.server", "message": "\"GET /api/topics/6/vote/stat/ HTTP/1.1\" 200 97"}
{"timestamp": "2026-06-05 11:43:33,664", "level": "INFO", "logger_name": "core.api", "message": "API Request Started: GET /api/students/info", "request_id": "cd73dbc7-2c3a-411a-af39-5627a0144642", "user_id": null, "api_id": "auth-view", "correlation_id": "cd73dbc7-2c3a-411a-af39-5627a0144642"}
{"timestamp": "2026-06-05 11:43:33,664", "level": "INFO", "logger_name": "core.api.auth", "message": "=== [API CALL] GET /students/info ==="}
{"timestamp": "2026-06-05 11:43:33,673", "level": "INFO", "logger_name": "core.api", "message": "API Response Completed: 200", "request_id": "cd73dbc7-2c3a-411a-af39-5627a0144642", "user_id": null, "api_id": "auth-view", "duration_ms": 9.42, "correlation_id": "cd73dbc7-2c3a-411a-af39-5627a0144642"}
{"timestamp": "2026-06-05 11:43:33,674", "level": "INFO", "logger_name": "django.server", "message": "\"GET /api/students/info HTTP/1.1\" 200 256"}
{"timestamp": "2026-06-05 11:43:34,031", "level": "INFO", "logger_name": "core.api", "message": "API Request Started: GET /api/topics/active/", "request_id": "4af235a5-6576-4d21-8948-4761b3ba5f56", "user_id": null, "api_id": "topic_api-get_active_topic", "correlation_id": "4af235a5-6576-4d21-8948-4761b3ba5f56"}
{"timestamp": "2026-06-05 11:43:34,035", "level": "INFO", "logger_name": "core.api", "message": "API Response Completed: 200", "request_id": "4af235a5-6576-4d21-8948-4761b3ba5f56", "user_id": null, "api_id": "topic_api-get_active_topic", "duration_ms": 3.3, "correlation_id": "4af235a5-6576-4d21-8948-4761b3ba5f56"}
{"timestamp": "2026-06-05 11:43:34,035", "level": "INFO", "logger_name": "django.server", "message": "\"GET /api/topics/active/ HTTP/1.1\" 200 348"}
{"timestamp": "2026-06-05 11:43:34,042", "level": "INFO", "logger_name": "core.api", "message": "API Request Started: GET /api/students/info", "request_id": "663b219b-87f8-4623-aecf-bb246de8162c", "user_id": null, "api_id": "auth-view", "correlation_id": "663b219b-87f8-4623-aecf-bb246de8162c"}
{"timestamp": "2026-06-05 11:43:34,042", "level": "INFO", "logger_name": "core.api.auth", "message": "=== [API CALL] GET /students/info ==="}
{"timestamp": "2026-06-05 11:43:34,044", "level": "INFO", "logger_name": "core.api", "message": "API Response Completed: 200", "request_id": "663b219b-87f8-4623-aecf-bb246de8162c", "user_id": null, "api_id": "auth-view", "duration_ms": 2.95, "correlation_id": "663b219b-87f8-4623-aecf-bb246de8162c"}
{"timestamp": "2026-06-05 11:43:34,045", "level": "INFO", "logger_name": "django.server", "message": "\"GET /api/students/info HTTP/1.1\" 200 256"}
{"timestamp": "2026-06-05 11:43:34,062", "level": "INFO", "logger_name": "core.api", "message": "API Request Started: GET /api/topics/6/vote/stat/", "request_id": "3159e1a2-e655-4cc3-acad-753d73aa3e3b", "user_id": null, "api_id": "topic_api-get_vote_stat", "correlation_id": "3159e1a2-e655-4cc3-acad-753d73aa3e3b"}
{"timestamp": "2026-06-05 11:43:34,065", "level": "INFO", "logger_name": "core.api", "message": "API Response Completed: 200", "request_id": "3159e1a2-e655-4cc3-acad-753d73aa3e3b", "user_id": null, "api_id": "topic_api-get_vote_stat", "duration_ms": 3.33, "correlation_id": "3159e1a2-e655-4cc3-acad-753d73aa3e3b"}
{"timestamp": "2026-06-05 11:43:34,066", "level": "INFO", "logger_name": "django.server", "message": "\"GET /api/topics/6/vote/stat/ HTTP/1.1\" 200 97"}
{"timestamp": "2026-06-05 11:43:37,713", "level": "INFO", "logger_name": "core.api", "message": "API Request Started: GET /api/topics/", "request_id": "dec517dc-b0bc-4949-ada8-b5e519e487c7", "user_id": null, "api_id": "topic_api-get_topic_list", "correlation_id": "dec517dc-b0bc-4949-ada8-b5e519e487c7"}
{"timestamp": "2026-06-05 11:43:37,721", "level": "INFO", "logger_name": "core.api", "message": "API Response Completed: 200", "request_id": "dec517dc-b0bc-4949-ada8-b5e519e487c7", "user_id": null, "api_id": "topic_api-get_topic_list", "duration_ms": 7.97, "correlation_id": "dec517dc-b0bc-4949-ada8-b5e519e487c7"}
{"timestamp": "2026-06-05 11:43:37,721", "level": "INFO", "logger_name": "django.server", "message": "\"GET /api/topics/ HTTP/1.1\" 200 1864"}
{"timestamp": "2026-06-05 11:43:38,975", "level": "INFO", "logger_name": "core.api", "message": "API Request Started: GET /api/topics/6/comments/list/", "request_id": "0332c7ce-0ac6-4e7f-bd9d-a3feeb7dda1c", "user_id": null, "api_id": "topic_api-get_topic_comments", "correlation_id": "0332c7ce-0ac6-4e7f-bd9d-a3feeb7dda1c"}
{"timestamp": "2026-06-05 11:43:38,976", "level": "INFO", "logger_name": "core.api", "message": "API Request Started: GET /api/topics/6/comments/list/", "request_id": "ffc9fdb1-1e49-4da4-8c11-c03529ee6b52", "user_id": null, "api_id": "topic_api-get_topic_comments", "correlation_id": "ffc9fdb1-1e49-4da4-8c11-c03529ee6b52"}
{"timestamp": "2026-06-05 11:43:39,005", "level": "INFO", "logger_name": "core.api", "message": "API Response Completed: 200", "request_id": "ffc9fdb1-1e49-4da4-8c11-c03529ee6b52", "user_id": null, "api_id": "topic_api-get_topic_comments", "duration_ms": 29.46, "correlation_id": "ffc9fdb1-1e49-4da4-8c11-c03529ee6b52"}
{"timestamp": "2026-06-05 11:43:39,007", "level": "INFO", "logger_name": "core.api", "message": "API Response Completed: 200", "request_id": "0332c7ce-0ac6-4e7f-bd9d-a3feeb7dda1c", "user_id": null, "api_id": "topic_api-get_topic_comments", "duration_ms": 31.58, "correlation_id": "0332c7ce-0ac6-4e7f-bd9d-a3feeb7dda1c"}
{"timestamp": "2026-06-05 11:43:39,008", "level": "INFO", "logger_name": "django.server", "message": "\"GET /api/topics/6/comments/list/?opinion=true&sort=latest HTTP/1.1\" 200 5384"}
{"timestamp": "2026-06-05 11:43:39,008", "level": "INFO", "logger_name": "django.server", "message": "\"GET /api/topics/6/comments/list/?opinion=false&sort=latest HTTP/1.1\" 200 5884"}
{"timestamp": "2026-06-05 11:43:48,684", "level": "INFO", "logger_name": "core.api", "message": "API Request Started: GET /api/topics/6/vote/stat/", "request_id": "d57fdf1d-a1c1-4fa8-af11-2ea855e76d2e", "user_id": null, "api_id": "topic_api-get_vote_stat", "correlation_id": "d57fdf1d-a1c1-4fa8-af11-2ea855e76d2e"}
{"timestamp": "2026-06-05 11:43:48,689", "level": "INFO", "logger_name": "core.api", "message": "API Response Completed: 200", "request_id": "d57fdf1d-a1c1-4fa8-af11-2ea855e76d2e", "user_id": null, "api_id": "topic_api-get_vote_stat", "duration_ms": 5.94, "correlation_id": "d57fdf1d-a1c1-4fa8-af11-2ea855e76d2e"}
{"timestamp": "2026-06-05 11:43:48,690", "level": "INFO", "logger_name": "django.server", "message": "\"GET /api/topics/6/vote/stat/ HTTP/1.1\" 200 97"}
{"timestamp": "2026-06-05 11:43:58,637", "level": "INFO", "logger_name": "core.api", "message": "API Request Started: GET /api/topics/6/vote/stat/", "request_id": "be1693fe-44f0-49dd-b6bb-d4b06bbc24f7", "user_id": null, "api_id": "topic_api-get_vote_stat", "correlation_id": "be1693fe-44f0-49dd-b6bb-d4b06bbc24f7"}
{"timestamp": "2026-06-05 11:43:58,642", "level": "INFO", "logger_name": "core.api", "message": "API Response Completed: 200", "request_id": "be1693fe-44f0-49dd-b6bb-d4b06bbc24f7", "user_id": null, "api_id": "topic_api-get_vote_stat", "duration_ms": 5.11, "correlation_id": "be1693fe-44f0-49dd-b6bb-d4b06bbc24f7"}
{"timestamp": "2026-06-05 11:43:58,643", "level": "INFO", "logger_name": "django.server", "message": "\"GET /api/topics/6/vote/stat/ HTTP/1.1\" 200 97"}
{"timestamp": "2026-06-05 11:44:08,649", "level": "INFO", "logger_name": "core.api", "message": "API Request Started: GET /api/topics/6/vote/stat/", "request_id": "b8c6524e-d3a4-49ef-8215-764c1a861a44", "user_id": null, "api_id": "topic_api-get_vote_stat", "correlation_id": "b8c6524e-d3a4-49ef-8215-764c1a861a44"}
{"timestamp": "2026-06-05 11:44:08,652", "level": "INFO", "logger_name": "core.api", "message": "API Response Completed: 200", "request_id": "b8c6524e-d3a4-49ef-8215-764c1a861a44", "user_id": null, "api_id": "topic_api-get_vote_stat", "duration_ms": 3.16, "correlation_id": "b8c6524e-d3a4-49ef-8215-764c1a861a44"}
{"timestamp": "2026-06-05 11:44:08,652", "level": "INFO", "logger_name": "django.server", "message": "\"GET /api/topics/6/vote/stat/ HTTP/1.1\" 200 97"}
{"timestamp": "2026-06-05 11:44:18,640", "level": "INFO", "logger_name": "core.api", "message": "API Request Started: GET /api/topics/6/vote/stat/", "request_id": "0f4a6a82-aa68-4dfc-8bd0-7eb116f93abb", "user_id": null, "api_id": "topic_api-get_vote_stat", "correlation_id": "0f4a6a82-aa68-4dfc-8bd0-7eb116f93abb"}
{"timestamp": "2026-06-05 11:44:18,644", "level": "INFO", "logger_name": "core.api", "message": "API Response Completed: 200", "request_id": "0f4a6a82-aa68-4dfc-8bd0-7eb116f93abb", "user_id": null, "api_id": "topic_api-get_vote_stat", "duration_ms": 3.76, "correlation_id": "0f4a6a82-aa68-4dfc-8bd0-7eb116f93abb"}
{"timestamp": "2026-06-05 11:44:18,644", "level": "INFO", "logger_name": "django.server", "message": "\"GET /api/topics/6/vote/stat/ HTTP/1.1\" 200 97"}
{"timestamp": "2026-06-05 11:44:28,680", "level": "INFO", "logger_name": "core.api", "message": "API Request Started: GET /api/topics/6/vote/stat/", "request_id": "2a94f345-3470-4c0c-bdf4-6a38be13b38b", "user_id": null, "api_id": "topic_api-get_vote_stat", "correlation_id": "2a94f345-3470-4c0c-bdf4-6a38be13b38b"}
{"timestamp": "2026-06-05 11:44:28,683", "level": "INFO", "logger_name": "core.api", "message": "API Response Completed: 200", "request_id": "2a94f345-3470-4c0c-bdf4-6a38be13b38b", "user_id": null, "api_id": "topic_api-get_vote_stat", "duration_ms": 2.89, "correlation_id": "2a94f345-3470-4c0c-bdf4-6a38be13b38b"}
{"timestamp": "2026-06-05 11:44:28,683", "level": "INFO", "logger_name": "django.server", "message": "\"GET /api/topics/6/vote/stat/ HTTP/1.1\" 200 97"}
{"timestamp": "2026-06-05 11:44:38,645", "level": "INFO", "logger_name": "core.api", "message": "API Request Started: GET /api/topics/6/vote/stat/", "request_id": "4ba9e1aa-2c3d-48cd-b0f7-f18d40a5a6ab", "user_id": null, "api_id": "topic_api-get_vote_stat", "correlation_id": "4ba9e1aa-2c3d-48cd-b0f7-f18d40a5a6ab"}
{"timestamp": "2026-06-05 11:44:38,650", "level": "INFO", "logger_name": "core.api", "message": "API Response Completed: 200", "request_id": "4ba9e1aa-2c3d-48cd-b0f7-f18d40a5a6ab", "user_id": null, "api_id": "topic_api-get_vote_stat", "duration_ms": 5.12, "correlation_id": "4ba9e1aa-2c3d-48cd-b0f7-f18d40a5a6ab"}
{"timestamp": "2026-06-05 11:44:38,651", "level": "INFO", "logger_name": "django.server", "message": "\"GET /api/topics/6/vote/stat/ HTTP/1.1\" 200 97"}
{"timestamp": "2026-06-05 11:44:48,649", "level": "INFO", "logger_name": "core.api", "message": "API Request Started: GET /api/topics/6/vote/stat/", "request_id": "4ac9fcaf-eb55-4026-a5a8-bf6a75171ce5", "user_id": null, "api_id": "topic_api-get_vote_stat", "correlation_id": "4ac9fcaf-eb55-4026-a5a8-bf6a75171ce5"}
{"timestamp": "2026-06-05 11:44:48,651", "level": "INFO", "logger_name": "core.api", "message": "API Response Completed: 200", "request_id": "4ac9fcaf-eb55-4026-a5a8-bf6a75171ce5", "user_id": null, "api_id": "topic_api-get_vote_stat", "duration_ms": 2.88, "correlation_id": "4ac9fcaf-eb55-4026-a5a8-bf6a75171ce5"}
{"timestamp": "2026-06-05 11:44:48,652", "level": "INFO", "logger_name": "django.server", "message": "\"GET /api/topics/6/vote/stat/ HTTP/1.1\" 200 97"}
{"timestamp": "2026-06-05 11:44:58,641", "level": "INFO", "logger_name": "core.api", "message": "API Request Started: GET /api/topics/6/vote/stat/", "request_id": "49ffe585-c6fa-4391-9d37-c6a2c6f70f05", "user_id": null, "api_id": "topic_api-get_vote_stat", "correlation_id": "49ffe585-c6fa-4391-9d37-c6a2c6f70f05"}
{"timestamp": "2026-06-05 11:44:58,644", "level": "INFO", "logger_name": "core.api", "message": "API Response Completed: 200", "request_id": "49ffe585-c6fa-4391-9d37-c6a2c6f70f05", "user_id": null, "api_id": "topic_api-get_vote_stat", "duration_ms": 3.03, "correlation_id": "49ffe585-c6fa-4391-9d37-c6a2c6f70f05"}
{"timestamp": "2026-06-05 11:44:58,645", "level": "INFO", "logger_name": "django.server", "message": "\"GET /api/topics/6/vote/stat/ HTTP/1.1\" 200 97"}
{"timestamp": "2026-06-05 11:45:08,658", "level": "INFO", "logger_name": "core.api", "message": "API Request Started: GET /api/topics/6/vote/stat/", "request_id": "235da5f1-aa06-4fae-8cee-a85fdb7f8fbe", "user_id": null, "api_id": "topic_api-get_vote_stat", "correlation_id": "235da5f1-aa06-4fae-8cee-a85fdb7f8fbe"}
{"timestamp": "2026-06-05 11:45:08,661", "level": "INFO", "logger_name": "core.api", "message": "API Response Completed: 200", "request_id": "235da5f1-aa06-4fae-8cee-a85fdb7f8fbe", "user_id": null, "api_id": "topic_api-get_vote_stat", "duration_ms": 2.79, "correlation_id": "235da5f1-aa06-4fae-8cee-a85fdb7f8fbe"}
{"timestamp": "2026-06-05 11:45:08,662", "level": "INFO", "logger_name": "django.server", "message": "\"GET /api/topics/6/vote/stat/ HTTP/1.1\" 200 97"}
{"timestamp": "2026-06-05 11:45:18,642", "level": "INFO", "logger_name": "core.api", "message": "API Request Started: GET /api/topics/6/vote/stat/", "request_id": "64981a2a-1542-4588-9ad4-bdb317054e03", "user_id": null, "api_id": "topic_api-get_vote_stat", "correlation_id": "64981a2a-1542-4588-9ad4-bdb317054e03"}
{"timestamp": "2026-06-05 11:45:18,646", "level": "INFO", "logger_name": "core.api", "message": "API Response Completed: 200", "request_id": "64981a2a-1542-4588-9ad4-bdb317054e03", "user_id": null, "api_id": "topic_api-get_vote_stat", "duration_ms": 3.42, "correlation_id": "64981a2a-1542-4588-9ad4-bdb317054e03"}
{"timestamp": "2026-06-05 11:45:18,646", "level": "INFO", "logger_name": "django.server", "message": "\"GET /api/topics/6/vote/stat/ HTTP/1.1\" 200 97"}
{"timestamp": "2026-06-05 11:45:28,644", "level": "INFO", "logger_name": "core.api", "message": "API Request Started: GET /api/topics/6/vote/stat/", "request_id": "bc1359cd-aedd-4266-a1c7-2c049de558b0", "user_id": null, "api_id": "topic_api-get_vote_stat", "correlation_id": "bc1359cd-aedd-4266-a1c7-2c049de558b0"}
{"timestamp": "2026-06-05 11:45:28,648", "level": "INFO", "logger_name": "core.api", "message": "API Response Completed: 200", "request_id": "bc1359cd-aedd-4266-a1c7-2c049de558b0", "user_id": null, "api_id": "topic_api-get_vote_stat", "duration_ms": 4.23, "correlation_id": "bc1359cd-aedd-4266-a1c7-2c049de558b0"}
{"timestamp": "2026-06-05 11:45:28,648", "level": "INFO", "logger_name": "django.server", "message": "\"GET /api/topics/6/vote/stat/ HTTP/1.1\" 200 97"}
{"timestamp": "2026-06-05 11:45:38,632", "level": "INFO", "logger_name": "core.api", "message": "API Request Started: GET /api/topics/6/vote/stat/", "request_id": "bc2ecd4d-854a-46d5-acb2-ccfd2ee5fe36", "user_id": null, "api_id": "topic_api-get_vote_stat", "correlation_id": "bc2ecd4d-854a-46d5-acb2-ccfd2ee5fe36"}
{"timestamp": "2026-06-05 11:45:38,635", "level": "INFO", "logger_name": "core.api", "message": "API Response Completed: 200", "request_id": "bc2ecd4d-854a-46d5-acb2-ccfd2ee5fe36", "user_id": null, "api_id": "topic_api-get_vote_stat", "duration_ms": 3.13, "correlation_id": "bc2ecd4d-854a-46d5-acb2-ccfd2ee5fe36"}
{"timestamp": "2026-06-05 11:45:38,635", "level": "INFO", "logger_name": "django.server", "message": "\"GET /api/topics/6/vote/stat/ HTTP/1.1\" 200 97"}
{"timestamp": "2026-06-05 11:45:48,639", "level": "INFO", "logger_name": "core.api", "message": "API Request Started: GET /api/topics/6/vote/stat/", "request_id": "e2461c1c-7a71-45b9-88f7-b7c101377a97", "user_id": null, "api_id": "topic_api-get_vote_stat", "correlation_id": "e2461c1c-7a71-45b9-88f7-b7c101377a97"}
{"timestamp": "2026-06-05 11:45:48,642", "level": "INFO", "logger_name": "core.api", "message": "API Response Completed: 200", "request_id": "e2461c1c-7a71-45b9-88f7-b7c101377a97", "user_id": null, "api_id": "topic_api-get_vote_stat", "duration_ms": 3.15, "correlation_id": "e2461c1c-7a71-45b9-88f7-b7c101377a97"}
{"timestamp": "2026-06-05 11:45:48,642", "level": "INFO", "logger_name": "django.server", "message": "\"GET /api/topics/6/vote/stat/ HTTP/1.1\" 200 97"}
{"timestamp": "2026-06-05 11:45:58,638", "level": "INFO", "logger_name": "core.api", "message": "API Request Started: GET /api/topics/6/vote/stat/", "request_id": "424d168c-95e1-4bc1-a1f9-07577031ef96", "user_id": null, "api_id": "topic_api-get_vote_stat", "correlation_id": "424d168c-95e1-4bc1-a1f9-07577031ef96"}
{"timestamp": "2026-06-05 11:45:58,641", "level": "INFO", "logger_name": "core.api", "message": "API Response Completed: 200", "request_id": "424d168c-95e1-4bc1-a1f9-07577031ef96", "user_id": null, "api_id": "topic_api-get_vote_stat", "duration_ms": 3.4, "correlation_id": "424d168c-95e1-4bc1-a1f9-07577031ef96"}
{"timestamp": "2026-06-05 11:45:58,642", "level": "INFO", "logger_name": "django.server", "message": "\"GET /api/topics/6/vote/stat/ HTTP/1.1\" 200 97"}
{"timestamp": "2026-06-05 11:46:08,640", "level": "INFO", "logger_name": "core.api", "message": "API Request Started: GET /api/topics/6/vote/stat/", "request_id": "0e416d18-6941-4d61-bd94-28d029e39d2a", "user_id": null, "api_id": "topic_api-get_vote_stat", "correlation_id": "0e416d18-6941-4d61-bd94-28d029e39d2a"}
{"timestamp": "2026-06-05 11:46:08,642", "level": "INFO", "logger_name": "core.api", "message": "API Response Completed: 200", "request_id": "0e416d18-6941-4d61-bd94-28d029e39d2a", "user_id": null, "api_id": "topic_api-get_vote_stat", "duration_ms": 2.61, "correlation_id": "0e416d18-6941-4d61-bd94-28d029e39d2a"}
{"timestamp": "2026-06-05 11:46:08,643", "level": "INFO", "logger_name": "django.server", "message": "\"GET /api/topics/6/vote/stat/ HTTP/1.1\" 200 97"}
{"timestamp": "2026-06-05 11:46:18,645", "level": "INFO", "logger_name": "core.api", "message": "API Request Started: GET /api/topics/6/vote/stat/", "request_id": "8a594741-74ad-4800-b1b2-755a919395fa", "user_id": null, "api_id": "topic_api-get_vote_stat", "correlation_id": "8a594741-74ad-4800-b1b2-755a919395fa"}
{"timestamp": "2026-06-05 11:46:18,648", "level": "INFO", "logger_name": "core.api", "message": "API Response Completed: 200", "request_id": "8a594741-74ad-4800-b1b2-755a919395fa", "user_id": null, "api_id": "topic_api-get_vote_stat", "duration_ms": 2.89, "correlation_id": "8a594741-74ad-4800-b1b2-755a919395fa"}
{"timestamp": "2026-06-05 11:46:18,648", "level": "INFO", "logger_name": "django.server", "message": "\"GET /api/topics/6/vote/stat/ HTTP/1.1\" 200 97"}
{"timestamp": "2026-06-05 11:46:28,655", "level": "INFO", "logger_name": "core.api", "message": "API Request Started: GET /api/topics/6/vote/stat/", "request_id": "a68fdd6c-5063-433c-89d7-daaaf451ad9b", "user_id": null, "api_id": "topic_api-get_vote_stat", "correlation_id": "a68fdd6c-5063-433c-89d7-daaaf451ad9b"}
{"timestamp": "2026-06-05 11:46:28,658", "level": "INFO", "logger_name": "core.api", "message": "API Response Completed: 200", "request_id": "a68fdd6c-5063-433c-89d7-daaaf451ad9b", "user_id": null, "api_id": "topic_api-get_vote_stat", "duration_ms": 2.96, "correlation_id": "a68fdd6c-5063-433c-89d7-daaaf451ad9b"}
{"timestamp": "2026-06-05 11:46:28,658", "level": "INFO", "logger_name": "django.server", "message": "\"GET /api/topics/6/vote/stat/ HTTP/1.1\" 200 97"}
{"timestamp": "2026-06-05 11:46:38,647", "level": "INFO", "logger_name": "core.api", "message": "API Request Started: GET /api/topics/6/vote/stat/", "request_id": "7fa3b943-19b9-4189-abbc-9a20baf02dee", "user_id": null, "api_id": "topic_api-get_vote_stat", "correlation_id": "7fa3b943-19b9-4189-abbc-9a20baf02dee"}
{"timestamp": "2026-06-05 11:46:38,652", "level": "INFO", "logger_name": "core.api", "message": "API Response Completed: 200", "request_id": "7fa3b943-19b9-4189-abbc-9a20baf02dee", "user_id": null, "api_id": "topic_api-get_vote_stat", "duration_ms": 4.69, "correlation_id": "7fa3b943-19b9-4189-abbc-9a20baf02dee"}
{"timestamp": "2026-06-05 11:46:38,652", "level": "INFO", "logger_name": "django.server", "message": "\"GET /api/topics/6/vote/stat/ HTTP/1.1\" 200 97"}
{"timestamp": "2026-06-05 11:46:48,630", "level": "INFO", "logger_name": "core.api", "message": "API Request Started: GET /api/topics/6/vote/stat/", "request_id": "386422c1-4f2d-4f8b-baa3-7284c2c8fd5d", "user_id": null, "api_id": "topic_api-get_vote_stat", "correlation_id": "386422c1-4f2d-4f8b-baa3-7284c2c8fd5d"}
{"timestamp": "2026-06-05 11:46:48,633", "level": "INFO", "logger_name": "core.api", "message": "API Response Completed: 200", "request_id": "386422c1-4f2d-4f8b-baa3-7284c2c8fd5d", "user_id": null, "api_id": "topic_api-get_vote_stat", "duration_ms": 2.83, "correlation_id": "386422c1-4f2d-4f8b-baa3-7284c2c8fd5d"}
{"timestamp": "2026-06-05 11:46:48,633", "level": "INFO", "logger_name": "django.server", "message": "\"GET /api/topics/6/vote/stat/ HTTP/1.1\" 200 97"}
{"timestamp": "2026-06-05 11:46:58,644", "level": "INFO", "logger_name": "core.api", "message": "API Request Started: GET /api/topics/6/vote/stat/", "request_id": "d812b848-84ba-4768-9f71-36bc530fe627", "user_id": null, "api_id": "topic_api-get_vote_stat", "correlation_id": "d812b848-84ba-4768-9f71-36bc530fe627"}
{"timestamp": "2026-06-05 11:46:58,648", "level": "INFO", "logger_name": "core.api", "message": "API Response Completed: 200", "request_id": "d812b848-84ba-4768-9f71-36bc530fe627", "user_id": null, "api_id": "topic_api-get_vote_stat", "duration_ms": 3.48, "correlation_id": "d812b848-84ba-4768-9f71-36bc530fe627"}
{"timestamp": "2026-06-05 11:46:58,648", "level": "INFO", "logger_name": "django.server", "message": "\"GET /api/topics/6/vote/stat/ HTTP/1.1\" 200 97"}
{"timestamp": "2026-06-05 11:47:08,652", "level": "INFO", "logger_name": "core.api", "message": "API Request Started: GET /api/topics/6/vote/stat/", "request_id": "81a55466-1a7d-4322-82e9-f34ad347b62a", "user_id": null, "api_id": "topic_api-get_vote_stat", "correlation_id": "81a55466-1a7d-4322-82e9-f34ad347b62a"}
{"timestamp": "2026-06-05 11:47:08,655", "level": "INFO", "logger_name": "core.api", "message": "API Response Completed: 200", "request_id": "81a55466-1a7d-4322-82e9-f34ad347b62a", "user_id": null, "api_id": "topic_api-get_vote_stat", "duration_ms": 3.18, "correlation_id": "81a55466-1a7d-4322-82e9-f34ad347b62a"}
{"timestamp": "2026-06-05 11:47:08,655", "level": "INFO", "logger_name": "django.server", "message": "\"GET /api/topics/6/vote/stat/ HTTP/1.1\" 200 97"}
{"timestamp": "2026-06-05 11:47:18,655", "level": "INFO", "logger_name": "core.api", "message": "API Request Started: GET /api/topics/6/vote/stat/", "request_id": "ce99b038-9104-459b-826c-d22e12695675", "user_id": null, "api_id": "topic_api-get_vote_stat", "correlation_id": "ce99b038-9104-459b-826c-d22e12695675"}
{"timestamp": "2026-06-05 11:47:18,658", "level": "INFO", "logger_name": "core.api", "message": "API Response Completed: 200", "request_id": "ce99b038-9104-459b-826c-d22e12695675", "user_id": null, "api_id": "topic_api-get_vote_stat", "duration_ms": 3.2, "correlation_id": "ce99b038-9104-459b-826c-d22e12695675"}
{"timestamp": "2026-06-05 11:47:18,659", "level": "INFO", "logger_name": "django.server", "message": "\"GET /api/topics/6/vote/stat/ HTTP/1.1\" 200 97"}
{"timestamp": "2026-06-05 11:47:28,628", "level": "INFO", "logger_name": "core.api", "message": "API Request Started: GET /api/topics/6/vote/stat/", "request_id": "39058f5e-93be-4c58-8055-d25a23b2ffed", "user_id": null, "api_id": "topic_api-get_vote_stat", "correlation_id": "39058f5e-93be-4c58-8055-d25a23b2ffed"}
{"timestamp": "2026-06-05 11:47:28,631", "level": "INFO", "logger_name": "core.api", "message": "API Response Completed: 200", "request_id": "39058f5e-93be-4c58-8055-d25a23b2ffed", "user_id": null, "api_id": "topic_api-get_vote_stat", "duration_ms": 3.4, "correlation_id": "39058f5e-93be-4c58-8055-d25a23b2ffed"}
{"timestamp": "2026-06-05 11:47:28,631", "level": "INFO", "logger_name": "django.server", "message": "\"GET /api/topics/6/vote/stat/ HTTP/1.1\" 200 97"}
{"timestamp": "2026-06-05 11:47:38,646", "level": "INFO", "logger_name": "core.api", "message": "API Request Started: GET /api/topics/6/vote/stat/", "request_id": "34ceb1f7-00fd-482d-9ba7-a145f5626f9c", "user_id": null, "api_id": "topic_api-get_vote_stat", "correlation_id": "34ceb1f7-00fd-482d-9ba7-a145f5626f9c"}
{"timestamp": "2026-06-05 11:47:38,649", "level": "INFO", "logger_name": "core.api", "message": "API Response Completed: 200", "request_id": "34ceb1f7-00fd-482d-9ba7-a145f5626f9c", "user_id": null, "api_id": "topic_api-get_vote_stat", "duration_ms": 3.04, "correlation_id": "34ceb1f7-00fd-482d-9ba7-a145f5626f9c"}
{"timestamp": "2026-06-05 11:47:38,649", "level": "INFO", "logger_name": "django.server", "message": "\"GET /api/topics/6/vote/stat/ HTTP/1.1\" 200 97"}
{"timestamp": "2026-06-05 11:47:48,619", "level": "INFO", "logger_name": "core.api", "message": "API Request Started: GET /api/topics/6/vote/stat/", "request_id": "8ffd5860-9699-42c7-8760-0d4e22cea486", "user_id": null, "api_id": "topic_api-get_vote_stat", "correlation_id": "8ffd5860-9699-42c7-8760-0d4e22cea486"}
{"timestamp": "2026-06-05 11:47:48,622", "level": "INFO", "logger_name": "core.api", "message": "API Response Completed: 200", "request_id": "8ffd5860-9699-42c7-8760-0d4e22cea486", "user_id": null, "api_id": "topic_api-get_vote_stat", "duration_ms": 3.11, "correlation_id": "8ffd5860-9699-42c7-8760-0d4e22cea486"}
{"timestamp": "2026-06-05 11:47:48,622", "level": "INFO", "logger_name": "django.server", "message": "\"GET /api/topics/6/vote/stat/ HTTP/1.1\" 200 97"}
{"timestamp": "2026-06-05 11:47:58,638", "level": "INFO", "logger_name": "core.api", "message": "API Request Started: GET /api/topics/6/vote/stat/", "request_id": "cef58a8a-429a-4514-b4c9-4c5335a42e2a", "user_id": null, "api_id": "topic_api-get_vote_stat", "correlation_id": "cef58a8a-429a-4514-b4c9-4c5335a42e2a"}
{"timestamp": "2026-06-05 11:47:58,642", "level": "INFO", "logger_name": "core.api", "message": "API Response Completed: 200", "request_id": "cef58a8a-429a-4514-b4c9-4c5335a42e2a", "user_id": null, "api_id": "topic_api-get_vote_stat", "duration_ms": 4.15, "correlation_id": "cef58a8a-429a-4514-b4c9-4c5335a42e2a"}
{"timestamp": "2026-06-05 11:47:58,643", "level": "INFO", "logger_name": "django.server", "message": "\"GET /api/topics/6/vote/stat/ HTTP/1.1\" 200 97"}
{"timestamp": "2026-06-05 11:48:08,638", "level": "INFO", "logger_name": "core.api", "message": "API Request Started: GET /api/topics/6/vote/stat/", "request_id": "9faa3489-d777-4080-86ef-d20ef19651a9", "user_id": null, "api_id": "topic_api-get_vote_stat", "correlation_id": "9faa3489-d777-4080-86ef-d20ef19651a9"}
{"timestamp": "2026-06-05 11:48:08,643", "level": "INFO", "logger_name": "core.api", "message": "API Response Completed: 200", "request_id": "9faa3489-d777-4080-86ef-d20ef19651a9", "user_id": null, "api_id": "topic_api-get_vote_stat", "duration_ms": 4.71, "correlation_id": "9faa3489-d777-4080-86ef-d20ef19651a9"}
{"timestamp": "2026-06-05 11:48:08,644", "level": "INFO", "logger_name": "django.server", "message": "\"GET /api/topics/6/vote/stat/ HTTP/1.1\" 200 97"}
{"timestamp": "2026-06-05 11:48:18,624", "level": "INFO", "logger_name": "core.api", "message": "API Request Started: GET /api/topics/6/vote/stat/", "request_id": "daaac022-f457-4ca4-ab15-21ff91b635b7", "user_id": null, "api_id": "topic_api-get_vote_stat", "correlation_id": "daaac022-f457-4ca4-ab15-21ff91b635b7"}
{"timestamp": "2026-06-05 11:48:18,627", "level": "INFO", "logger_name": "core.api", "message": "API Response Completed: 200", "request_id": "daaac022-f457-4ca4-ab15-21ff91b635b7", "user_id": null, "api_id": "topic_api-get_vote_stat", "duration_ms": 2.98, "correlation_id": "daaac022-f457-4ca4-ab15-21ff91b635b7"}
{"timestamp": "2026-06-05 11:48:18,627", "level": "INFO", "logger_name": "django.server", "message": "\"GET /api/topics/6/vote/stat/ HTTP/1.1\" 200 97"}
{"timestamp": "2026-06-05 11:48:28,625", "level": "INFO", "logger_name": "core.api", "message": "API Request Started: GET /api/topics/6/vote/stat/", "request_id": "468a8dd5-ddb6-42e9-8b69-0da4d8e5b54c", "user_id": null, "api_id": "topic_api-get_vote_stat", "correlation_id": "468a8dd5-ddb6-42e9-8b69-0da4d8e5b54c"}
{"timestamp": "2026-06-05 11:48:28,630", "level": "INFO", "logger_name": "core.api", "message": "API Response Completed: 200", "request_id": "468a8dd5-ddb6-42e9-8b69-0da4d8e5b54c", "user_id": null, "api_id": "topic_api-get_vote_stat", "duration_ms": 5.48, "correlation_id": "468a8dd5-ddb6-42e9-8b69-0da4d8e5b54c"}
{"timestamp": "2026-06-05 11:48:28,631", "level": "INFO", "logger_name": "django.server", "message": "\"GET /api/topics/6/vote/stat/ HTTP/1.1\" 200 97"}
{"timestamp": "2026-06-05 11:48:38,642", "level": "INFO", "logger_name": "core.api", "message": "API Request Started: GET /api/topics/6/vote/stat/", "request_id": "28a98074-7ae0-4d4d-8a9f-c49b51c43e01", "user_id": null, "api_id": "topic_api-get_vote_stat", "correlation_id": "28a98074-7ae0-4d4d-8a9f-c49b51c43e01"}
{"timestamp": "2026-06-05 11:48:38,649", "level": "INFO", "logger_name": "core.api", "message": "API Response Completed: 200", "request_id": "28a98074-7ae0-4d4d-8a9f-c49b51c43e01", "user_id": null, "api_id": "topic_api-get_vote_stat", "duration_ms": 7.12, "correlation_id": "28a98074-7ae0-4d4d-8a9f-c49b51c43e01"}
{"timestamp": "2026-06-05 11:48:38,650", "level": "INFO", "logger_name": "django.server", "message": "\"GET /api/topics/6/vote/stat/ HTTP/1.1\" 200 97"}
{"timestamp": "2026-06-05 11:48:48,627", "level": "INFO", "logger_name": "core.api", "message": "API Request Started: GET /api/topics/6/vote/stat/", "request_id": "4ca21f06-923c-47f6-bbb3-90cedb229451", "user_id": null, "api_id": "topic_api-get_vote_stat", "correlation_id": "4ca21f06-923c-47f6-bbb3-90cedb229451"}
{"timestamp": "2026-06-05 11:48:48,631", "level": "INFO", "logger_name": "core.api", "message": "API Response Completed: 200", "request_id": "4ca21f06-923c-47f6-bbb3-90cedb229451", "user_id": null, "api_id": "topic_api-get_vote_stat", "duration_ms": 3.78, "correlation_id": "4ca21f06-923c-47f6-bbb3-90cedb229451"}
{"timestamp": "2026-06-05 11:48:48,632", "level": "INFO", "logger_name": "django.server", "message": "\"GET /api/topics/6/vote/stat/ HTTP/1.1\" 200 97"}
{"timestamp": "2026-06-05 11:48:58,641", "level": "INFO", "logger_name": "core.api", "message": "API Request Started: GET /api/topics/6/vote/stat/", "request_id": "444d558e-1ed0-4ffd-affa-876999ae9ca7", "user_id": null, "api_id": "topic_api-get_vote_stat", "correlation_id": "444d558e-1ed0-4ffd-affa-876999ae9ca7"}
{"timestamp": "2026-06-05 11:48:58,647", "level": "INFO", "logger_name": "core.api", "message": "API Response Completed: 200", "request_id": "444d558e-1ed0-4ffd-affa-876999ae9ca7", "user_id": null, "api_id": "topic_api-get_vote_stat", "duration_ms": 5.81, "correlation_id": "444d558e-1ed0-4ffd-affa-876999ae9ca7"}
{"timestamp": "2026-06-05 11:48:58,648", "level": "INFO", "logger_name": "django.server", "message": "\"GET /api/topics/6/vote/stat/ HTTP/1.1\" 200 97"}
{"timestamp": "2026-06-05 11:49:08,652", "level": "INFO", "logger_name": "core.api", "message": "API Request Started: GET /api/topics/6/vote/stat/", "request_id": "3a1408d7-d9c1-4f23-9299-5529edf0e70e", "user_id": null, "api_id": "topic_api-get_vote_stat", "correlation_id": "3a1408d7-d9c1-4f23-9299-5529edf0e70e"}
{"timestamp": "2026-06-05 11:49:08,659", "level": "INFO", "logger_name": "core.api", "message": "API Response Completed: 200", "request_id": "3a1408d7-d9c1-4f23-9299-5529edf0e70e", "user_id": null, "api_id": "topic_api-get_vote_stat", "duration_ms": 7.06, "correlation_id": "3a1408d7-d9c1-4f23-9299-5529edf0e70e"}
{"timestamp": "2026-06-05 11:49:08,659", "level": "INFO", "logger_name": "django.server", "message": "\"GET /api/topics/6/vote/stat/ HTTP/1.1\" 200 97"}
{"timestamp": "2026-06-05 11:49:18,634", "level": "INFO", "logger_name": "core.api", "message": "API Request Started: GET /api/topics/6/vote/stat/", "request_id": "ea91b7a9-7330-4a5c-83ba-19eeba05e4f1", "user_id": null, "api_id": "topic_api-get_vote_stat", "correlation_id": "ea91b7a9-7330-4a5c-83ba-19eeba05e4f1"}
{"timestamp": "2026-06-05 11:49:18,637", "level": "INFO", "logger_name": "core.api", "message": "API Response Completed: 200", "request_id": "ea91b7a9-7330-4a5c-83ba-19eeba05e4f1", "user_id": null, "api_id": "topic_api-get_vote_stat", "duration_ms": 2.99, "correlation_id": "ea91b7a9-7330-4a5c-83ba-19eeba05e4f1"}
{"timestamp": "2026-06-05 11:49:18,637", "level": "INFO", "logger_name": "django.server", "message": "\"GET /api/topics/6/vote/stat/ HTTP/1.1\" 200 97"}
{"timestamp": "2026-06-05 11:49:28,639", "level": "INFO", "logger_name": "core.api", "message": "API Request Started: GET /api/topics/6/vote/stat/", "request_id": "b06b8d00-a937-45a5-b976-963f080bf980", "user_id": null, "api_id": "topic_api-get_vote_stat", "correlation_id": "b06b8d00-a937-45a5-b976-963f080bf980"}
{"timestamp": "2026-06-05 11:49:28,648", "level": "INFO", "logger_name": "core.api", "message": "API Response Completed: 200", "request_id": "b06b8d00-a937-45a5-b976-963f080bf980", "user_id": null, "api_id": "topic_api-get_vote_stat", "duration_ms": 9.74, "correlation_id": "b06b8d00-a937-45a5-b976-963f080bf980"}
{"timestamp": "2026-06-05 11:49:28,649", "level": "INFO", "logger_name": "django.server", "message": "\"GET /api/topics/6/vote/stat/ HTTP/1.1\" 200 97"}
{"timestamp": "2026-06-05 11:49:38,625", "level": "INFO", "logger_name": "core.api", "message": "API Request Started: GET /api/topics/6/vote/stat/", "request_id": "f04a5f35-dcec-4105-853b-4fd3802bc4ca", "user_id": null, "api_id": "topic_api-get_vote_stat", "correlation_id": "f04a5f35-dcec-4105-853b-4fd3802bc4ca"}
{"timestamp": "2026-06-05 11:49:38,628", "level": "INFO", "logger_name": "core.api", "message": "API Response Completed: 200", "request_id": "f04a5f35-dcec-4105-853b-4fd3802bc4ca", "user_id": null, "api_id": "topic_api-get_vote_stat", "duration_ms": 2.65, "correlation_id": "f04a5f35-dcec-4105-853b-4fd3802bc4ca"}
{"timestamp": "2026-06-05 11:49:38,628", "level": "INFO", "logger_name": "django.server", "message": "\"GET /api/topics/6/vote/stat/ HTTP/1.1\" 200 97"}
{"timestamp": "2026-06-05 11:49:48,642", "level": "INFO", "logger_name": "core.api", "message": "API Request Started: GET /api/topics/6/vote/stat/", "request_id": "a345045c-b31a-460b-9194-40c74276ee20", "user_id": null, "api_id": "topic_api-get_vote_stat", "correlation_id": "a345045c-b31a-460b-9194-40c74276ee20"}
{"timestamp": "2026-06-05 11:49:48,646", "level": "INFO", "logger_name": "core.api", "message": "API Response Completed: 200", "request_id": "a345045c-b31a-460b-9194-40c74276ee20", "user_id": null, "api_id": "topic_api-get_vote_stat", "duration_ms": 4.35, "correlation_id": "a345045c-b31a-460b-9194-40c74276ee20"}
{"timestamp": "2026-06-05 11:49:48,647", "level": "INFO", "logger_name": "django.server", "message": "\"GET /api/topics/6/vote/stat/ HTTP/1.1\" 200 97"}
{"timestamp": "2026-06-05 11:49:58,623", "level": "INFO", "logger_name": "core.api", "message": "API Request Started: GET /api/topics/6/vote/stat/", "request_id": "98d7c608-9623-4774-bcf7-1e4199792d3e", "user_id": null, "api_id": "topic_api-get_vote_stat", "correlation_id": "98d7c608-9623-4774-bcf7-1e4199792d3e"}
{"timestamp": "2026-06-05 11:49:58,628", "level": "INFO", "logger_name": "core.api", "message": "API Response Completed: 200", "request_id": "98d7c608-9623-4774-bcf7-1e4199792d3e", "user_id": null, "api_id": "topic_api-get_vote_stat", "duration_ms": 5.37, "correlation_id": "98d7c608-9623-4774-bcf7-1e4199792d3e"}
{"timestamp": "2026-06-05 11:49:58,629", "level": "INFO", "logger_name": "django.server", "message": "\"GET /api/topics/6/vote/stat/ HTTP/1.1\" 200 97"}
{"timestamp": "2026-06-05 11:50:08,641", "level": "INFO", "logger_name": "core.api", "message": "API Request Started: GET /api/topics/6/vote/stat/", "request_id": "44498c46-5cd1-464e-92e0-0c2b86acee5a", "user_id": null, "api_id": "topic_api-get_vote_stat", "correlation_id": "44498c46-5cd1-464e-92e0-0c2b86acee5a"}
{"timestamp": "2026-06-05 11:50:08,647", "level": "INFO", "logger_name": "core.api", "message": "API Response Completed: 200", "request_id": "44498c46-5cd1-464e-92e0-0c2b86acee5a", "user_id": null, "api_id": "topic_api-get_vote_stat", "duration_ms": 6.22, "correlation_id": "44498c46-5cd1-464e-92e0-0c2b86acee5a"}
{"timestamp": "2026-06-05 11:50:08,648", "level": "INFO", "logger_name": "django.server", "message": "\"GET /api/topics/6/vote/stat/ HTTP/1.1\" 200 97"}
{"timestamp": "2026-06-05 11:50:18,630", "level": "INFO", "logger_name": "core.api", "message": "API Request Started: GET /api/topics/6/vote/stat/", "request_id": "b8f88dbb-ee2a-4b9d-bac1-76fab0cb62a1", "user_id": null, "api_id": "topic_api-get_vote_stat", "correlation_id": "b8f88dbb-ee2a-4b9d-bac1-76fab0cb62a1"}
{"timestamp": "2026-06-05 11:50:18,634", "level": "INFO", "logger_name": "core.api", "message": "API Response Completed: 200", "request_id": "b8f88dbb-ee2a-4b9d-bac1-76fab0cb62a1", "user_id": null, "api_id": "topic_api-get_vote_stat", "duration_ms": 4.58, "correlation_id": "b8f88dbb-ee2a-4b9d-bac1-76fab0cb62a1"}
{"timestamp": "2026-06-05 11:50:18,635", "level": "INFO", "logger_name": "django.server", "message": "\"GET /api/topics/6/vote/stat/ HTTP/1.1\" 200 97"}
{"timestamp": "2026-06-05 11:50:28,641", "level": "INFO", "logger_name": "core.api", "message": "API Request Started: GET /api/topics/6/vote/stat/", "request_id": "1f4be159-6f3b-41b6-a13e-7add22dbf668", "user_id": null, "api_id": "topic_api-get_vote_stat", "correlation_id": "1f4be159-6f3b-41b6-a13e-7add22dbf668"}
{"timestamp": "2026-06-05 11:50:28,645", "level": "INFO", "logger_name": "core.api", "message": "API Response Completed: 200", "request_id": "1f4be159-6f3b-41b6-a13e-7add22dbf668", "user_id": null, "api_id": "topic_api-get_vote_stat", "duration_ms": 3.75, "correlation_id": "1f4be159-6f3b-41b6-a13e-7add22dbf668"}
{"timestamp": "2026-06-05 11:50:28,645", "level": "INFO", "logger_name": "django.server", "message": "\"GET /api/topics/6/vote/stat/ HTTP/1.1\" 200 97"}
{"timestamp": "2026-06-05 11:50:38,644", "level": "INFO", "logger_name": "core.api", "message": "API Request Started: GET /api/topics/6/vote/stat/", "request_id": "e4c0280a-36e6-478d-a4d9-950f4fd2de50", "user_id": null, "api_id": "topic_api-get_vote_stat", "correlation_id": "e4c0280a-36e6-478d-a4d9-950f4fd2de50"}
{"timestamp": "2026-06-05 11:50:38,649", "level": "INFO", "logger_name": "core.api", "message": "API Response Completed: 200", "request_id": "e4c0280a-36e6-478d-a4d9-950f4fd2de50", "user_id": null, "api_id": "topic_api-get_vote_stat", "duration_ms": 5.4, "correlation_id": "e4c0280a-36e6-478d-a4d9-950f4fd2de50"}
{"timestamp": "2026-06-05 11:50:38,650", "level": "INFO", "logger_name": "django.server", "message": "\"GET /api/topics/6/vote/stat/ HTTP/1.1\" 200 97"}
{"timestamp": "2026-06-05 11:50:48,641", "level": "INFO", "logger_name": "core.api", "message": "API Request Started: GET /api/topics/6/vote/stat/", "request_id": "a805d268-7c6e-4b12-8d14-ed8e133a6259", "user_id": null, "api_id": "topic_api-get_vote_stat", "correlation_id": "a805d268-7c6e-4b12-8d14-ed8e133a6259"}
{"timestamp": "2026-06-05 11:50:48,650", "level": "INFO", "logger_name": "core.api", "message": "API Response Completed: 200", "request_id": "a805d268-7c6e-4b12-8d14-ed8e133a6259", "user_id": null, "api_id": "topic_api-get_vote_stat", "duration_ms": 8.57, "correlation_id": "a805d268-7c6e-4b12-8d14-ed8e133a6259"}
{"timestamp": "2026-06-05 11:50:48,650", "level": "INFO", "logger_name": "django.server", "message": "\"GET /api/topics/6/vote/stat/ HTTP/1.1\" 200 97"}
{"timestamp": "2026-06-05 11:50:58,646", "level": "INFO", "logger_name": "core.api", "message": "API Request Started: GET /api/topics/6/vote/stat/", "request_id": "c9754eb4-fbb7-4016-a7b2-f99823758812", "user_id": null, "api_id": "topic_api-get_vote_stat", "correlation_id": "c9754eb4-fbb7-4016-a7b2-f99823758812"}
{"timestamp": "2026-06-05 11:50:58,650", "level": "INFO", "logger_name": "core.api", "message": "API Response Completed: 200", "request_id": "c9754eb4-fbb7-4016-a7b2-f99823758812", "user_id": null, "api_id": "topic_api-get_vote_stat", "duration_ms": 4.01, "correlation_id": "c9754eb4-fbb7-4016-a7b2-f99823758812"}
{"timestamp": "2026-06-05 11:50:58,651", "level": "INFO", "logger_name": "django.server", "message": "\"GET /api/topics/6/vote/stat/ HTTP/1.1\" 200 97"}
{"timestamp": "2026-06-05 11:51:08,647", "level": "INFO", "logger_name": "core.api", "message": "API Request Started: GET /api/topics/6/vote/stat/", "request_id": "f39fc9e2-ed86-490c-8686-077fc211910e", "user_id": null, "api_id": "topic_api-get_vote_stat", "correlation_id": "f39fc9e2-ed86-490c-8686-077fc211910e"}
{"timestamp": "2026-06-05 11:51:08,650", "level": "INFO", "logger_name": "core.api", "message": "API Response Completed: 200", "request_id": "f39fc9e2-ed86-490c-8686-077fc211910e", "user_id": null, "api_id": "topic_api-get_vote_stat", "duration_ms": 2.94, "correlation_id": "f39fc9e2-ed86-490c-8686-077fc211910e"}
{"timestamp": "2026-06-05 11:51:08,650", "level": "INFO", "logger_name": "django.server", "message": "\"GET /api/topics/6/vote/stat/ HTTP/1.1\" 200 97"}
{"timestamp": "2026-06-05 11:51:18,633", "level": "INFO", "logger_name": "core.api", "message": "API Request Started: GET /api/topics/6/vote/stat/", "request_id": "fb660a38-6bc9-442e-a856-ccbe7929c857", "user_id": null, "api_id": "topic_api-get_vote_stat", "correlation_id": "fb660a38-6bc9-442e-a856-ccbe7929c857"}
{"timestamp": "2026-06-05 11:51:18,636", "level": "INFO", "logger_name": "core.api", "message": "API Response Completed: 200", "request_id": "fb660a38-6bc9-442e-a856-ccbe7929c857", "user_id": null, "api_id": "topic_api-get_vote_stat", "duration_ms": 3.07, "correlation_id": "fb660a38-6bc9-442e-a856-ccbe7929c857"}
{"timestamp": "2026-06-05 11:51:18,636", "level": "INFO", "logger_name": "django.server", "message": "\"GET /api/topics/6/vote/stat/ HTTP/1.1\" 200 97"}
{"timestamp": "2026-06-05 11:51:28,635", "level": "INFO", "logger_name": "core.api", "message": "API Request Started: GET /api/topics/6/vote/stat/", "request_id": "fcfdc681-6eee-4655-bfc7-917a8d43d849", "user_id": null, "api_id": "topic_api-get_vote_stat", "correlation_id": "fcfdc681-6eee-4655-bfc7-917a8d43d849"}
{"timestamp": "2026-06-05 11:51:28,638", "level": "INFO", "logger_name": "core.api", "message": "API Response Completed: 200", "request_id": "fcfdc681-6eee-4655-bfc7-917a8d43d849", "user_id": null, "api_id": "topic_api-get_vote_stat", "duration_ms": 3.38, "correlation_id": "fcfdc681-6eee-4655-bfc7-917a8d43d849"}
{"timestamp": "2026-06-05 11:51:28,639", "level": "INFO", "logger_name": "django.server", "message": "\"GET /api/topics/6/vote/stat/ HTTP/1.1\" 200 97"}
{"timestamp": "2026-06-05 11:51:38,629", "level": "INFO", "logger_name": "core.api", "message": "API Request Started: GET /api/topics/6/vote/stat/", "request_id": "e3256083-5ee9-4e01-8673-4369146d535b", "user_id": null, "api_id": "topic_api-get_vote_stat", "correlation_id": "e3256083-5ee9-4e01-8673-4369146d535b"}
{"timestamp": "2026-06-05 11:51:38,633", "level": "INFO", "logger_name": "core.api", "message": "API Response Completed: 200", "request_id": "e3256083-5ee9-4e01-8673-4369146d535b", "user_id": null, "api_id": "topic_api-get_vote_stat", "duration_ms": 3.52, "correlation_id": "e3256083-5ee9-4e01-8673-4369146d535b"}
{"timestamp": "2026-06-05 11:51:38,633", "level": "INFO", "logger_name": "django.server", "message": "\"GET /api/topics/6/vote/stat/ HTTP/1.1\" 200 97"}
{"timestamp": "2026-06-05 11:51:48,634", "level": "INFO", "logger_name": "core.api", "message": "API Request Started: GET /api/topics/6/vote/stat/", "request_id": "f6f1de29-d508-4bf1-b15c-bf9d6ac70131", "user_id": null, "api_id": "topic_api-get_vote_stat", "correlation_id": "f6f1de29-d508-4bf1-b15c-bf9d6ac70131"}
{"timestamp": "2026-06-05 11:51:48,637", "level": "INFO", "logger_name": "core.api", "message": "API Response Completed: 200", "request_id": "f6f1de29-d508-4bf1-b15c-bf9d6ac70131", "user_id": null, "api_id": "topic_api-get_vote_stat", "duration_ms": 3.51, "correlation_id": "f6f1de29-d508-4bf1-b15c-bf9d6ac70131"}
{"timestamp": "2026-06-05 11:51:48,637", "level": "INFO", "logger_name": "django.server", "message": "\"GET /api/topics/6/vote/stat/ HTTP/1.1\" 200 97"}
{"timestamp": "2026-06-05 11:51:58,620", "level": "INFO", "logger_name": "core.api", "message": "API Request Started: GET /api/topics/6/vote/stat/", "request_id": "0b9a1cdc-3513-4da0-83dd-1e014894d0a9", "user_id": null, "api_id": "topic_api-get_vote_stat", "correlation_id": "0b9a1cdc-3513-4da0-83dd-1e014894d0a9"}
{"timestamp": "2026-06-05 11:51:58,625", "level": "INFO", "logger_name": "core.api", "message": "API Response Completed: 200", "request_id": "0b9a1cdc-3513-4da0-83dd-1e014894d0a9", "user_id": null, "api_id": "topic_api-get_vote_stat", "duration_ms": 4.86, "correlation_id": "0b9a1cdc-3513-4da0-83dd-1e014894d0a9"}
{"timestamp": "2026-06-05 11:51:58,626", "level": "INFO", "logger_name": "django.server", "message": "\"GET /api/topics/6/vote/stat/ HTTP/1.1\" 200 97"}
{"timestamp": "2026-06-05 11:52:08,635", "level": "INFO", "logger_name": "core.api", "message": "API Request Started: GET /api/topics/6/vote/stat/", "request_id": "1f75b3cb-46a1-44b0-a415-8c49f8460c7f", "user_id": null, "api_id": "topic_api-get_vote_stat", "correlation_id": "1f75b3cb-46a1-44b0-a415-8c49f8460c7f"}
{"timestamp": "2026-06-05 11:52:08,639", "level": "INFO", "logger_name": "core.api", "message": "API Response Completed: 200", "request_id": "1f75b3cb-46a1-44b0-a415-8c49f8460c7f", "user_id": null, "api_id": "topic_api-get_vote_stat", "duration_ms": 3.59, "correlation_id": "1f75b3cb-46a1-44b0-a415-8c49f8460c7f"}
{"timestamp": "2026-06-05 11:52:08,639", "level": "INFO", "logger_name": "django.server", "message": "\"GET /api/topics/6/vote/stat/ HTTP/1.1\" 200 97"}
{"timestamp": "2026-06-05 11:52:18,626", "level": "INFO", "logger_name": "core.api", "message": "API Request Started: GET /api/topics/6/vote/stat/", "request_id": "62a3dce1-9e62-4f14-bc25-726ba3ccdd5e", "user_id": null, "api_id": "topic_api-get_vote_stat", "correlation_id": "62a3dce1-9e62-4f14-bc25-726ba3ccdd5e"}
{"timestamp": "2026-06-05 11:52:18,633", "level": "INFO", "logger_name": "core.api", "message": "API Response Completed: 200", "request_id": "62a3dce1-9e62-4f14-bc25-726ba3ccdd5e", "user_id": null, "api_id": "topic_api-get_vote_stat", "duration_ms": 7.55, "correlation_id": "62a3dce1-9e62-4f14-bc25-726ba3ccdd5e"}
{"timestamp": "2026-06-05 11:52:18,634", "level": "INFO", "logger_name": "django.server", "message": "\"GET /api/topics/6/vote/stat/ HTTP/1.1\" 200 97"}
{"timestamp": "2026-06-05 11:52:28,633", "level": "INFO", "logger_name": "core.api", "message": "API Request Started: GET /api/topics/6/vote/stat/", "request_id": "02eddc70-db7f-4897-b0a7-bf05d86659a7", "user_id": null, "api_id": "topic_api-get_vote_stat", "correlation_id": "02eddc70-db7f-4897-b0a7-bf05d86659a7"}
{"timestamp": "2026-06-05 11:52:28,636", "level": "INFO", "logger_name": "core.api", "message": "API Response Completed: 200", "request_id": "02eddc70-db7f-4897-b0a7-bf05d86659a7", "user_id": null, "api_id": "topic_api-get_vote_stat", "duration_ms": 3.52, "correlation_id": "02eddc70-db7f-4897-b0a7-bf05d86659a7"}
{"timestamp": "2026-06-05 11:52:28,637", "level": "INFO", "logger_name": "django.server", "message": "\"GET /api/topics/6/vote/stat/ HTTP/1.1\" 200 97"}
{"timestamp": "2026-06-05 11:52:38,631", "level": "INFO", "logger_name": "core.api", "message": "API Request Started: GET /api/topics/6/vote/stat/", "request_id": "2e82d229-c802-4d9d-85fb-37cc9af5ec3f", "user_id": null, "api_id": "topic_api-get_vote_stat", "correlation_id": "2e82d229-c802-4d9d-85fb-37cc9af5ec3f"}
{"timestamp": "2026-06-05 11:52:38,635", "level": "INFO", "logger_name": "core.api", "message": "API Response Completed: 200", "request_id": "2e82d229-c802-4d9d-85fb-37cc9af5ec3f", "user_id": null, "api_id": "topic_api-get_vote_stat", "duration_ms": 3.7, "correlation_id": "2e82d229-c802-4d9d-85fb-37cc9af5ec3f"}
{"timestamp": "2026-06-05 11:52:38,635", "level": "INFO", "logger_name": "django.server", "message": "\"GET /api/topics/6/vote/stat/ HTTP/1.1\" 200 97"}
{"timestamp": "2026-06-05 11:52:48,652", "level": "INFO", "logger_name": "core.api", "message": "API Request Started: GET /api/topics/6/vote/stat/", "request_id": "6b3c708e-b116-426b-9952-66a12f7a7399", "user_id": null, "api_id": "topic_api-get_vote_stat", "correlation_id": "6b3c708e-b116-426b-9952-66a12f7a7399"}
{"timestamp": "2026-06-05 11:52:48,657", "level": "INFO", "logger_name": "core.api", "message": "API Response Completed: 200", "request_id": "6b3c708e-b116-426b-9952-66a12f7a7399", "user_id": null, "api_id": "topic_api-get_vote_stat", "duration_ms": 5.34, "correlation_id": "6b3c708e-b116-426b-9952-66a12f7a7399"}
{"timestamp": "2026-06-05 11:52:48,658", "level": "INFO", "logger_name": "django.server", "message": "\"GET /api/topics/6/vote/stat/ HTTP/1.1\" 200 97"}
{"timestamp": "2026-06-05 11:52:58,630", "level": "INFO", "logger_name": "core.api", "message": "API Request Started: GET /api/topics/6/vote/stat/", "request_id": "5ee415ae-d85e-4e51-8952-eabcb3bf62a6", "user_id": null, "api_id": "topic_api-get_vote_stat", "correlation_id": "5ee415ae-d85e-4e51-8952-eabcb3bf62a6"}
{"timestamp": "2026-06-05 11:52:58,633", "level": "INFO", "logger_name": "core.api", "message": "API Response Completed: 200", "request_id": "5ee415ae-d85e-4e51-8952-eabcb3bf62a6", "user_id": null, "api_id": "topic_api-get_vote_stat", "duration_ms": 3.07, "correlation_id": "5ee415ae-d85e-4e51-8952-eabcb3bf62a6"}
{"timestamp": "2026-06-05 11:52:58,634", "level": "INFO", "logger_name": "django.server", "message": "\"GET /api/topics/6/vote/stat/ HTTP/1.1\" 200 97"}
{"timestamp": "2026-06-05 11:53:08,636", "level": "INFO", "logger_name": "core.api", "message": "API Request Started: GET /api/topics/6/vote/stat/", "request_id": "35bc1316-4de6-4271-acf6-653b7318d976", "user_id": null, "api_id": "topic_api-get_vote_stat", "correlation_id": "35bc1316-4de6-4271-acf6-653b7318d976"}
{"timestamp": "2026-06-05 11:53:08,640", "level": "INFO", "logger_name": "core.api", "message": "API Response Completed: 200", "request_id": "35bc1316-4de6-4271-acf6-653b7318d976", "user_id": null, "api_id": "topic_api-get_vote_stat", "duration_ms": 3.6, "correlation_id": "35bc1316-4de6-4271-acf6-653b7318d976"}
{"timestamp": "2026-06-05 11:53:08,640", "level": "INFO", "logger_name": "django.server", "message": "\"GET /api/topics/6/vote/stat/ HTTP/1.1\" 200 97"}
{"timestamp": "2026-06-05 11:53:18,650", "level": "INFO", "logger_name": "core.api", "message": "API Request Started: GET /api/topics/6/vote/stat/", "request_id": "6031107c-e255-4a6c-9e07-4bc5da29f2d4", "user_id": null, "api_id": "topic_api-get_vote_stat", "correlation_id": "6031107c-e255-4a6c-9e07-4bc5da29f2d4"}
{"timestamp": "2026-06-05 11:53:18,653", "level": "INFO", "logger_name": "core.api", "message": "API Response Completed: 200", "request_id": "6031107c-e255-4a6c-9e07-4bc5da29f2d4", "user_id": null, "api_id": "topic_api-get_vote_stat", "duration_ms": 3.54, "correlation_id": "6031107c-e255-4a6c-9e07-4bc5da29f2d4"}
{"timestamp": "2026-06-05 11:53:18,654", "level": "INFO", "logger_name": "django.server", "message": "\"GET /api/topics/6/vote/stat/ HTTP/1.1\" 200 97"}
{"timestamp": "2026-06-05 11:53:28,634", "level": "INFO", "logger_name": "core.api", "message": "API Request Started: GET /api/topics/6/vote/stat/", "request_id": "189cbf9b-068e-41ae-875c-08dfb8eef8fb", "user_id": null, "api_id": "topic_api-get_vote_stat", "correlation_id": "189cbf9b-068e-41ae-875c-08dfb8eef8fb"}
{"timestamp": "2026-06-05 11:53:28,638", "level": "INFO", "logger_name": "core.api", "message": "API Response Completed: 200", "request_id": "189cbf9b-068e-41ae-875c-08dfb8eef8fb", "user_id": null, "api_id": "topic_api-get_vote_stat", "duration_ms": 3.7, "correlation_id": "189cbf9b-068e-41ae-875c-08dfb8eef8fb"}
{"timestamp": "2026-06-05 11:53:28,638", "level": "INFO", "logger_name": "django.server", "message": "\"GET /api/topics/6/vote/stat/ HTTP/1.1\" 200 97"}
{"timestamp": "2026-06-05 11:53:38,618", "level": "INFO", "logger_name": "core.api", "message": "API Request Started: GET /api/topics/6/vote/stat/", "request_id": "dd962131-6a41-4e43-9e00-c48f3d5b5e98", "user_id": null, "api_id": "topic_api-get_vote_stat", "correlation_id": "dd962131-6a41-4e43-9e00-c48f3d5b5e98"}
{"timestamp": "2026-06-05 11:53:38,622", "level": "INFO", "logger_name": "core.api", "message": "API Response Completed: 200", "request_id": "dd962131-6a41-4e43-9e00-c48f3d5b5e98", "user_id": null, "api_id": "topic_api-get_vote_stat", "duration_ms": 3.88, "correlation_id": "dd962131-6a41-4e43-9e00-c48f3d5b5e98"}
{"timestamp": "2026-06-05 11:53:38,623", "level": "INFO", "logger_name": "django.server", "message": "\"GET /api/topics/6/vote/stat/ HTTP/1.1\" 200 97"}
{"timestamp": "2026-06-05 11:53:48,635", "level": "INFO", "logger_name": "core.api", "message": "API Request Started: GET /api/topics/6/vote/stat/", "request_id": "5f34f8f5-f4c3-43d5-87e6-fd8f2610fcfd", "user_id": null, "api_id": "topic_api-get_vote_stat", "correlation_id": "5f34f8f5-f4c3-43d5-87e6-fd8f2610fcfd"}
{"timestamp": "2026-06-05 11:53:48,638", "level": "INFO", "logger_name": "core.api", "message": "API Response Completed: 200", "request_id": "5f34f8f5-f4c3-43d5-87e6-fd8f2610fcfd", "user_id": null, "api_id": "topic_api-get_vote_stat", "duration_ms": 2.9, "correlation_id": "5f34f8f5-f4c3-43d5-87e6-fd8f2610fcfd"}
{"timestamp": "2026-06-05 11:53:48,638", "level": "INFO", "logger_name": "django.server", "message": "\"GET /api/topics/6/vote/stat/ HTTP/1.1\" 200 97"}
{"timestamp": "2026-06-05 11:53:58,620", "level": "INFO", "logger_name": "core.api", "message": "API Request Started: GET /api/topics/6/vote/stat/", "request_id": "8d319b46-1cb4-440b-9ea7-77d2e36d3465", "user_id": null, "api_id": "topic_api-get_vote_stat", "correlation_id": "8d319b46-1cb4-440b-9ea7-77d2e36d3465"}
{"timestamp": "2026-06-05 11:53:58,623", "level": "INFO", "logger_name": "core.api", "message": "API Response Completed: 200", "request_id": "8d319b46-1cb4-440b-9ea7-77d2e36d3465", "user_id": null, "api_id": "topic_api-get_vote_stat", "duration_ms": 2.74, "correlation_id": "8d319b46-1cb4-440b-9ea7-77d2e36d3465"}
{"timestamp": "2026-06-05 11:53:58,623", "level": "INFO", "logger_name": "django.server", "message": "\"GET /api/topics/6/vote/stat/ HTTP/1.1\" 200 97"}
{"timestamp": "2026-06-05 11:54:00,066", "level": "INFO", "logger_name": "core.api", "message": "API Request Started: GET /api/students/info", "request_id": "2e4ddec8-14a4-42d8-abe3-2ec3eef02670", "user_id": null, "api_id": "auth-view", "correlation_id": "2e4ddec8-14a4-42d8-abe3-2ec3eef02670"}
{"timestamp": "2026-06-05 11:54:00,066", "level": "INFO", "logger_name": "core.api.auth", "message": "=== [API CALL] GET /students/info ==="}
{"timestamp": "2026-06-05 11:54:00,069", "level": "INFO", "logger_name": "core.api", "message": "API Response Completed: 200", "request_id": "2e4ddec8-14a4-42d8-abe3-2ec3eef02670", "user_id": null, "api_id": "auth-view", "duration_ms": 2.85, "correlation_id": "2e4ddec8-14a4-42d8-abe3-2ec3eef02670"}
{"timestamp": "2026-06-05 11:54:00,069", "level": "INFO", "logger_name": "django.server", "message": "\"GET /api/students/info HTTP/1.1\" 200 256"}
{"timestamp": "2026-06-05 11:54:00,417", "level": "INFO", "logger_name": "core.api", "message": "API Request Started: GET /api/topics/active/", "request_id": "001d73cf-8dca-45da-9044-0576103e46d4", "user_id": null, "api_id": "topic_api-get_active_topic", "correlation_id": "001d73cf-8dca-45da-9044-0576103e46d4"}
{"timestamp": "2026-06-05 11:54:00,421", "level": "INFO", "logger_name": "core.api", "message": "API Response Completed: 200", "request_id": "001d73cf-8dca-45da-9044-0576103e46d4", "user_id": null, "api_id": "topic_api-get_active_topic", "duration_ms": 3.67, "correlation_id": "001d73cf-8dca-45da-9044-0576103e46d4"}
{"timestamp": "2026-06-05 11:54:00,421", "level": "INFO", "logger_name": "django.server", "message": "\"GET /api/topics/active/ HTTP/1.1\" 200 348"}
{"timestamp": "2026-06-05 11:54:00,537", "level": "INFO", "logger_name": "core.api", "message": "API Request Started: GET /api/topics/6/vote/stat/", "request_id": "9427087a-77c3-4bcb-a546-e1ec72a1eabe", "user_id": null, "api_id": "topic_api-get_vote_stat", "correlation_id": "9427087a-77c3-4bcb-a546-e1ec72a1eabe"}
{"timestamp": "2026-06-05 11:54:00,538", "level": "INFO", "logger_name": "core.api", "message": "API Request Started: GET /api/students/info", "request_id": "4a450da0-466a-4ed1-9c8d-e89c673a94d4", "user_id": null, "api_id": "auth-view", "correlation_id": "4a450da0-466a-4ed1-9c8d-e89c673a94d4"}
{"timestamp": "2026-06-05 11:54:00,539", "level": "INFO", "logger_name": "core.api.auth", "message": "=== [API CALL] GET /students/info ==="}
{"timestamp": "2026-06-05 11:54:00,542", "level": "INFO", "logger_name": "core.api", "message": "API Response Completed: 200", "request_id": "9427087a-77c3-4bcb-a546-e1ec72a1eabe", "user_id": null, "api_id": "topic_api-get_vote_stat", "duration_ms": 5.63, "correlation_id": "9427087a-77c3-4bcb-a546-e1ec72a1eabe"}
{"timestamp": "2026-06-05 11:54:00,543", "level": "INFO", "logger_name": "core.api", "message": "API Response Completed: 200", "request_id": "4a450da0-466a-4ed1-9c8d-e89c673a94d4", "user_id": null, "api_id": "auth-view", "duration_ms": 4.54, "correlation_id": "4a450da0-466a-4ed1-9c8d-e89c673a94d4"}
{"timestamp": "2026-06-05 11:54:00,543", "level": "INFO", "logger_name": "django.server", "message": "\"GET /api/topics/6/vote/stat/ HTTP/1.1\" 200 97"}
{"timestamp": "2026-06-05 11:54:00,543", "level": "INFO", "logger_name": "django.server", "message": "\"GET /api/students/info HTTP/1.1\" 200 256"}
{"timestamp": "2026-06-05 11:54:05,540", "level": "INFO", "logger_name": "core.api", "message": "API Request Started: GET /api/topics/", "request_id": "572b961e-9ede-4a31-a25d-8b33b900adcd", "user_id": null, "api_id": "topic_api-get_topic_list", "correlation_id": "572b961e-9ede-4a31-a25d-8b33b900adcd"}
{"timestamp": "2026-06-05 11:54:05,552", "level": "INFO", "logger_name": "core.api", "message": "API Response Completed: 200", "request_id": "572b961e-9ede-4a31-a25d-8b33b900adcd", "user_id": null, "api_id": "topic_api-get_topic_list", "duration_ms": 12.84, "correlation_id": "572b961e-9ede-4a31-a25d-8b33b900adcd"}
{"timestamp": "2026-06-05 11:54:05,553", "level": "INFO", "logger_name": "django.server", "message": "\"GET /api/topics/ HTTP/1.1\" 200 1864"}
{"timestamp": "2026-06-05 11:55:24,112", "level": "INFO", "logger_name": "core.api", "message": "API Request Started: GET /api/students/info", "request_id": "a0f52770-d548-42d1-8251-7dc8ae5aaf77", "user_id": null, "api_id": "auth-view", "correlation_id": "a0f52770-d548-42d1-8251-7dc8ae5aaf77"}
{"timestamp": "2026-06-05 11:55:24,113", "level": "INFO", "logger_name": "core.api.auth", "message": "=== [API CALL] GET /students/info ==="}
{"timestamp": "2026-06-05 11:55:24,123", "level": "INFO", "logger_name": "core.api", "message": "API Response Completed: 200", "request_id": "a0f52770-d548-42d1-8251-7dc8ae5aaf77", "user_id": null, "api_id": "auth-view", "duration_ms": 10.59, "correlation_id": "a0f52770-d548-42d1-8251-7dc8ae5aaf77"}
{"timestamp": "2026-06-05 11:55:24,123", "level": "INFO", "logger_name": "django.server", "message": "\"GET /api/students/info HTTP/1.1\" 200 256"}
{"timestamp": "2026-06-05 11:55:24,593", "level": "INFO", "logger_name": "core.api", "message": "API Request Started: GET /api/topics/active/", "request_id": "36c6598e-5a0c-42d4-a43f-2a3865edfa9c", "user_id": null, "api_id": "topic_api-get_active_topic", "correlation_id": "36c6598e-5a0c-42d4-a43f-2a3865edfa9c"}
{"timestamp": "2026-06-05 11:55:24,596", "level": "INFO", "logger_name": "core.api", "message": "API Response Completed: 200", "request_id": "36c6598e-5a0c-42d4-a43f-2a3865edfa9c", "user_id": null, "api_id": "topic_api-get_active_topic", "duration_ms": 2.82, "correlation_id": "36c6598e-5a0c-42d4-a43f-2a3865edfa9c"}
{"timestamp": "2026-06-05 11:55:24,596", "level": "INFO", "logger_name": "django.server", "message": "\"GET /api/topics/active/ HTTP/1.1\" 200 348"}
{"timestamp": "2026-06-05 11:55:24,646", "level": "INFO", "logger_name": "core.api", "message": "API Request Started: GET /api/topics/6/vote/stat/", "request_id": "a4405738-0547-4c40-901c-f5c86a4dfd3e", "user_id": null, "api_id": "topic_api-get_vote_stat", "correlation_id": "a4405738-0547-4c40-901c-f5c86a4dfd3e"}
{"timestamp": "2026-06-05 11:55:24,650", "level": "INFO", "logger_name": "core.api", "message": "API Response Completed: 200", "request_id": "a4405738-0547-4c40-901c-f5c86a4dfd3e", "user_id": null, "api_id": "topic_api-get_vote_stat", "duration_ms": 4.19, "correlation_id": "a4405738-0547-4c40-901c-f5c86a4dfd3e"}
{"timestamp": "2026-06-05 11:55:24,651", "level": "INFO", "logger_name": "django.server", "message": "\"GET /api/topics/6/vote/stat/ HTTP/1.1\" 200 97"}
{"timestamp": "2026-06-05 11:55:25,712", "level": "INFO", "logger_name": "core.api", "message": "API Request Started: GET /api/topics/", "request_id": "37098882-30fb-495d-ae99-3098cf0fee43", "user_id": null, "api_id": "topic_api-get_topic_list", "correlation_id": "37098882-30fb-495d-ae99-3098cf0fee43"}
{"timestamp": "2026-06-05 11:55:25,718", "level": "INFO", "logger_name": "core.api", "message": "API Response Completed: 200", "request_id": "37098882-30fb-495d-ae99-3098cf0fee43", "user_id": null, "api_id": "topic_api-get_topic_list", "duration_ms": 6.6, "correlation_id": "37098882-30fb-495d-ae99-3098cf0fee43"}
{"timestamp": "2026-06-05 11:55:25,719", "level": "INFO", "logger_name": "django.server", "message": "\"GET /api/topics/ HTTP/1.1\" 200 1864"}
{"timestamp": "2026-06-05 11:55:38,745", "level": "INFO", "logger_name": "core.api", "message": "API Request Started: GET /api/students/info", "request_id": "6d5cd021-a4a8-4131-9b5d-a323def12eb3", "user_id": null, "api_id": "auth-view", "correlation_id": "6d5cd021-a4a8-4131-9b5d-a323def12eb3"}
{"timestamp": "2026-06-05 11:55:38,746", "level": "INFO", "logger_name": "core.api.auth", "message": "=== [API CALL] GET /students/info ==="}
{"timestamp": "2026-06-05 11:55:38,748", "level": "INFO", "logger_name": "core.api", "message": "API Response Completed: 200", "request_id": "6d5cd021-a4a8-4131-9b5d-a323def12eb3", "user_id": null, "api_id": "auth-view", "duration_ms": 2.19, "correlation_id": "6d5cd021-a4a8-4131-9b5d-a323def12eb3"}
{"timestamp": "2026-06-05 11:55:38,748", "level": "INFO", "logger_name": "django.server", "message": "\"GET /api/students/info HTTP/1.1\" 200 256"}
{"timestamp": "2026-06-05 11:55:38,835", "level": "INFO", "logger_name": "core.api", "message": "API Request Started: GET /api/students/info", "request_id": "ed0bd1db-fcd3-4e63-ae51-ce1b466725bd", "user_id": null, "api_id": "auth-view", "correlation_id": "ed0bd1db-fcd3-4e63-ae51-ce1b466725bd"}
{"timestamp": "2026-06-05 11:55:38,835", "level": "INFO", "logger_name": "core.api.auth", "message": "=== [API CALL] GET /students/info ==="}
{"timestamp": "2026-06-05 11:55:38,837", "level": "INFO", "logger_name": "core.api", "message": "API Response Completed: 200", "request_id": "ed0bd1db-fcd3-4e63-ae51-ce1b466725bd", "user_id": null, "api_id": "auth-view", "duration_ms": 2.37, "correlation_id": "ed0bd1db-fcd3-4e63-ae51-ce1b466725bd"}
{"timestamp": "2026-06-05 11:55:38,838", "level": "INFO", "logger_name": "django.server", "message": "\"GET /api/students/info HTTP/1.1\" 200 256"}
{"timestamp": "2026-06-05 11:55:39,094", "level": "INFO", "logger_name": "core.api", "message": "API Request Started: GET /api/topics/active/", "request_id": "aae93d00-a42e-4048-98f9-c370a388b2f1", "user_id": null, "api_id": "topic_api-get_active_topic", "correlation_id": "aae93d00-a42e-4048-98f9-c370a388b2f1"}
{"timestamp": "2026-06-05 11:55:39,097", "level": "INFO", "logger_name": "core.api", "message": "API Response Completed: 200", "request_id": "aae93d00-a42e-4048-98f9-c370a388b2f1", "user_id": null, "api_id": "topic_api-get_active_topic", "duration_ms": 2.88, "correlation_id": "aae93d00-a42e-4048-98f9-c370a388b2f1"}
{"timestamp": "2026-06-05 11:55:39,098", "level": "INFO", "logger_name": "django.server", "message": "\"GET /api/topics/active/ HTTP/1.1\" 200 348"}
{"timestamp": "2026-06-05 11:55:39,142", "level": "INFO", "logger_name": "core.api", "message": "API Request Started: GET /api/topics/6/vote/stat/", "request_id": "285a1504-362d-498a-9850-171ab25aa312", "user_id": null, "api_id": "topic_api-get_vote_stat", "correlation_id": "285a1504-362d-498a-9850-171ab25aa312"}
{"timestamp": "2026-06-05 11:55:39,145", "level": "INFO", "logger_name": "core.api", "message": "API Response Completed: 200", "request_id": "285a1504-362d-498a-9850-171ab25aa312", "user_id": null, "api_id": "topic_api-get_vote_stat", "duration_ms": 3.08, "correlation_id": "285a1504-362d-498a-9850-171ab25aa312"}
{"timestamp": "2026-06-05 11:55:39,145", "level": "INFO", "logger_name": "django.server", "message": "\"GET /api/topics/6/vote/stat/ HTTP/1.1\" 200 97"}
{"timestamp": "2026-06-05 11:55:40,057", "level": "INFO", "logger_name": "core.api", "message": "API Request Started: GET /api/topics/", "request_id": "ff24179d-147b-4495-8ca2-82c1b28c7618", "user_id": null, "api_id": "topic_api-get_topic_list", "correlation_id": "ff24179d-147b-4495-8ca2-82c1b28c7618"}
{"timestamp": "2026-06-05 11:55:40,063", "level": "INFO", "logger_name": "core.api", "message": "API Response Completed: 200", "request_id": "ff24179d-147b-4495-8ca2-82c1b28c7618", "user_id": null, "api_id": "topic_api-get_topic_list", "duration_ms": 5.76, "correlation_id": "ff24179d-147b-4495-8ca2-82c1b28c7618"}
{"timestamp": "2026-06-05 11:55:40,063", "level": "INFO", "logger_name": "django.server", "message": "\"GET /api/topics/ HTTP/1.1\" 200 1864"}
{"timestamp": "2026-06-05 11:57:57,407", "level": "INFO", "logger_name": "core.api", "message": "API Request Started: GET /api/students/info", "request_id": "0620cbd0-23ec-4156-b6ff-a2b2b0ae3698", "user_id": null, "api_id": "auth-view", "correlation_id": "0620cbd0-23ec-4156-b6ff-a2b2b0ae3698"}
{"timestamp": "2026-06-05 11:57:57,407", "level": "INFO", "logger_name": "core.api.auth", "message": "=== [API CALL] GET /students/info ==="}
{"timestamp": "2026-06-05 11:57:57,409", "level": "INFO", "logger_name": "core.api", "message": "API Response Completed: 200", "request_id": "0620cbd0-23ec-4156-b6ff-a2b2b0ae3698", "user_id": null, "api_id": "auth-view", "duration_ms": 2.14, "correlation_id": "0620cbd0-23ec-4156-b6ff-a2b2b0ae3698"}
{"timestamp": "2026-06-05 11:57:57,409", "level": "INFO", "logger_name": "django.server", "message": "\"GET /api/students/info HTTP/1.1\" 200 256"}
{"timestamp": "2026-06-05 11:57:57,844", "level": "INFO", "logger_name": "core.api", "message": "API Request Started: GET /api/topics/active/", "request_id": "b8eb446d-413e-47ac-b637-908fd521f14a", "user_id": null, "api_id": "topic_api-get_active_topic", "correlation_id": "b8eb446d-413e-47ac-b637-908fd521f14a"}
{"timestamp": "2026-06-05 11:57:57,847", "level": "INFO", "logger_name": "core.api", "message": "API Response Completed: 200", "request_id": "b8eb446d-413e-47ac-b637-908fd521f14a", "user_id": null, "api_id": "topic_api-get_active_topic", "duration_ms": 2.88, "correlation_id": "b8eb446d-413e-47ac-b637-908fd521f14a"}
{"timestamp": "2026-06-05 11:57:57,847", "level": "INFO", "logger_name": "django.server", "message": "\"GET /api/topics/active/ HTTP/1.1\" 200 348"}
{"timestamp": "2026-06-05 11:57:57,887", "level": "INFO", "logger_name": "core.api", "message": "API Request Started: GET /api/topics/6/vote/stat/", "request_id": "fd9b83d7-fbfa-4a65-920f-e8b4e3517492", "user_id": null, "api_id": "topic_api-get_vote_stat", "correlation_id": "fd9b83d7-fbfa-4a65-920f-e8b4e3517492"}
{"timestamp": "2026-06-05 11:57:57,890", "level": "INFO", "logger_name": "core.api", "message": "API Response Completed: 200", "request_id": "fd9b83d7-fbfa-4a65-920f-e8b4e3517492", "user_id": null, "api_id": "topic_api-get_vote_stat", "duration_ms": 3.29, "correlation_id": "fd9b83d7-fbfa-4a65-920f-e8b4e3517492"}
{"timestamp": "2026-06-05 11:57:57,891", "level": "INFO", "logger_name": "django.server", "message": "\"GET /api/topics/6/vote/stat/ HTTP/1.1\" 200 97"}
{"timestamp": "2026-06-05 11:58:00,456", "level": "INFO", "logger_name": "core.api", "message": "API Request Started: GET /api/topics/", "request_id": "241fc300-5c41-4b24-82bb-ffae38331f59", "user_id": null, "api_id": "topic_api-get_topic_list", "correlation_id": "241fc300-5c41-4b24-82bb-ffae38331f59"}
{"timestamp": "2026-06-05 11:58:00,463", "level": "INFO", "logger_name": "core.api", "message": "API Response Completed: 200", "request_id": "241fc300-5c41-4b24-82bb-ffae38331f59", "user_id": null, "api_id": "topic_api-get_topic_list", "duration_ms": 6.8, "correlation_id": "241fc300-5c41-4b24-82bb-ffae38331f59"}
{"timestamp": "2026-06-05 11:58:00,463", "level": "INFO", "logger_name": "django.server", "message": "\"GET /api/topics/ HTTP/1.1\" 200 1864"}
{"timestamp": "2026-06-05 12:00:47,998", "level": "INFO", "logger_name": "core.api", "message": "API Request Started: POST /api/students/login", "request_id": "1506b45d-251b-4d99-a18a-ee5cbc3e16ee", "user_id": null, "api_id": "login-view", "correlation_id": "1506b45d-251b-4d99-a18a-ee5cbc3e16ee"}
{"timestamp": "2026-06-05 12:00:48,000", "level": "INFO", "logger_name": "core.api.login", "message": "=== [API CALL] POST /students/login ==="}
{"timestamp": "2026-06-05 12:00:48,000", "level": "INFO", "logger_name": "core.api.login", "message": "Sending login request to e-Campus: https://cyber.gachon.ac.kr/login/index.php"}
{"timestamp": "2026-06-05 12:00:49,708", "level": "INFO", "logger_name": "core.api.login", "message": "e-Campus login successful for username: byou0070"}
{"timestamp": "2026-06-05 12:00:49,711", "level": "INFO", "logger_name": "core.api.login", "message": "Generated JWT tokens for returning student."}
{"timestamp": "2026-06-05 12:00:49,713", "level": "INFO", "logger_name": "core.api", "message": "API Response Completed: 200", "request_id": "1506b45d-251b-4d99-a18a-ee5cbc3e16ee", "user_id": null, "api_id": "login-view", "duration_ms": 1714.83, "correlation_id": "1506b45d-251b-4d99-a18a-ee5cbc3e16ee"}
{"timestamp": "2026-06-05 12:00:49,714", "level": "INFO", "logger_name": "django.server", "message": "\"POST /api/students/login HTTP/1.1\" 200 854"}
{"timestamp": "2026-06-05 12:00:49,975", "level": "INFO", "logger_name": "core.api", "message": "API Request Started: GET /api/topics/active/", "request_id": "1037e1d2-00ef-43c9-a973-c16833898d26", "user_id": null, "api_id": "topic_api-get_active_topic", "correlation_id": "1037e1d2-00ef-43c9-a973-c16833898d26"}
{"timestamp": "2026-06-05 12:00:49,978", "level": "INFO", "logger_name": "core.api", "message": "API Response Completed: 200", "request_id": "1037e1d2-00ef-43c9-a973-c16833898d26", "user_id": null, "api_id": "topic_api-get_active_topic", "duration_ms": 2.93, "correlation_id": "1037e1d2-00ef-43c9-a973-c16833898d26"}
{"timestamp": "2026-06-05 12:00:49,979", "level": "INFO", "logger_name": "django.server", "message": "\"GET /api/topics/active/ HTTP/1.1\" 200 348"}
{"timestamp": "2026-06-05 12:00:50,010", "level": "INFO", "logger_name": "core.api", "message": "API Request Started: GET /api/topics/6/vote/stat/", "request_id": "638ab26f-5f80-4c07-9f0b-ada4308c5691", "user_id": null, "api_id": "topic_api-get_vote_stat", "correlation_id": "638ab26f-5f80-4c07-9f0b-ada4308c5691"}
{"timestamp": "2026-06-05 12:00:50,013", "level": "INFO", "logger_name": "core.api", "message": "API Response Completed: 200", "request_id": "638ab26f-5f80-4c07-9f0b-ada4308c5691", "user_id": null, "api_id": "topic_api-get_vote_stat", "duration_ms": 2.82, "correlation_id": "638ab26f-5f80-4c07-9f0b-ada4308c5691"}
{"timestamp": "2026-06-05 12:00:50,014", "level": "INFO", "logger_name": "django.server", "message": "\"GET /api/topics/6/vote/stat/ HTTP/1.1\" 200 97"}
{"timestamp": "2026-06-05 12:00:50,961", "level": "INFO", "logger_name": "core.api", "message": "API Request Started: GET /api/topics/", "request_id": "e1f3cdbb-f8eb-4bac-b851-0a563832ab6f", "user_id": null, "api_id": "topic_api-get_topic_list", "correlation_id": "e1f3cdbb-f8eb-4bac-b851-0a563832ab6f"}
{"timestamp": "2026-06-05 12:00:50,971", "level": "INFO", "logger_name": "core.api", "message": "API Response Completed: 200", "request_id": "e1f3cdbb-f8eb-4bac-b851-0a563832ab6f", "user_id": null, "api_id": "topic_api-get_topic_list", "duration_ms": 10.17, "correlation_id": "e1f3cdbb-f8eb-4bac-b851-0a563832ab6f"}
{"timestamp": "2026-06-05 12:00:50,972", "level": "INFO", "logger_name": "django.server", "message": "\"GET /api/topics/ HTTP/1.1\" 200 1864"}
{"timestamp": "2026-06-05 12:01:06,495", "level": "INFO", "logger_name": "core.api", "message": "API Request Started: GET /api/students/info", "request_id": "71ec135a-54e8-4fcd-aceb-73f0068b08bc", "user_id": null, "api_id": "auth-view", "correlation_id": "71ec135a-54e8-4fcd-aceb-73f0068b08bc"}
{"timestamp": "2026-06-05 12:01:06,495", "level": "INFO", "logger_name": "core.api.auth", "message": "=== [API CALL] GET /students/info ==="}
{"timestamp": "2026-06-05 12:01:06,497", "level": "INFO", "logger_name": "core.api", "message": "API Response Completed: 200", "request_id": "71ec135a-54e8-4fcd-aceb-73f0068b08bc", "user_id": null, "api_id": "auth-view", "duration_ms": 2.18, "correlation_id": "71ec135a-54e8-4fcd-aceb-73f0068b08bc"}
{"timestamp": "2026-06-05 12:01:06,498", "level": "INFO", "logger_name": "django.server", "message": "\"GET /api/students/info HTTP/1.1\" 200 256"}
{"timestamp": "2026-06-05 12:01:06,578", "level": "INFO", "logger_name": "core.api", "message": "API Request Started: GET /api/students/info", "request_id": "e0b2a5f1-c4eb-4ed9-94c4-6c00eebb3a00", "user_id": null, "api_id": "auth-view", "correlation_id": "e0b2a5f1-c4eb-4ed9-94c4-6c00eebb3a00"}
{"timestamp": "2026-06-05 12:01:06,579", "level": "INFO", "logger_name": "core.api.auth", "message": "=== [API CALL] GET /students/info ==="}
{"timestamp": "2026-06-05 12:01:06,580", "level": "INFO", "logger_name": "core.api", "message": "API Response Completed: 200", "request_id": "e0b2a5f1-c4eb-4ed9-94c4-6c00eebb3a00", "user_id": null, "api_id": "auth-view", "duration_ms": 2.32, "correlation_id": "e0b2a5f1-c4eb-4ed9-94c4-6c00eebb3a00"}
{"timestamp": "2026-06-05 12:01:06,581", "level": "INFO", "logger_name": "django.server", "message": "\"GET /api/students/info HTTP/1.1\" 200 256"}
{"timestamp": "2026-06-05 12:01:06,871", "level": "INFO", "logger_name": "core.api", "message": "API Request Started: GET /api/topics/active/", "request_id": "d0be6764-a1db-4b53-a111-e5f9d417c95c", "user_id": null, "api_id": "topic_api-get_active_topic", "correlation_id": "d0be6764-a1db-4b53-a111-e5f9d417c95c"}
{"timestamp": "2026-06-05 12:01:06,874", "level": "INFO", "logger_name": "core.api", "message": "API Response Completed: 200", "request_id": "d0be6764-a1db-4b53-a111-e5f9d417c95c", "user_id": null, "api_id": "topic_api-get_active_topic", "duration_ms": 2.84, "correlation_id": "d0be6764-a1db-4b53-a111-e5f9d417c95c"}
{"timestamp": "2026-06-05 12:01:06,874", "level": "INFO", "logger_name": "django.server", "message": "\"GET /api/topics/active/ HTTP/1.1\" 200 348"}
{"timestamp": "2026-06-05 12:01:06,915", "level": "INFO", "logger_name": "core.api", "message": "API Request Started: GET /api/topics/6/vote/stat/", "request_id": "9550c4c5-a944-41a7-9882-cea39a25cafd", "user_id": null, "api_id": "topic_api-get_vote_stat", "correlation_id": "9550c4c5-a944-41a7-9882-cea39a25cafd"}
{"timestamp": "2026-06-05 12:01:06,919", "level": "INFO", "logger_name": "core.api", "message": "API Response Completed: 200", "request_id": "9550c4c5-a944-41a7-9882-cea39a25cafd", "user_id": null, "api_id": "topic_api-get_vote_stat", "duration_ms": 3.58, "correlation_id": "9550c4c5-a944-41a7-9882-cea39a25cafd"}
{"timestamp": "2026-06-05 12:01:06,919", "level": "INFO", "logger_name": "django.server", "message": "\"GET /api/topics/6/vote/stat/ HTTP/1.1\" 200 97"}
{"timestamp": "2026-06-05 12:01:08,341", "level": "INFO", "logger_name": "core.api", "message": "API Request Started: GET /api/topics/", "request_id": "de18b951-5c5e-43ce-b965-e23ed5c5999a", "user_id": null, "api_id": "topic_api-get_topic_list", "correlation_id": "de18b951-5c5e-43ce-b965-e23ed5c5999a"}
{"timestamp": "2026-06-05 12:01:08,347", "level": "INFO", "logger_name": "core.api", "message": "API Response Completed: 200", "request_id": "de18b951-5c5e-43ce-b965-e23ed5c5999a", "user_id": null, "api_id": "topic_api-get_topic_list", "duration_ms": 5.84, "correlation_id": "de18b951-5c5e-43ce-b965-e23ed5c5999a"}
{"timestamp": "2026-06-05 12:01:08,348", "level": "INFO", "logger_name": "django.server", "message": "\"GET /api/topics/ HTTP/1.1\" 200 1864"}
{"timestamp": "2026-06-05 12:02:07,640", "level": "INFO", "logger_name": "core.api", "message": "API Request Started: GET /api/students/info", "request_id": "08220369-e000-4a89-bf2f-883ece95eb16", "user_id": null, "api_id": "auth-view", "correlation_id": "08220369-e000-4a89-bf2f-883ece95eb16"}
{"timestamp": "2026-06-05 12:02:07,641", "level": "INFO", "logger_name": "core.api.auth", "message": "=== [API CALL] GET /students/info ==="}
{"timestamp": "2026-06-05 12:02:07,648", "level": "INFO", "logger_name": "core.api", "message": "API Response Completed: 200", "request_id": "08220369-e000-4a89-bf2f-883ece95eb16", "user_id": null, "api_id": "auth-view", "duration_ms": 7.79, "correlation_id": "08220369-e000-4a89-bf2f-883ece95eb16"}
{"timestamp": "2026-06-05 12:02:07,649", "level": "INFO", "logger_name": "django.server", "message": "\"GET /api/students/info HTTP/1.1\" 200 256"}
{"timestamp": "2026-06-05 12:02:08,059", "level": "INFO", "logger_name": "core.api", "message": "API Request Started: GET /api/topics/active/", "request_id": "de3df66c-7f94-49d0-afc7-a68998e3b4d1", "user_id": null, "api_id": "topic_api-get_active_topic", "correlation_id": "de3df66c-7f94-49d0-afc7-a68998e3b4d1"}
{"timestamp": "2026-06-05 12:02:08,063", "level": "INFO", "logger_name": "core.api", "message": "API Response Completed: 200", "request_id": "de3df66c-7f94-49d0-afc7-a68998e3b4d1", "user_id": null, "api_id": "topic_api-get_active_topic", "duration_ms": 4.34, "correlation_id": "de3df66c-7f94-49d0-afc7-a68998e3b4d1"}
{"timestamp": "2026-06-05 12:02:08,064", "level": "INFO", "logger_name": "django.server", "message": "\"GET /api/topics/active/ HTTP/1.1\" 200 348"}
{"timestamp": "2026-06-05 12:02:08,178", "level": "INFO", "logger_name": "core.api", "message": "API Request Started: GET /api/topics/6/vote/stat/", "request_id": "d8c171d3-e04d-4518-bb55-4dc42ced2f12", "user_id": null, "api_id": "topic_api-get_vote_stat", "correlation_id": "d8c171d3-e04d-4518-bb55-4dc42ced2f12"}
{"timestamp": "2026-06-05 12:02:08,182", "level": "INFO", "logger_name": "core.api", "message": "API Response Completed: 200", "request_id": "d8c171d3-e04d-4518-bb55-4dc42ced2f12", "user_id": null, "api_id": "topic_api-get_vote_stat", "duration_ms": 4.01, "correlation_id": "d8c171d3-e04d-4518-bb55-4dc42ced2f12"}
{"timestamp": "2026-06-05 12:02:08,183", "level": "INFO", "logger_name": "django.server", "message": "\"GET /api/topics/6/vote/stat/ HTTP/1.1\" 200 97"}
{"timestamp": "2026-06-05 12:02:10,899", "level": "INFO", "logger_name": "core.api", "message": "API Request Started: GET /api/topics/", "request_id": "0833b7a3-a79d-4b5a-8622-2030c30dfee6", "user_id": null, "api_id": "topic_api-get_topic_list", "correlation_id": "0833b7a3-a79d-4b5a-8622-2030c30dfee6"}
{"timestamp": "2026-06-05 12:02:10,907", "level": "INFO", "logger_name": "core.api", "message": "API Response Completed: 200", "request_id": "0833b7a3-a79d-4b5a-8622-2030c30dfee6", "user_id": null, "api_id": "topic_api-get_topic_list", "duration_ms": 8.6, "correlation_id": "0833b7a3-a79d-4b5a-8622-2030c30dfee6"}
{"timestamp": "2026-06-05 12:02:10,908", "level": "INFO", "logger_name": "django.server", "message": "\"GET /api/topics/ HTTP/1.1\" 200 1864"}
{"timestamp": "2026-06-05 12:03:19,577", "level": "INFO", "logger_name": "core.api", "message": "API Request Started: GET /api/students/info", "request_id": "807bbac4-9805-492e-ad10-8aada4fcdcb2", "user_id": null, "api_id": "auth-view", "correlation_id": "807bbac4-9805-492e-ad10-8aada4fcdcb2"}
{"timestamp": "2026-06-05 12:03:19,578", "level": "INFO", "logger_name": "core.api.auth", "message": "=== [API CALL] GET /students/info ==="}
{"timestamp": "2026-06-05 12:03:19,580", "level": "INFO", "logger_name": "core.api", "message": "API Response Completed: 200", "request_id": "807bbac4-9805-492e-ad10-8aada4fcdcb2", "user_id": null, "api_id": "auth-view", "duration_ms": 3.63, "correlation_id": "807bbac4-9805-492e-ad10-8aada4fcdcb2"}
{"timestamp": "2026-06-05 12:03:19,581", "level": "INFO", "logger_name": "django.server", "message": "\"GET /api/students/info HTTP/1.1\" 200 256"}
{"timestamp": "2026-06-05 12:03:19,919", "level": "INFO", "logger_name": "core.api", "message": "API Request Started: GET /api/topics/active/", "request_id": "d81e584d-6250-4698-84af-304544c86691", "user_id": null, "api_id": "topic_api-get_active_topic", "correlation_id": "d81e584d-6250-4698-84af-304544c86691"}
{"timestamp": "2026-06-05 12:03:19,923", "level": "INFO", "logger_name": "core.api", "message": "API Response Completed: 200", "request_id": "d81e584d-6250-4698-84af-304544c86691", "user_id": null, "api_id": "topic_api-get_active_topic", "duration_ms": 3.79, "correlation_id": "d81e584d-6250-4698-84af-304544c86691"}
{"timestamp": "2026-06-05 12:03:19,923", "level": "INFO", "logger_name": "django.server", "message": "\"GET /api/topics/active/ HTTP/1.1\" 200 348"}
{"timestamp": "2026-06-05 12:03:19,965", "level": "INFO", "logger_name": "core.api", "message": "API Request Started: GET /api/topics/6/vote/stat/", "request_id": "b3d85596-4e75-4b94-998f-cab51fc2a825", "user_id": null, "api_id": "topic_api-get_vote_stat", "correlation_id": "b3d85596-4e75-4b94-998f-cab51fc2a825"}
{"timestamp": "2026-06-05 12:03:19,967", "level": "INFO", "logger_name": "core.api", "message": "API Response Completed: 200", "request_id": "b3d85596-4e75-4b94-998f-cab51fc2a825", "user_id": null, "api_id": "topic_api-get_vote_stat", "duration_ms": 2.77, "correlation_id": "b3d85596-4e75-4b94-998f-cab51fc2a825"}
{"timestamp": "2026-06-05 12:03:19,968", "level": "INFO", "logger_name": "django.server", "message": "\"GET /api/topics/6/vote/stat/ HTTP/1.1\" 200 97"}
{"timestamp": "2026-06-05 12:03:22,128", "level": "INFO", "logger_name": "core.api", "message": "API Request Started: GET /api/rooms/reservations/", "request_id": "5ee7e55f-7a57-4776-8373-9565521f13cf", "user_id": null, "api_id": "rooms-get_my_reservations", "correlation_id": "5ee7e55f-7a57-4776-8373-9565521f13cf"}
{"timestamp": "2026-06-05 12:03:22,136", "level": "INFO", "logger_name": "core.api", "message": "API Response Completed: 200", "request_id": "5ee7e55f-7a57-4776-8373-9565521f13cf", "user_id": null, "api_id": "rooms-get_my_reservations", "duration_ms": 7.41, "correlation_id": "5ee7e55f-7a57-4776-8373-9565521f13cf"}
{"timestamp": "2026-06-05 12:03:22,136", "level": "INFO", "logger_name": "django.server", "message": "\"GET /api/rooms/reservations/ HTTP/1.1\" 200 821"}
{"timestamp": "2026-06-05 12:03:22,193", "level": "INFO", "logger_name": "core.api", "message": "API Request Started: DELETE /api/rooms/reservations/112/", "request_id": "6fe31de3-1062-46d7-972d-addeb7e57812", "user_id": null, "api_id": "rooms-cancel_reservation", "correlation_id": "6fe31de3-1062-46d7-972d-addeb7e57812"}
{"timestamp": "2026-06-05 12:03:22,244", "level": "INFO", "logger_name": "core.api", "message": "API Response Completed: 200", "request_id": "6fe31de3-1062-46d7-972d-addeb7e57812", "user_id": null, "api_id": "rooms-cancel_reservation", "duration_ms": 51.31, "correlation_id": "6fe31de3-1062-46d7-972d-addeb7e57812"}
{"timestamp": "2026-06-05 12:03:22,245", "level": "INFO", "logger_name": "django.server", "message": "\"DELETE /api/rooms/reservations/112/ HTTP/1.1\" 200 98"}
{"timestamp": "2026-06-05 12:03:25,032", "level": "INFO", "logger_name": "core.api", "message": "API Request Started: POST /api/rooms/recommend/", "request_id": "eb12a1a2-ec64-49c1-bfb4-6af10bdf60da", "user_id": null, "api_id": "rooms-recommend_study_rooms", "correlation_id": "eb12a1a2-ec64-49c1-bfb4-6af10bdf60da"}
{"timestamp": "2026-06-05 12:03:25,048", "level": "INFO", "logger_name": "core.api", "message": "API Response Completed: 200", "request_id": "eb12a1a2-ec64-49c1-bfb4-6af10bdf60da", "user_id": null, "api_id": "rooms-recommend_study_rooms", "duration_ms": 16.51, "correlation_id": "eb12a1a2-ec64-49c1-bfb4-6af10bdf60da"}
{"timestamp": "2026-06-05 12:03:25,049", "level": "INFO", "logger_name": "django.server", "message": "\"POST /api/rooms/recommend/ HTTP/1.1\" 200 3705"}
{"timestamp": "2026-06-05 12:03:26,679", "level": "INFO", "logger_name": "core.api", "message": "API Request Started: POST /api/rooms/recommend/", "request_id": "2ebc6df7-5ea8-414a-87ad-dfec946c836c", "user_id": null, "api_id": "rooms-recommend_study_rooms", "correlation_id": "2ebc6df7-5ea8-414a-87ad-dfec946c836c"}
{"timestamp": "2026-06-05 12:03:26,694", "level": "INFO", "logger_name": "core.api", "message": "API Response Completed: 200", "request_id": "2ebc6df7-5ea8-414a-87ad-dfec946c836c", "user_id": null, "api_id": "rooms-recommend_study_rooms", "duration_ms": 16.31, "correlation_id": "2ebc6df7-5ea8-414a-87ad-dfec946c836c"}
{"timestamp": "2026-06-05 12:03:26,697", "level": "INFO", "logger_name": "django.server", "message": "\"POST /api/rooms/recommend/ HTTP/1.1\" 200 4043"}
{"timestamp": "2026-06-05 12:03:27,787", "level": "INFO", "logger_name": "core.api", "message": "API Request Started: POST /api/rooms/recommend/", "request_id": "d9cfadff-438b-4c97-a63b-66e72978f11b", "user_id": null, "api_id": "rooms-recommend_study_rooms", "correlation_id": "d9cfadff-438b-4c97-a63b-66e72978f11b"}
{"timestamp": "2026-06-05 12:03:27,801", "level": "INFO", "logger_name": "core.api", "message": "API Response Completed: 200", "request_id": "d9cfadff-438b-4c97-a63b-66e72978f11b", "user_id": null, "api_id": "rooms-recommend_study_rooms", "duration_ms": 14.38, "correlation_id": "d9cfadff-438b-4c97-a63b-66e72978f11b"}
{"timestamp": "2026-06-05 12:03:27,803", "level": "INFO", "logger_name": "django.server", "message": "\"POST /api/rooms/recommend/ HTTP/1.1\" 200 4043"}
{"timestamp": "2026-06-05 12:03:28,508", "level": "INFO", "logger_name": "core.api", "message": "API Request Started: POST /api/rooms/recommend/", "request_id": "4d6c01f2-0ade-4945-b30e-9f6516d31b2e", "user_id": null, "api_id": "rooms-recommend_study_rooms", "correlation_id": "4d6c01f2-0ade-4945-b30e-9f6516d31b2e"}
{"timestamp": "2026-06-05 12:03:28,513", "level": "INFO", "logger_name": "core.api", "message": "API Response Completed: 200", "request_id": "4d6c01f2-0ade-4945-b30e-9f6516d31b2e", "user_id": null, "api_id": "rooms-recommend_study_rooms", "duration_ms": 4.77, "correlation_id": "4d6c01f2-0ade-4945-b30e-9f6516d31b2e"}
{"timestamp": "2026-06-05 12:03:28,514", "level": "INFO", "logger_name": "django.server", "message": "\"POST /api/rooms/recommend/ HTTP/1.1\" 200 4043"}
{"timestamp": "2026-06-05 12:03:29,464", "level": "INFO", "logger_name": "core.api", "message": "API Request Started: POST /api/rooms/recommend/", "request_id": "cb96680c-9ee4-4322-84ff-76a97f9d9f64", "user_id": null, "api_id": "rooms-recommend_study_rooms", "correlation_id": "cb96680c-9ee4-4322-84ff-76a97f9d9f64"}
{"timestamp": "2026-06-05 12:03:29,472", "level": "INFO", "logger_name": "core.api", "message": "API Response Completed: 200", "request_id": "cb96680c-9ee4-4322-84ff-76a97f9d9f64", "user_id": null, "api_id": "rooms-recommend_study_rooms", "duration_ms": 7.57, "correlation_id": "cb96680c-9ee4-4322-84ff-76a97f9d9f64"}
{"timestamp": "2026-06-05 12:03:29,473", "level": "INFO", "logger_name": "django.server", "message": "\"POST /api/rooms/recommend/ HTTP/1.1\" 200 4043"}
{"timestamp": "2026-06-05 12:03:32,527", "level": "INFO", "logger_name": "core.api", "message": "API Request Started: DELETE /api/rooms/reservations/115/", "request_id": "0cef2b02-8d37-4990-9f34-b0962f50f871", "user_id": null, "api_id": "rooms-cancel_reservation", "correlation_id": "0cef2b02-8d37-4990-9f34-b0962f50f871"}
{"timestamp": "2026-06-05 12:03:32,546", "level": "INFO", "logger_name": "core.api", "message": "API Response Completed: 200", "request_id": "0cef2b02-8d37-4990-9f34-b0962f50f871", "user_id": null, "api_id": "rooms-cancel_reservation", "duration_ms": 18.84, "correlation_id": "0cef2b02-8d37-4990-9f34-b0962f50f871"}
{"timestamp": "2026-06-05 12:03:32,546", "level": "INFO", "logger_name": "django.server", "message": "\"DELETE /api/rooms/reservations/115/ HTTP/1.1\" 200 98"}
{"timestamp": "2026-06-05 12:03:32,591", "level": "INFO", "logger_name": "core.api", "message": "API Request Started: DELETE /api/rooms/reservations/114/", "request_id": "8fedd32c-354c-4f70-8841-190a45d4ff87", "user_id": null, "api_id": "rooms-cancel_reservation", "correlation_id": "8fedd32c-354c-4f70-8841-190a45d4ff87"}
{"timestamp": "2026-06-05 12:03:32,600", "level": "INFO", "logger_name": "core.api", "message": "API Response Completed: 200", "request_id": "8fedd32c-354c-4f70-8841-190a45d4ff87", "user_id": null, "api_id": "rooms-cancel_reservation", "duration_ms": 9.1, "correlation_id": "8fedd32c-354c-4f70-8841-190a45d4ff87"}
{"timestamp": "2026-06-05 12:03:32,600", "level": "INFO", "logger_name": "django.server", "message": "\"DELETE /api/rooms/reservations/114/ HTTP/1.1\" 200 98"}
{"timestamp": "2026-06-05 12:03:33,924", "level": "INFO", "logger_name": "core.api", "message": "API Request Started: DELETE /api/rooms/reservations/113/", "request_id": "52b57b67-2711-493e-ad69-f7a40567e377", "user_id": null, "api_id": "rooms-cancel_reservation", "correlation_id": "52b57b67-2711-493e-ad69-f7a40567e377"}
{"timestamp": "2026-06-05 12:03:33,945", "level": "INFO", "logger_name": "core.api", "message": "API Response Completed: 200", "request_id": "52b57b67-2711-493e-ad69-f7a40567e377", "user_id": null, "api_id": "rooms-cancel_reservation", "duration_ms": 20.92, "correlation_id": "52b57b67-2711-493e-ad69-f7a40567e377"}
{"timestamp": "2026-06-05 12:03:33,945", "level": "INFO", "logger_name": "django.server", "message": "\"DELETE /api/rooms/reservations/113/ HTTP/1.1\" 200 98"}
{"timestamp": "2026-06-05 12:03:35,518", "level": "INFO", "logger_name": "core.api", "message": "API Request Started: POST /api/rooms/recommend/", "request_id": "9d0a94fb-8ab0-4fc9-886a-af11d6de3394", "user_id": null, "api_id": "rooms-recommend_study_rooms", "correlation_id": "9d0a94fb-8ab0-4fc9-886a-af11d6de3394"}
{"timestamp": "2026-06-05 12:03:35,530", "level": "INFO", "logger_name": "core.api", "message": "API Response Completed: 200", "request_id": "9d0a94fb-8ab0-4fc9-886a-af11d6de3394", "user_id": null, "api_id": "rooms-recommend_study_rooms", "duration_ms": 12.59, "correlation_id": "9d0a94fb-8ab0-4fc9-886a-af11d6de3394"}
{"timestamp": "2026-06-05 12:03:35,532", "level": "INFO", "logger_name": "django.server", "message": "\"POST /api/rooms/recommend/ HTTP/1.1\" 200 4045"}
{"timestamp": "2026-06-05 12:03:36,658", "level": "INFO", "logger_name": "core.api", "message": "API Request Started: POST /api/rooms/recommend/", "request_id": "887c619a-7fd9-40a0-b56f-bc8f9f3660a1", "user_id": null, "api_id": "rooms-recommend_study_rooms", "correlation_id": "887c619a-7fd9-40a0-b56f-bc8f9f3660a1"}
{"timestamp": "2026-06-05 12:03:36,665", "level": "INFO", "logger_name": "core.api", "message": "API Response Completed: 200", "request_id": "887c619a-7fd9-40a0-b56f-bc8f9f3660a1", "user_id": null, "api_id": "rooms-recommend_study_rooms", "duration_ms": 6.89, "correlation_id": "887c619a-7fd9-40a0-b56f-bc8f9f3660a1"}
{"timestamp": "2026-06-05 12:03:36,665", "level": "INFO", "logger_name": "django.server", "message": "\"POST /api/rooms/recommend/ HTTP/1.1\" 200 4045"}
{"timestamp": "2026-06-05 12:03:37,323", "level": "INFO", "logger_name": "core.api", "message": "API Request Started: POST /api/rooms/recommend/", "request_id": "d17fca97-2e7a-4bfe-afcf-1f2790e98139", "user_id": null, "api_id": "rooms-recommend_study_rooms", "correlation_id": "d17fca97-2e7a-4bfe-afcf-1f2790e98139"}
{"timestamp": "2026-06-05 12:03:37,334", "level": "INFO", "logger_name": "core.api", "message": "API Response Completed: 200", "request_id": "d17fca97-2e7a-4bfe-afcf-1f2790e98139", "user_id": null, "api_id": "rooms-recommend_study_rooms", "duration_ms": 11.28, "correlation_id": "d17fca97-2e7a-4bfe-afcf-1f2790e98139"}
{"timestamp": "2026-06-05 12:03:37,335", "level": "INFO", "logger_name": "django.server", "message": "\"POST /api/rooms/recommend/ HTTP/1.1\" 200 3605"}
{"timestamp": "2026-06-05 12:05:30,705", "level": "INFO", "logger_name": "core.api", "message": "API Request Started: POST /api/rooms/reserve_combo/", "request_id": "1052e9fd-c273-45e7-9eaa-d519b4badded", "user_id": null, "api_id": "rooms-create_combo_reservation", "correlation_id": "1052e9fd-c273-45e7-9eaa-d519b4badded"}
{"timestamp": "2026-06-05 12:05:30,763", "level": "INFO", "logger_name": "core.api", "message": "API Response Completed: 200", "request_id": "1052e9fd-c273-45e7-9eaa-d519b4badded", "user_id": null, "api_id": "rooms-create_combo_reservation", "duration_ms": 57.75, "correlation_id": "1052e9fd-c273-45e7-9eaa-d519b4badded"}
{"timestamp": "2026-06-05 12:05:30,764", "level": "INFO", "logger_name": "django.server", "message": "\"POST /api/rooms/reserve_combo/ HTTP/1.1\" 200 144"}
{"timestamp": "2026-06-05 12:05:30,795", "level": "INFO", "logger_name": "core.api", "message": "API Request Started: GET /api/rooms/reservations/", "request_id": "2fe5c685-4e3a-4920-a855-75964154724a", "user_id": null, "api_id": "rooms-get_my_reservations", "correlation_id": "2fe5c685-4e3a-4920-a855-75964154724a"}
{"timestamp": "2026-06-05 12:05:30,799", "level": "INFO", "logger_name": "core.api", "message": "API Response Completed: 200", "request_id": "2fe5c685-4e3a-4920-a855-75964154724a", "user_id": null, "api_id": "rooms-get_my_reservations", "duration_ms": 3.72, "correlation_id": "2fe5c685-4e3a-4920-a855-75964154724a"}
{"timestamp": "2026-06-05 12:05:30,799", "level": "INFO", "logger_name": "django.server", "message": "\"GET /api/rooms/reservations/ HTTP/1.1\" 200 628"}
{"timestamp": "2026-06-05 12:05:30,899", "level": "INFO", "logger_name": "core.api", "message": "API Request Started: DELETE /api/rooms/reservations/116/", "request_id": "22c2fba7-65e3-4f57-9260-8fcd57ee3d30", "user_id": null, "api_id": "rooms-cancel_reservation", "correlation_id": "22c2fba7-65e3-4f57-9260-8fcd57ee3d30"}
{"timestamp": "2026-06-05 12:05:30,920", "level": "INFO", "logger_name": "core.api", "message": "API Response Completed: 200", "request_id": "22c2fba7-65e3-4f57-9260-8fcd57ee3d30", "user_id": null, "api_id": "rooms-cancel_reservation", "duration_ms": 21.09, "correlation_id": "22c2fba7-65e3-4f57-9260-8fcd57ee3d30"}
{"timestamp": "2026-06-05 12:05:30,921", "level": "INFO", "logger_name": "django.server", "message": "\"DELETE /api/rooms/reservations/116/ HTTP/1.1\" 200 98"}
{"timestamp": "2026-06-05 12:05:31,840", "level": "INFO", "logger_name": "core.api", "message": "API Request Started: POST /api/rooms/recommend/", "request_id": "8bcf48b8-47f1-4e36-9bc7-cd97e553f0d7", "user_id": null, "api_id": "rooms-recommend_study_rooms", "correlation_id": "8bcf48b8-47f1-4e36-9bc7-cd97e553f0d7"}
{"timestamp": "2026-06-05 12:05:31,846", "level": "INFO", "logger_name": "core.api", "message": "API Response Completed: 200", "request_id": "8bcf48b8-47f1-4e36-9bc7-cd97e553f0d7", "user_id": null, "api_id": "rooms-recommend_study_rooms", "duration_ms": 6.76, "correlation_id": "8bcf48b8-47f1-4e36-9bc7-cd97e553f0d7"}
{"timestamp": "2026-06-05 12:05:31,848", "level": "INFO", "logger_name": "django.server", "message": "\"POST /api/rooms/recommend/ HTTP/1.1\" 200 4040"}
{"timestamp": "2026-06-05 12:05:35,311", "level": "INFO", "logger_name": "core.api", "message": "API Request Started: POST /api/rooms/recommend/", "request_id": "5ecdb028-2918-430d-9e1f-2c6d3a6510fc", "user_id": null, "api_id": "rooms-recommend_study_rooms", "correlation_id": "5ecdb028-2918-430d-9e1f-2c6d3a6510fc"}
{"timestamp": "2026-06-05 12:05:35,316", "level": "INFO", "logger_name": "core.api", "message": "API Response Completed: 200", "request_id": "5ecdb028-2918-430d-9e1f-2c6d3a6510fc", "user_id": null, "api_id": "rooms-recommend_study_rooms", "duration_ms": 5.82, "correlation_id": "5ecdb028-2918-430d-9e1f-2c6d3a6510fc"}
{"timestamp": "2026-06-05 12:05:35,318", "level": "INFO", "logger_name": "django.server", "message": "\"POST /api/rooms/recommend/ HTTP/1.1\" 200 4041"}
{"timestamp": "2026-06-05 12:05:36,292", "level": "INFO", "logger_name": "core.api", "message": "API Request Started: POST /api/rooms/recommend/", "request_id": "f6fef299-9c68-4d76-9a22-7ea05116fe9f", "user_id": null, "api_id": "rooms-recommend_study_rooms", "correlation_id": "f6fef299-9c68-4d76-9a22-7ea05116fe9f"}
{"timestamp": "2026-06-05 12:05:36,303", "level": "INFO", "logger_name": "core.api", "message": "API Response Completed: 200", "request_id": "f6fef299-9c68-4d76-9a22-7ea05116fe9f", "user_id": null, "api_id": "rooms-recommend_study_rooms", "duration_ms": 11.93, "correlation_id": "f6fef299-9c68-4d76-9a22-7ea05116fe9f"}
{"timestamp": "2026-06-05 12:05:36,304", "level": "INFO", "logger_name": "django.server", "message": "\"POST /api/rooms/recommend/ HTTP/1.1\" 200 4041"}
{"timestamp": "2026-06-05 12:05:36,975", "level": "INFO", "logger_name": "core.api", "message": "API Request Started: POST /api/rooms/recommend/", "request_id": "6e3c6baa-6c32-44b7-91e1-2c5edcef395e", "user_id": null, "api_id": "rooms-recommend_study_rooms", "correlation_id": "6e3c6baa-6c32-44b7-91e1-2c5edcef395e"}
{"timestamp": "2026-06-05 12:05:36,987", "level": "INFO", "logger_name": "core.api", "message": "API Response Completed: 200", "request_id": "6e3c6baa-6c32-44b7-91e1-2c5edcef395e", "user_id": null, "api_id": "rooms-recommend_study_rooms", "duration_ms": 11.83, "correlation_id": "6e3c6baa-6c32-44b7-91e1-2c5edcef395e"}
{"timestamp": "2026-06-05 12:05:36,988", "level": "INFO", "logger_name": "django.server", "message": "\"POST /api/rooms/recommend/ HTTP/1.1\" 200 4219"}
{"timestamp": "2026-06-05 12:05:38,722", "level": "INFO", "logger_name": "core.api", "message": "API Request Started: POST /api/rooms/recommend/", "request_id": "3ecad7b9-df70-4ec7-b385-c8bbebebe932", "user_id": null, "api_id": "rooms-recommend_study_rooms", "correlation_id": "3ecad7b9-df70-4ec7-b385-c8bbebebe932"}
{"timestamp": "2026-06-05 12:05:38,727", "level": "INFO", "logger_name": "core.api", "message": "API Response Completed: 200", "request_id": "3ecad7b9-df70-4ec7-b385-c8bbebebe932", "user_id": null, "api_id": "rooms-recommend_study_rooms", "duration_ms": 5.42, "correlation_id": "3ecad7b9-df70-4ec7-b385-c8bbebebe932"}
{"timestamp": "2026-06-05 12:05:38,728", "level": "INFO", "logger_name": "django.server", "message": "\"POST /api/rooms/recommend/ HTTP/1.1\" 200 3321"}
{"timestamp": "2026-06-05 12:05:39,910", "level": "INFO", "logger_name": "core.api", "message": "API Request Started: POST /api/rooms/recommend/", "request_id": "5b776050-69bf-48f1-8cac-339fc0ac3f0c", "user_id": null, "api_id": "rooms-recommend_study_rooms", "correlation_id": "5b776050-69bf-48f1-8cac-339fc0ac3f0c"}
{"timestamp": "2026-06-05 12:05:39,918", "level": "INFO", "logger_name": "core.api", "message": "API Response Completed: 200", "request_id": "5b776050-69bf-48f1-8cac-339fc0ac3f0c", "user_id": null, "api_id": "rooms-recommend_study_rooms", "duration_ms": 7.58, "correlation_id": "5b776050-69bf-48f1-8cac-339fc0ac3f0c"}
{"timestamp": "2026-06-05 12:05:39,919", "level": "INFO", "logger_name": "django.server", "message": "\"POST /api/rooms/recommend/ HTTP/1.1\" 200 4041"}
{"timestamp": "2026-06-05 12:05:42,486", "level": "INFO", "logger_name": "core.api", "message": "API Request Started: POST /api/rooms/recommend/", "request_id": "29b9417b-29cd-4d9f-8cca-8a8df6fe1209", "user_id": null, "api_id": "rooms-recommend_study_rooms", "correlation_id": "29b9417b-29cd-4d9f-8cca-8a8df6fe1209"}
{"timestamp": "2026-06-05 12:05:42,491", "level": "INFO", "logger_name": "core.api", "message": "API Response Completed: 200", "request_id": "29b9417b-29cd-4d9f-8cca-8a8df6fe1209", "user_id": null, "api_id": "rooms-recommend_study_rooms", "duration_ms": 5.33, "correlation_id": "29b9417b-29cd-4d9f-8cca-8a8df6fe1209"}
{"timestamp": "2026-06-05 12:05:42,492", "level": "INFO", "logger_name": "django.server", "message": "\"POST /api/rooms/recommend/ HTTP/1.1\" 200 4219"}
{"timestamp": "2026-06-05 12:05:44,917", "level": "INFO", "logger_name": "core.api", "message": "API Request Started: POST /api/rooms/recommend/", "request_id": "fde8a00d-3af4-40bf-bc9a-489d2952be97", "user_id": null, "api_id": "rooms-recommend_study_rooms", "correlation_id": "fde8a00d-3af4-40bf-bc9a-489d2952be97"}
{"timestamp": "2026-06-05 12:05:44,923", "level": "INFO", "logger_name": "core.api", "message": "API Response Completed: 200", "request_id": "fde8a00d-3af4-40bf-bc9a-489d2952be97", "user_id": null, "api_id": "rooms-recommend_study_rooms", "duration_ms": 6.84, "correlation_id": "fde8a00d-3af4-40bf-bc9a-489d2952be97"}
{"timestamp": "2026-06-05 12:05:44,924", "level": "INFO", "logger_name": "django.server", "message": "\"POST /api/rooms/recommend/ HTTP/1.1\" 200 3321"}
{"timestamp": "2026-06-05 12:05:46,508", "level": "INFO", "logger_name": "core.api", "message": "API Request Started: POST /api/rooms/recommend/", "request_id": "d91ec31e-4c36-4a77-95f5-670d1ec9ac65", "user_id": null, "api_id": "rooms-recommend_study_rooms", "correlation_id": "d91ec31e-4c36-4a77-95f5-670d1ec9ac65"}
{"timestamp": "2026-06-05 12:05:46,516", "level": "INFO", "logger_name": "core.api", "message": "API Response Completed: 200", "request_id": "d91ec31e-4c36-4a77-95f5-670d1ec9ac65", "user_id": null, "api_id": "rooms-recommend_study_rooms", "duration_ms": 8.02, "correlation_id": "d91ec31e-4c36-4a77-95f5-670d1ec9ac65"}
{"timestamp": "2026-06-05 12:05:46,517", "level": "INFO", "logger_name": "django.server", "message": "\"POST /api/rooms/recommend/ HTTP/1.1\" 200 4042"}
{"timestamp": "2026-06-05 12:05:50,193", "level": "INFO", "logger_name": "core.api", "message": "API Request Started: POST /api/rooms/recommend/", "request_id": "db8ba970-0ec3-4491-9ccc-cae68a917182", "user_id": null, "api_id": "rooms-recommend_study_rooms", "correlation_id": "db8ba970-0ec3-4491-9ccc-cae68a917182"}
{"timestamp": "2026-06-05 12:05:50,199", "level": "INFO", "logger_name": "core.api", "message": "API Response Completed: 200", "request_id": "db8ba970-0ec3-4491-9ccc-cae68a917182", "user_id": null, "api_id": "rooms-recommend_study_rooms", "duration_ms": 5.72, "correlation_id": "db8ba970-0ec3-4491-9ccc-cae68a917182"}
{"timestamp": "2026-06-05 12:05:50,200", "level": "INFO", "logger_name": "django.server", "message": "\"POST /api/rooms/recommend/ HTTP/1.1\" 200 2122"}
{"timestamp": "2026-06-05 12:05:58,348", "level": "INFO", "logger_name": "core.api", "message": "API Request Started: POST /api/rooms/recommend/", "request_id": "c18295e6-196a-4ee2-8fae-39e6e907ab1d", "user_id": null, "api_id": "rooms-recommend_study_rooms", "correlation_id": "c18295e6-196a-4ee2-8fae-39e6e907ab1d"}
{"timestamp": "2026-06-05 12:05:58,362", "level": "INFO", "logger_name": "core.api", "message": "API Response Completed: 200", "request_id": "c18295e6-196a-4ee2-8fae-39e6e907ab1d", "user_id": null, "api_id": "rooms-recommend_study_rooms", "duration_ms": 14.21, "correlation_id": "c18295e6-196a-4ee2-8fae-39e6e907ab1d"}
{"timestamp": "2026-06-05 12:05:58,363", "level": "INFO", "logger_name": "django.server", "message": "\"POST /api/rooms/recommend/ HTTP/1.1\" 200 4042"}
{"timestamp": "2026-06-05 12:06:00,287", "level": "INFO", "logger_name": "core.api", "message": "API Request Started: POST /api/rooms/recommend/", "request_id": "20ac6c46-17bb-4699-92a4-a44657891682", "user_id": null, "api_id": "rooms-recommend_study_rooms", "correlation_id": "20ac6c46-17bb-4699-92a4-a44657891682"}
{"timestamp": "2026-06-05 12:06:00,297", "level": "INFO", "logger_name": "core.api", "message": "API Response Completed: 200", "request_id": "20ac6c46-17bb-4699-92a4-a44657891682", "user_id": null, "api_id": "rooms-recommend_study_rooms", "duration_ms": 10.18, "correlation_id": "20ac6c46-17bb-4699-92a4-a44657891682"}
{"timestamp": "2026-06-05 12:06:00,298", "level": "INFO", "logger_name": "django.server", "message": "\"POST /api/rooms/recommend/ HTTP/1.1\" 200 4042"}
{"timestamp": "2026-06-05 12:11:18,943", "level": "INFO", "logger_name": "core.api", "message": "API Request Started: GET /media/profiles/scaled_1000030598.jpg", "request_id": "2d2adf40-a46e-4589-9f68-07024342a15d", "user_id": null, "api_id": "static-serve", "correlation_id": "2d2adf40-a46e-4589-9f68-07024342a15d"}
{"timestamp": "2026-06-05 12:11:19,037", "level": "INFO", "logger_name": "core.api", "message": "API Response Completed: 200", "request_id": "2d2adf40-a46e-4589-9f68-07024342a15d", "user_id": null, "api_id": "static-serve", "duration_ms": 93.72, "correlation_id": "2d2adf40-a46e-4589-9f68-07024342a15d"}
{"timestamp": "2026-06-05 12:11:19,092", "level": "INFO", "logger_name": "django.server", "message": "\"GET /media/profiles/scaled_1000030598.jpg HTTP/1.1\" 200 1261605"}
{"timestamp": "2026-06-05 12:14:07,523", "level": "INFO", "logger_name": "core.api", "message": "API Request Started: GET /api/students/info", "request_id": "d07301a2-df4e-48e5-979a-bd9615c56a93", "user_id": null, "api_id": "auth-view", "correlation_id": "d07301a2-df4e-48e5-979a-bd9615c56a93"}
{"timestamp": "2026-06-05 12:14:07,524", "level": "INFO", "logger_name": "core.api.auth", "message": "=== [API CALL] GET /students/info ==="}
{"timestamp": "2026-06-05 12:14:07,531", "level": "INFO", "logger_name": "core.api", "message": "API Response Completed: 200", "request_id": "d07301a2-df4e-48e5-979a-bd9615c56a93", "user_id": null, "api_id": "auth-view", "duration_ms": 8.38, "correlation_id": "d07301a2-df4e-48e5-979a-bd9615c56a93"}
{"timestamp": "2026-06-05 12:14:07,532", "level": "INFO", "logger_name": "django.server", "message": "\"GET /api/students/info HTTP/1.1\" 200 256"}
{"timestamp": "2026-06-05 12:14:07,982", "level": "INFO", "logger_name": "core.api", "message": "API Request Started: GET /api/topics/active/", "request_id": "66461b9d-e0c4-43d4-9096-926e1fc23347", "user_id": null, "api_id": "topic_api-get_active_topic", "correlation_id": "66461b9d-e0c4-43d4-9096-926e1fc23347"}
{"timestamp": "2026-06-05 12:14:07,985", "level": "INFO", "logger_name": "core.api", "message": "API Response Completed: 200", "request_id": "66461b9d-e0c4-43d4-9096-926e1fc23347", "user_id": null, "api_id": "topic_api-get_active_topic", "duration_ms": 3.29, "correlation_id": "66461b9d-e0c4-43d4-9096-926e1fc23347"}
{"timestamp": "2026-06-05 12:14:07,986", "level": "INFO", "logger_name": "django.server", "message": "\"GET /api/topics/active/ HTTP/1.1\" 200 348"}
{"timestamp": "2026-06-05 12:14:08,018", "level": "INFO", "logger_name": "core.api", "message": "API Request Started: GET /api/topics/6/vote/stat/", "request_id": "644ac26a-57c5-4658-8377-f4de65d0a745", "user_id": null, "api_id": "topic_api-get_vote_stat", "correlation_id": "644ac26a-57c5-4658-8377-f4de65d0a745"}
{"timestamp": "2026-06-05 12:14:08,022", "level": "INFO", "logger_name": "core.api", "message": "API Response Completed: 200", "request_id": "644ac26a-57c5-4658-8377-f4de65d0a745", "user_id": null, "api_id": "topic_api-get_vote_stat", "duration_ms": 4.61, "correlation_id": "644ac26a-57c5-4658-8377-f4de65d0a745"}
{"timestamp": "2026-06-05 12:14:08,023", "level": "INFO", "logger_name": "django.server", "message": "\"GET /api/topics/6/vote/stat/ HTTP/1.1\" 200 97"}
{"timestamp": "2026-06-05 12:14:21,784", "level": "INFO", "logger_name": "core.api", "message": "API Request Started: GET /api/topics/", "request_id": "bea12175-db55-4e30-ab79-d3faf4d75588", "user_id": null, "api_id": "topic_api-get_topic_list", "correlation_id": "bea12175-db55-4e30-ab79-d3faf4d75588"}
{"timestamp": "2026-06-05 12:14:21,790", "level": "INFO", "logger_name": "core.api", "message": "API Response Completed: 200", "request_id": "bea12175-db55-4e30-ab79-d3faf4d75588", "user_id": null, "api_id": "topic_api-get_topic_list", "duration_ms": 6.27, "correlation_id": "bea12175-db55-4e30-ab79-d3faf4d75588"}
{"timestamp": "2026-06-05 12:14:21,791", "level": "INFO", "logger_name": "django.server", "message": "\"GET /api/topics/ HTTP/1.1\" 200 1864"}
{"timestamp": "2026-06-05 12:14:23,509", "level": "INFO", "logger_name": "core.api", "message": "API Request Started: GET /api/topics/6/comments/list/", "request_id": "09a6adcb-cd59-4a16-a56d-57a341ecb641", "user_id": null, "api_id": "topic_api-get_topic_comments", "correlation_id": "09a6adcb-cd59-4a16-a56d-57a341ecb641"}
{"timestamp": "2026-06-05 12:14:23,510", "level": "INFO", "logger_name": "core.api", "message": "API Request Started: GET /api/topics/6/comments/list/", "request_id": "80dfa372-9458-43f5-85fd-984a2580d703", "user_id": null, "api_id": "topic_api-get_topic_comments", "correlation_id": "80dfa372-9458-43f5-85fd-984a2580d703"}
{"timestamp": "2026-06-05 12:14:23,529", "level": "INFO", "logger_name": "core.api", "message": "API Response Completed: 200", "request_id": "09a6adcb-cd59-4a16-a56d-57a341ecb641", "user_id": null, "api_id": "topic_api-get_topic_comments", "duration_ms": 19.89, "correlation_id": "09a6adcb-cd59-4a16-a56d-57a341ecb641"}
{"timestamp": "2026-06-05 12:14:23,529", "level": "INFO", "logger_name": "core.api", "message": "API Response Completed: 200", "request_id": "80dfa372-9458-43f5-85fd-984a2580d703", "user_id": null, "api_id": "topic_api-get_topic_comments", "duration_ms": 19.78, "correlation_id": "80dfa372-9458-43f5-85fd-984a2580d703"}
{"timestamp": "2026-06-05 12:14:23,530", "level": "INFO", "logger_name": "django.server", "message": "\"GET /api/topics/6/comments/list/?opinion=true&sort=latest HTTP/1.1\" 200 5384"}
{"timestamp": "2026-06-05 12:14:23,530", "level": "INFO", "logger_name": "django.server", "message": "\"GET /api/topics/6/comments/list/?opinion=false&sort=latest HTTP/1.1\" 200 5884"}
{"timestamp": "2026-06-05 12:14:33,147", "level": "INFO", "logger_name": "core.api", "message": "API Request Started: GET /api/topics/6/vote/stat/", "request_id": "cab1c7b3-4e10-40d6-9eb4-318fb71d7902", "user_id": null, "api_id": "topic_api-get_vote_stat", "correlation_id": "cab1c7b3-4e10-40d6-9eb4-318fb71d7902"}
{"timestamp": "2026-06-05 12:14:33,150", "level": "INFO", "logger_name": "core.api", "message": "API Response Completed: 200", "request_id": "cab1c7b3-4e10-40d6-9eb4-318fb71d7902", "user_id": null, "api_id": "topic_api-get_vote_stat", "duration_ms": 2.99, "correlation_id": "cab1c7b3-4e10-40d6-9eb4-318fb71d7902"}
{"timestamp": "2026-06-05 12:14:33,151", "level": "INFO", "logger_name": "django.server", "message": "\"GET /api/topics/6/vote/stat/ HTTP/1.1\" 200 97"}
{"timestamp": "2026-06-05 12:14:43,123", "level": "INFO", "logger_name": "core.api", "message": "API Request Started: GET /api/topics/6/vote/stat/", "request_id": "da6b151b-b865-44fa-9e7e-f813bd4e95bf", "user_id": null, "api_id": "topic_api-get_vote_stat", "correlation_id": "da6b151b-b865-44fa-9e7e-f813bd4e95bf"}
{"timestamp": "2026-06-05 12:14:43,127", "level": "INFO", "logger_name": "core.api", "message": "API Response Completed: 200", "request_id": "da6b151b-b865-44fa-9e7e-f813bd4e95bf", "user_id": null, "api_id": "topic_api-get_vote_stat", "duration_ms": 4.41, "correlation_id": "da6b151b-b865-44fa-9e7e-f813bd4e95bf"}
{"timestamp": "2026-06-05 12:14:43,128", "level": "INFO", "logger_name": "django.server", "message": "\"GET /api/topics/6/vote/stat/ HTTP/1.1\" 200 97"}
{"timestamp": "2026-06-05 12:14:53,115", "level": "INFO", "logger_name": "core.api", "message": "API Request Started: GET /api/topics/6/vote/stat/", "request_id": "4710d810-cdbe-46f2-a63e-435ccb04a80e", "user_id": null, "api_id": "topic_api-get_vote_stat", "correlation_id": "4710d810-cdbe-46f2-a63e-435ccb04a80e"}
{"timestamp": "2026-06-05 12:14:53,119", "level": "INFO", "logger_name": "core.api", "message": "API Response Completed: 200", "request_id": "4710d810-cdbe-46f2-a63e-435ccb04a80e", "user_id": null, "api_id": "topic_api-get_vote_stat", "duration_ms": 4.45, "correlation_id": "4710d810-cdbe-46f2-a63e-435ccb04a80e"}
{"timestamp": "2026-06-05 12:14:53,120", "level": "INFO", "logger_name": "django.server", "message": "\"GET /api/topics/6/vote/stat/ HTTP/1.1\" 200 97"}
{"timestamp": "2026-06-05 19:42:17,886", "level": "INFO", "logger_name": "django.utils.autoreload", "message": "Watching for file changes with StatReloader"}
{"timestamp": "2026-06-05 19:42:30,929", "level": "INFO", "logger_name": "django.utils.autoreload", "message": "Watching for file changes with StatReloader"}
{"timestamp": "2026-06-05 19:47:39,260", "level": "INFO", "logger_name": "core.api", "message": "API Request Started: POST /api/students/login", "request_id": "8464c468-1ff8-43a6-8e90-cac9a0628413", "user_id": null, "api_id": "login-view", "correlation_id": "8464c468-1ff8-43a6-8e90-cac9a0628413"}
{"timestamp": "2026-06-05 19:47:39,261", "level": "INFO", "logger_name": "core.api.login", "message": "=== [API CALL] POST /students/login ==="}
{"timestamp": "2026-06-05 19:47:39,261", "level": "INFO", "logger_name": "core.api.login", "message": "Sending login request to e-Campus: https://cyber.gachon.ac.kr/login/index.php"}
{"timestamp": "2026-06-05 19:47:40,925", "level": "INFO", "logger_name": "core.api.login", "message": "e-Campus login successful for username: byou0070"}
{"timestamp": "2026-06-05 19:47:40,946", "level": "INFO", "logger_name": "core.api.login", "message": "Generated JWT tokens for returning student."}
{"timestamp": "2026-06-05 19:47:40,947", "level": "INFO", "logger_name": "core.api", "message": "API Response Completed: 200", "request_id": "8464c468-1ff8-43a6-8e90-cac9a0628413", "user_id": null, "api_id": "login-view", "duration_ms": 1687.19, "correlation_id": "8464c468-1ff8-43a6-8e90-cac9a0628413"}
{"timestamp": "2026-06-05 19:47:40,957", "level": "INFO", "logger_name": "django.server", "message": "\"POST /api/students/login HTTP/1.1\" 200 854"}
{"timestamp": "2026-06-05 19:47:41,245", "level": "INFO", "logger_name": "core.api", "message": "API Request Started: GET /api/topics/active/", "request_id": "a06c41e0-519b-46d6-b04b-46b64d2399cd", "user_id": null, "api_id": "topic_api-get_active_topic", "correlation_id": "a06c41e0-519b-46d6-b04b-46b64d2399cd"}
{"timestamp": "2026-06-05 19:47:41,248", "level": "INFO", "logger_name": "core.api", "message": "API Response Completed: 200", "request_id": "a06c41e0-519b-46d6-b04b-46b64d2399cd", "user_id": null, "api_id": "topic_api-get_active_topic", "duration_ms": 3.0, "correlation_id": "a06c41e0-519b-46d6-b04b-46b64d2399cd"}
{"timestamp": "2026-06-05 19:47:41,248", "level": "INFO", "logger_name": "django.server", "message": "\"GET /api/topics/active/ HTTP/1.1\" 200 348"}
{"timestamp": "2026-06-05 19:47:41,317", "level": "INFO", "logger_name": "core.api", "message": "API Request Started: GET /api/topics/6/vote/stat/", "request_id": "22f5af45-0bcf-4337-b7b6-c471eec15d37", "user_id": null, "api_id": "topic_api-get_vote_stat", "correlation_id": "22f5af45-0bcf-4337-b7b6-c471eec15d37"}
{"timestamp": "2026-06-05 19:47:41,322", "level": "INFO", "logger_name": "core.api", "message": "API Response Completed: 200", "request_id": "22f5af45-0bcf-4337-b7b6-c471eec15d37", "user_id": null, "api_id": "topic_api-get_vote_stat", "duration_ms": 4.8, "correlation_id": "22f5af45-0bcf-4337-b7b6-c471eec15d37"}
{"timestamp": "2026-06-05 19:47:41,322", "level": "INFO", "logger_name": "django.server", "message": "\"GET /api/topics/6/vote/stat/ HTTP/1.1\" 200 97"}
{"timestamp": "2026-06-05 19:47:43,046", "level": "INFO", "logger_name": "core.api", "message": "API Request Started: GET /api/topics/", "request_id": "c5768bfb-7497-4e9f-a480-3671a89ba061", "user_id": null, "api_id": "topic_api-get_topic_list", "correlation_id": "c5768bfb-7497-4e9f-a480-3671a89ba061"}
{"timestamp": "2026-06-05 19:47:43,052", "level": "INFO", "logger_name": "core.api", "message": "API Response Completed: 200", "request_id": "c5768bfb-7497-4e9f-a480-3671a89ba061", "user_id": null, "api_id": "topic_api-get_topic_list", "duration_ms": 6.13, "correlation_id": "c5768bfb-7497-4e9f-a480-3671a89ba061"}
{"timestamp": "2026-06-05 19:47:43,053", "level": "INFO", "logger_name": "django.server", "message": "\"GET /api/topics/ HTTP/1.1\" 200 1864"}
{"timestamp": "2026-06-05 19:47:44,281", "level": "INFO", "logger_name": "core.api", "message": "API Request Started: GET /api/topics/6/comments/list/", "request_id": "a8d078af-e23d-4b2e-a7c1-489244eb7f32", "user_id": null, "api_id": "topic_api-get_topic_comments", "correlation_id": "a8d078af-e23d-4b2e-a7c1-489244eb7f32"}
{"timestamp": "2026-06-05 19:47:44,282", "level": "INFO", "logger_name": "core.api", "message": "API Request Started: GET /api/topics/6/comments/list/", "request_id": "0966da36-95d8-425c-9198-309791904196", "user_id": null, "api_id": "topic_api-get_topic_comments", "correlation_id": "0966da36-95d8-425c-9198-309791904196"}
{"timestamp": "2026-06-05 19:47:44,298", "level": "INFO", "logger_name": "core.api", "message": "API Response Completed: 200", "request_id": "a8d078af-e23d-4b2e-a7c1-489244eb7f32", "user_id": null, "api_id": "topic_api-get_topic_comments", "duration_ms": 16.89, "correlation_id": "a8d078af-e23d-4b2e-a7c1-489244eb7f32"}
{"timestamp": "2026-06-05 19:47:44,299", "level": "INFO", "logger_name": "core.api", "message": "API Response Completed: 200", "request_id": "0966da36-95d8-425c-9198-309791904196", "user_id": null, "api_id": "topic_api-get_topic_comments", "duration_ms": 16.58, "correlation_id": "0966da36-95d8-425c-9198-309791904196"}
{"timestamp": "2026-06-05 19:47:44,299", "level": "INFO", "logger_name": "django.server", "message": "\"GET /api/topics/6/comments/list/?opinion=true&sort=latest HTTP/1.1\" 200 5384"}
{"timestamp": "2026-06-05 19:47:44,300", "level": "INFO", "logger_name": "django.server", "message": "\"GET /api/topics/6/comments/list/?opinion=false&sort=latest HTTP/1.1\" 200 5884"}
{"timestamp": "2026-06-05 19:47:47,979", "level": "INFO", "logger_name": "core.api", "message": "API Request Started: GET /api/topics/6/comments/list/", "request_id": "53152d18-f78d-4f2c-b973-79e39f2a2482", "user_id": null, "api_id": "topic_api-get_topic_comments", "correlation_id": "53152d18-f78d-4f2c-b973-79e39f2a2482"}
{"timestamp": "2026-06-05 19:47:47,989", "level": "INFO", "logger_name": "core.api", "message": "API Response Completed: 200", "request_id": "53152d18-f78d-4f2c-b973-79e39f2a2482", "user_id": null, "api_id": "topic_api-get_topic_comments", "duration_ms": 9.71, "correlation_id": "53152d18-f78d-4f2c-b973-79e39f2a2482"}
{"timestamp": "2026-06-05 19:47:47,990", "level": "INFO", "logger_name": "django.server", "message": "\"GET /api/topics/6/comments/list/?opinion=true&sort=latest&cursor=1360 HTTP/1.1\" 200 5499"}
{"timestamp": "2026-06-05 19:47:54,165", "level": "INFO", "logger_name": "core.api", "message": "API Request Started: GET /api/topics/6/vote/stat/", "request_id": "4a3acbd4-cd47-4bd5-8894-1a100e66a971", "user_id": null, "api_id": "topic_api-get_vote_stat", "correlation_id": "4a3acbd4-cd47-4bd5-8894-1a100e66a971"}
{"timestamp": "2026-06-05 19:47:54,168", "level": "INFO", "logger_name": "core.api", "message": "API Response Completed: 200", "request_id": "4a3acbd4-cd47-4bd5-8894-1a100e66a971", "user_id": null, "api_id": "topic_api-get_vote_stat", "duration_ms": 2.67, "correlation_id": "4a3acbd4-cd47-4bd5-8894-1a100e66a971"}
{"timestamp": "2026-06-05 19:47:54,168", "level": "INFO", "logger_name": "django.server", "message": "\"GET /api/topics/6/vote/stat/ HTTP/1.1\" 200 97"}
{"timestamp": "2026-06-05 19:48:04,107", "level": "INFO", "logger_name": "core.api", "message": "API Request Started: GET /api/topics/6/vote/stat/", "request_id": "b5b42f08-4e5f-4b0e-a498-7f8ebe0d07a3", "user_id": null, "api_id": "topic_api-get_vote_stat", "correlation_id": "b5b42f08-4e5f-4b0e-a498-7f8ebe0d07a3"}
{"timestamp": "2026-06-05 19:48:04,109", "level": "INFO", "logger_name": "core.api", "message": "API Response Completed: 200", "request_id": "b5b42f08-4e5f-4b0e-a498-7f8ebe0d07a3", "user_id": null, "api_id": "topic_api-get_vote_stat", "duration_ms": 2.63, "correlation_id": "b5b42f08-4e5f-4b0e-a498-7f8ebe0d07a3"}
{"timestamp": "2026-06-05 19:48:04,110", "level": "INFO", "logger_name": "django.server", "message": "\"GET /api/topics/6/vote/stat/ HTTP/1.1\" 200 97"}
{"timestamp": "2026-06-05 19:48:14,122", "level": "INFO", "logger_name": "core.api", "message": "API Request Started: GET /api/topics/6/vote/stat/", "request_id": "f1440ff0-4f92-463c-89f4-962a57a54a7d", "user_id": null, "api_id": "topic_api-get_vote_stat", "correlation_id": "f1440ff0-4f92-463c-89f4-962a57a54a7d"}
{"timestamp": "2026-06-05 19:48:14,125", "level": "INFO", "logger_name": "core.api", "message": "API Response Completed: 200", "request_id": "f1440ff0-4f92-463c-89f4-962a57a54a7d", "user_id": null, "api_id": "topic_api-get_vote_stat", "duration_ms": 3.34, "correlation_id": "f1440ff0-4f92-463c-89f4-962a57a54a7d"}
{"timestamp": "2026-06-05 19:48:14,126", "level": "INFO", "logger_name": "django.server", "message": "\"GET /api/topics/6/vote/stat/ HTTP/1.1\" 200 97"}
{"timestamp": "2026-06-05 19:48:24,114", "level": "INFO", "logger_name": "core.api", "message": "API Request Started: GET /api/topics/6/vote/stat/", "request_id": "d8244784-9eb6-4b9d-a50b-137acb61a323", "user_id": null, "api_id": "topic_api-get_vote_stat", "correlation_id": "d8244784-9eb6-4b9d-a50b-137acb61a323"}
{"timestamp": "2026-06-05 19:48:24,117", "level": "INFO", "logger_name": "core.api", "message": "API Response Completed: 200", "request_id": "d8244784-9eb6-4b9d-a50b-137acb61a323", "user_id": null, "api_id": "topic_api-get_vote_stat", "duration_ms": 2.86, "correlation_id": "d8244784-9eb6-4b9d-a50b-137acb61a323"}
{"timestamp": "2026-06-05 19:48:24,117", "level": "INFO", "logger_name": "django.server", "message": "\"GET /api/topics/6/vote/stat/ HTTP/1.1\" 200 97"}
{"timestamp": "2026-06-05 19:48:34,101", "level": "INFO", "logger_name": "core.api", "message": "API Request Started: GET /api/topics/6/vote/stat/", "request_id": "c71c7eb1-5667-431c-accc-139bd4d7759a", "user_id": null, "api_id": "topic_api-get_vote_stat", "correlation_id": "c71c7eb1-5667-431c-accc-139bd4d7759a"}
{"timestamp": "2026-06-05 19:48:34,104", "level": "INFO", "logger_name": "core.api", "message": "API Response Completed: 200", "request_id": "c71c7eb1-5667-431c-accc-139bd4d7759a", "user_id": null, "api_id": "topic_api-get_vote_stat", "duration_ms": 2.74, "correlation_id": "c71c7eb1-5667-431c-accc-139bd4d7759a"}
{"timestamp": "2026-06-05 19:48:34,104", "level": "INFO", "logger_name": "django.server", "message": "\"GET /api/topics/6/vote/stat/ HTTP/1.1\" 200 97"}
{"timestamp": "2026-06-05 19:48:44,100", "level": "INFO", "logger_name": "core.api", "message": "API Request Started: GET /api/topics/6/vote/stat/", "request_id": "964ca32a-1909-4bcf-8243-89a33f019d1f", "user_id": null, "api_id": "topic_api-get_vote_stat", "correlation_id": "964ca32a-1909-4bcf-8243-89a33f019d1f"}
{"timestamp": "2026-06-05 19:48:44,103", "level": "INFO", "logger_name": "core.api", "message": "API Response Completed: 200", "request_id": "964ca32a-1909-4bcf-8243-89a33f019d1f", "user_id": null, "api_id": "topic_api-get_vote_stat", "duration_ms": 2.78, "correlation_id": "964ca32a-1909-4bcf-8243-89a33f019d1f"}
{"timestamp": "2026-06-05 19:48:44,103", "level": "INFO", "logger_name": "django.server", "message": "\"GET /api/topics/6/vote/stat/ HTTP/1.1\" 200 97"}
{"timestamp": "2026-06-05 19:48:54,115", "level": "INFO", "logger_name": "core.api", "message": "API Request Started: GET /api/topics/6/vote/stat/", "request_id": "52c104ae-a06e-4ed4-8883-81d8fd2e3e41", "user_id": null, "api_id": "topic_api-get_vote_stat", "correlation_id": "52c104ae-a06e-4ed4-8883-81d8fd2e3e41"}
{"timestamp": "2026-06-05 19:48:54,118", "level": "INFO", "logger_name": "core.api", "message": "API Response Completed: 200", "request_id": "52c104ae-a06e-4ed4-8883-81d8fd2e3e41", "user_id": null, "api_id": "topic_api-get_vote_stat", "duration_ms": 2.66, "correlation_id": "52c104ae-a06e-4ed4-8883-81d8fd2e3e41"}
{"timestamp": "2026-06-05 19:48:54,118", "level": "INFO", "logger_name": "django.server", "message": "\"GET /api/topics/6/vote/stat/ HTTP/1.1\" 200 97"}
{"timestamp": "2026-06-05 19:49:04,121", "level": "INFO", "logger_name": "core.api", "message": "API Request Started: GET /api/topics/6/vote/stat/", "request_id": "56951a2a-f099-45fd-a842-b6494ff85f94", "user_id": null, "api_id": "topic_api-get_vote_stat", "correlation_id": "56951a2a-f099-45fd-a842-b6494ff85f94"}
{"timestamp": "2026-06-05 19:49:04,123", "level": "INFO", "logger_name": "core.api", "message": "API Response Completed: 200", "request_id": "56951a2a-f099-45fd-a842-b6494ff85f94", "user_id": null, "api_id": "topic_api-get_vote_stat", "duration_ms": 2.72, "correlation_id": "56951a2a-f099-45fd-a842-b6494ff85f94"}
{"timestamp": "2026-06-05 19:49:04,124", "level": "INFO", "logger_name": "django.server", "message": "\"GET /api/topics/6/vote/stat/ HTTP/1.1\" 200 97"}
{"timestamp": "2026-06-05 19:49:14,124", "level": "INFO", "logger_name": "core.api", "message": "API Request Started: GET /api/topics/6/vote/stat/", "request_id": "5db3bb0c-78e8-4276-8d99-96005f6946e2", "user_id": null, "api_id": "topic_api-get_vote_stat", "correlation_id": "5db3bb0c-78e8-4276-8d99-96005f6946e2"}
{"timestamp": "2026-06-05 19:49:14,127", "level": "INFO", "logger_name": "core.api", "message": "API Response Completed: 200", "request_id": "5db3bb0c-78e8-4276-8d99-96005f6946e2", "user_id": null, "api_id": "topic_api-get_vote_stat", "duration_ms": 2.96, "correlation_id": "5db3bb0c-78e8-4276-8d99-96005f6946e2"}
{"timestamp": "2026-06-05 19:49:14,128", "level": "INFO", "logger_name": "django.server", "message": "\"GET /api/topics/6/vote/stat/ HTTP/1.1\" 200 97"}
{"timestamp": "2026-06-05 19:49:24,113", "level": "INFO", "logger_name": "core.api", "message": "API Request Started: GET /api/topics/6/vote/stat/", "request_id": "72d4179e-1fc7-4019-a962-d0b9a8ee9342", "user_id": null, "api_id": "topic_api-get_vote_stat", "correlation_id": "72d4179e-1fc7-4019-a962-d0b9a8ee9342"}
{"timestamp": "2026-06-05 19:49:24,116", "level": "INFO", "logger_name": "core.api", "message": "API Response Completed: 200", "request_id": "72d4179e-1fc7-4019-a962-d0b9a8ee9342", "user_id": null, "api_id": "topic_api-get_vote_stat", "duration_ms": 3.18, "correlation_id": "72d4179e-1fc7-4019-a962-d0b9a8ee9342"}
{"timestamp": "2026-06-05 19:49:24,116", "level": "INFO", "logger_name": "django.server", "message": "\"GET /api/topics/6/vote/stat/ HTTP/1.1\" 200 97"}
{"timestamp": "2026-06-05 19:49:34,115", "level": "INFO", "logger_name": "core.api", "message": "API Request Started: GET /api/topics/6/vote/stat/", "request_id": "2c7fd11c-c693-4280-a9e5-e23e605db7c4", "user_id": null, "api_id": "topic_api-get_vote_stat", "correlation_id": "2c7fd11c-c693-4280-a9e5-e23e605db7c4"}
{"timestamp": "2026-06-05 19:49:34,118", "level": "INFO", "logger_name": "core.api", "message": "API Response Completed: 200", "request_id": "2c7fd11c-c693-4280-a9e5-e23e605db7c4", "user_id": null, "api_id": "topic_api-get_vote_stat", "duration_ms": 2.69, "correlation_id": "2c7fd11c-c693-4280-a9e5-e23e605db7c4"}
{"timestamp": "2026-06-05 19:49:34,118", "level": "INFO", "logger_name": "django.server", "message": "\"GET /api/topics/6/vote/stat/ HTTP/1.1\" 200 97"}
{"timestamp": "2026-06-05 19:49:44,104", "level": "INFO", "logger_name": "core.api", "message": "API Request Started: GET /api/topics/6/vote/stat/", "request_id": "c4b4ef0b-49b0-44c1-a076-e78cba8800a3", "user_id": null, "api_id": "topic_api-get_vote_stat", "correlation_id": "c4b4ef0b-49b0-44c1-a076-e78cba8800a3"}
{"timestamp": "2026-06-05 19:49:44,106", "level": "INFO", "logger_name": "core.api", "message": "API Response Completed: 200", "request_id": "c4b4ef0b-49b0-44c1-a076-e78cba8800a3", "user_id": null, "api_id": "topic_api-get_vote_stat", "duration_ms": 2.68, "correlation_id": "c4b4ef0b-49b0-44c1-a076-e78cba8800a3"}
{"timestamp": "2026-06-05 19:49:44,107", "level": "INFO", "logger_name": "django.server", "message": "\"GET /api/topics/6/vote/stat/ HTTP/1.1\" 200 97"}
{"timestamp": "2026-06-05 19:49:54,124", "level": "INFO", "logger_name": "core.api", "message": "API Request Started: GET /api/topics/6/vote/stat/", "request_id": "7a011c6f-d44f-4772-82f8-a358321c304b", "user_id": null, "api_id": "topic_api-get_vote_stat", "correlation_id": "7a011c6f-d44f-4772-82f8-a358321c304b"}
{"timestamp": "2026-06-05 19:49:54,127", "level": "INFO", "logger_name": "core.api", "message": "API Response Completed: 200", "request_id": "7a011c6f-d44f-4772-82f8-a358321c304b", "user_id": null, "api_id": "topic_api-get_vote_stat", "duration_ms": 2.62, "correlation_id": "7a011c6f-d44f-4772-82f8-a358321c304b"}
{"timestamp": "2026-06-05 19:49:54,127", "level": "INFO", "logger_name": "django.server", "message": "\"GET /api/topics/6/vote/stat/ HTTP/1.1\" 200 97"}
{"timestamp": "2026-06-05 19:49:57,446", "level": "INFO", "logger_name": "core.api", "message": "API Request Started: GET /api/students/info", "request_id": "bf33f8ed-0ec9-4670-9dad-f7970b433b8a", "user_id": null, "api_id": "auth-view", "correlation_id": "bf33f8ed-0ec9-4670-9dad-f7970b433b8a"}
{"timestamp": "2026-06-05 19:49:57,447", "level": "INFO", "logger_name": "core.api.auth", "message": "=== [API CALL] GET /students/info ==="}
{"timestamp": "2026-06-05 19:49:57,449", "level": "INFO", "logger_name": "core.api", "message": "API Response Completed: 200", "request_id": "bf33f8ed-0ec9-4670-9dad-f7970b433b8a", "user_id": null, "api_id": "auth-view", "duration_ms": 2.66, "correlation_id": "bf33f8ed-0ec9-4670-9dad-f7970b433b8a"}
{"timestamp": "2026-06-05 19:49:57,449", "level": "INFO", "logger_name": "django.server", "message": "\"GET /api/students/info HTTP/1.1\" 200 256"}
{"timestamp": "2026-06-05 19:50:04,118", "level": "INFO", "logger_name": "core.api", "message": "API Request Started: GET /api/topics/6/vote/stat/", "request_id": "9eb8205b-2cc8-477f-a642-ea7b3cd844d9", "user_id": null, "api_id": "topic_api-get_vote_stat", "correlation_id": "9eb8205b-2cc8-477f-a642-ea7b3cd844d9"}
{"timestamp": "2026-06-05 19:50:04,120", "level": "INFO", "logger_name": "core.api", "message": "API Response Completed: 200", "request_id": "9eb8205b-2cc8-477f-a642-ea7b3cd844d9", "user_id": null, "api_id": "topic_api-get_vote_stat", "duration_ms": 2.7, "correlation_id": "9eb8205b-2cc8-477f-a642-ea7b3cd844d9"}
{"timestamp": "2026-06-05 19:50:04,121", "level": "INFO", "logger_name": "django.server", "message": "\"GET /api/topics/6/vote/stat/ HTTP/1.1\" 200 97"}
{"timestamp": "2026-06-05 19:50:07,820", "level": "INFO", "logger_name": "core.api", "message": "API Request Started: GET /api/students/info", "request_id": "61a539bf-b576-4cf8-b506-8e97f46701c5", "user_id": null, "api_id": "auth-view", "correlation_id": "61a539bf-b576-4cf8-b506-8e97f46701c5"}
{"timestamp": "2026-06-05 19:50:07,821", "level": "INFO", "logger_name": "core.api.auth", "message": "=== [API CALL] GET /students/info ==="}
{"timestamp": "2026-06-05 19:50:07,822", "level": "INFO", "logger_name": "core.api", "message": "API Response Completed: 200", "request_id": "61a539bf-b576-4cf8-b506-8e97f46701c5", "user_id": null, "api_id": "auth-view", "duration_ms": 2.13, "correlation_id": "61a539bf-b576-4cf8-b506-8e97f46701c5"}
{"timestamp": "2026-06-05 19:50:07,823", "level": "INFO", "logger_name": "django.server", "message": "\"GET /api/students/info HTTP/1.1\" 200 256"}
{"timestamp": "2026-06-05 19:50:14,103", "level": "INFO", "logger_name": "core.api", "message": "API Request Started: GET /api/topics/6/vote/stat/", "request_id": "42737a1e-b024-4f13-ba1a-7edf1f2641e5", "user_id": null, "api_id": "topic_api-get_vote_stat", "correlation_id": "42737a1e-b024-4f13-ba1a-7edf1f2641e5"}
{"timestamp": "2026-06-05 19:50:14,106", "level": "INFO", "logger_name": "core.api", "message": "API Response Completed: 200", "request_id": "42737a1e-b024-4f13-ba1a-7edf1f2641e5", "user_id": null, "api_id": "topic_api-get_vote_stat", "duration_ms": 2.9, "correlation_id": "42737a1e-b024-4f13-ba1a-7edf1f2641e5"}
{"timestamp": "2026-06-05 19:50:14,106", "level": "INFO", "logger_name": "django.server", "message": "\"GET /api/topics/6/vote/stat/ HTTP/1.1\" 200 97"}
{"timestamp": "2026-06-05 19:50:15,130", "level": "INFO", "logger_name": "core.api", "message": "API Request Started: GET /api/students/info", "request_id": "32278ca4-7e26-4bd2-a04c-9c71ce5b0bae", "user_id": null, "api_id": "auth-view", "correlation_id": "32278ca4-7e26-4bd2-a04c-9c71ce5b0bae"}
{"timestamp": "2026-06-05 19:50:15,130", "level": "INFO", "logger_name": "core.api.auth", "message": "=== [API CALL] GET /students/info ==="}
{"timestamp": "2026-06-05 19:50:15,133", "level": "INFO", "logger_name": "core.api", "message": "API Response Completed: 200", "request_id": "32278ca4-7e26-4bd2-a04c-9c71ce5b0bae", "user_id": null, "api_id": "auth-view", "duration_ms": 3.07, "correlation_id": "32278ca4-7e26-4bd2-a04c-9c71ce5b0bae"}
{"timestamp": "2026-06-05 19:50:15,134", "level": "INFO", "logger_name": "django.server", "message": "\"GET /api/students/info HTTP/1.1\" 200 256"}
{"timestamp": "2026-06-05 19:50:24,125", "level": "INFO", "logger_name": "core.api", "message": "API Request Started: GET /api/topics/6/vote/stat/", "request_id": "032d1fa5-ac45-44da-9474-3a0e65bb4a33", "user_id": null, "api_id": "topic_api-get_vote_stat", "correlation_id": "032d1fa5-ac45-44da-9474-3a0e65bb4a33"}
{"timestamp": "2026-06-05 19:50:24,128", "level": "INFO", "logger_name": "core.api", "message": "API Response Completed: 200", "request_id": "032d1fa5-ac45-44da-9474-3a0e65bb4a33", "user_id": null, "api_id": "topic_api-get_vote_stat", "duration_ms": 3.02, "correlation_id": "032d1fa5-ac45-44da-9474-3a0e65bb4a33"}
{"timestamp": "2026-06-05 19:50:24,128", "level": "INFO", "logger_name": "django.server", "message": "\"GET /api/topics/6/vote/stat/ HTTP/1.1\" 200 97"}
{"timestamp": "2026-06-05 19:50:34,152", "level": "INFO", "logger_name": "core.api", "message": "API Request Started: GET /api/topics/6/vote/stat/", "request_id": "42079984-4bb7-451a-9495-a69a7851e2c6", "user_id": null, "api_id": "topic_api-get_vote_stat", "correlation_id": "42079984-4bb7-451a-9495-a69a7851e2c6"}
{"timestamp": "2026-06-05 19:50:34,155", "level": "INFO", "logger_name": "core.api", "message": "API Response Completed: 200", "request_id": "42079984-4bb7-451a-9495-a69a7851e2c6", "user_id": null, "api_id": "topic_api-get_vote_stat", "duration_ms": 2.9, "correlation_id": "42079984-4bb7-451a-9495-a69a7851e2c6"}
{"timestamp": "2026-06-05 19:50:34,156", "level": "INFO", "logger_name": "django.server", "message": "\"GET /api/topics/6/vote/stat/ HTTP/1.1\" 200 97"}
{"timestamp": "2026-06-05 19:50:44,100", "level": "INFO", "logger_name": "core.api", "message": "API Request Started: GET /api/topics/6/vote/stat/", "request_id": "5c7f06e8-a33f-4e4b-ba3d-18de8331c9c8", "user_id": null, "api_id": "topic_api-get_vote_stat", "correlation_id": "5c7f06e8-a33f-4e4b-ba3d-18de8331c9c8"}
{"timestamp": "2026-06-05 19:50:44,103", "level": "INFO", "logger_name": "core.api", "message": "API Response Completed: 200", "request_id": "5c7f06e8-a33f-4e4b-ba3d-18de8331c9c8", "user_id": null, "api_id": "topic_api-get_vote_stat", "duration_ms": 2.74, "correlation_id": "5c7f06e8-a33f-4e4b-ba3d-18de8331c9c8"}
{"timestamp": "2026-06-05 19:50:44,103", "level": "INFO", "logger_name": "django.server", "message": "\"GET /api/topics/6/vote/stat/ HTTP/1.1\" 200 97"}
{"timestamp": "2026-06-05 19:50:54,138", "level": "INFO", "logger_name": "core.api", "message": "API Request Started: GET /api/topics/6/vote/stat/", "request_id": "00aba6c7-5932-4c01-a960-339cdeb1dfd3", "user_id": null, "api_id": "topic_api-get_vote_stat", "correlation_id": "00aba6c7-5932-4c01-a960-339cdeb1dfd3"}
{"timestamp": "2026-06-05 19:50:54,141", "level": "INFO", "logger_name": "core.api", "message": "API Response Completed: 200", "request_id": "00aba6c7-5932-4c01-a960-339cdeb1dfd3", "user_id": null, "api_id": "topic_api-get_vote_stat", "duration_ms": 2.89, "correlation_id": "00aba6c7-5932-4c01-a960-339cdeb1dfd3"}
{"timestamp": "2026-06-05 19:50:54,141", "level": "INFO", "logger_name": "django.server", "message": "\"GET /api/topics/6/vote/stat/ HTTP/1.1\" 200 97"}
{"timestamp": "2026-06-05 19:51:04,102", "level": "INFO", "logger_name": "core.api", "message": "API Request Started: GET /api/topics/6/vote/stat/", "request_id": "8243c017-8858-4d33-a7fe-38806dcca622", "user_id": null, "api_id": "topic_api-get_vote_stat", "correlation_id": "8243c017-8858-4d33-a7fe-38806dcca622"}
{"timestamp": "2026-06-05 19:51:04,105", "level": "INFO", "logger_name": "core.api", "message": "API Response Completed: 200", "request_id": "8243c017-8858-4d33-a7fe-38806dcca622", "user_id": null, "api_id": "topic_api-get_vote_stat", "duration_ms": 2.91, "correlation_id": "8243c017-8858-4d33-a7fe-38806dcca622"}
{"timestamp": "2026-06-05 19:51:04,105", "level": "INFO", "logger_name": "django.server", "message": "\"GET /api/topics/6/vote/stat/ HTTP/1.1\" 200 97"}
{"timestamp": "2026-06-05 19:51:14,099", "level": "INFO", "logger_name": "core.api", "message": "API Request Started: GET /api/topics/6/vote/stat/", "request_id": "55c8dee5-9d10-4d0e-ad04-b6001164a111", "user_id": null, "api_id": "topic_api-get_vote_stat", "correlation_id": "55c8dee5-9d10-4d0e-ad04-b6001164a111"}
{"timestamp": "2026-06-05 19:51:14,101", "level": "INFO", "logger_name": "core.api", "message": "API Response Completed: 200", "request_id": "55c8dee5-9d10-4d0e-ad04-b6001164a111", "user_id": null, "api_id": "topic_api-get_vote_stat", "duration_ms": 2.86, "correlation_id": "55c8dee5-9d10-4d0e-ad04-b6001164a111"}
{"timestamp": "2026-06-05 19:51:14,102", "level": "INFO", "logger_name": "django.server", "message": "\"GET /api/topics/6/vote/stat/ HTTP/1.1\" 200 97"}
{"timestamp": "2026-06-05 19:51:24,101", "level": "INFO", "logger_name": "core.api", "message": "API Request Started: GET /api/topics/6/vote/stat/", "request_id": "299f3572-3d84-4c4c-a648-e4f3320b650c", "user_id": null, "api_id": "topic_api-get_vote_stat", "correlation_id": "299f3572-3d84-4c4c-a648-e4f3320b650c"}
{"timestamp": "2026-06-05 19:51:24,104", "level": "INFO", "logger_name": "core.api", "message": "API Response Completed: 200", "request_id": "299f3572-3d84-4c4c-a648-e4f3320b650c", "user_id": null, "api_id": "topic_api-get_vote_stat", "duration_ms": 2.95, "correlation_id": "299f3572-3d84-4c4c-a648-e4f3320b650c"}
{"timestamp": "2026-06-05 19:51:24,104", "level": "INFO", "logger_name": "django.server", "message": "\"GET /api/topics/6/vote/stat/ HTTP/1.1\" 200 97"}
{"timestamp": "2026-06-05 19:51:34,116", "level": "INFO", "logger_name": "core.api", "message": "API Request Started: GET /api/topics/6/vote/stat/", "request_id": "31404936-933f-48df-b22c-e8b711b646c6", "user_id": null, "api_id": "topic_api-get_vote_stat", "correlation_id": "31404936-933f-48df-b22c-e8b711b646c6"}
{"timestamp": "2026-06-05 19:51:34,119", "level": "INFO", "logger_name": "core.api", "message": "API Response Completed: 200", "request_id": "31404936-933f-48df-b22c-e8b711b646c6", "user_id": null, "api_id": "topic_api-get_vote_stat", "duration_ms": 3.09, "correlation_id": "31404936-933f-48df-b22c-e8b711b646c6"}
{"timestamp": "2026-06-05 19:51:34,120", "level": "INFO", "logger_name": "django.server", "message": "\"GET /api/topics/6/vote/stat/ HTTP/1.1\" 200 97"}
{"timestamp": "2026-06-05 19:51:44,114", "level": "INFO", "logger_name": "core.api", "message": "API Request Started: GET /api/topics/6/vote/stat/", "request_id": "cc4e00cd-f16e-4d08-8544-52df7d95f691", "user_id": null, "api_id": "topic_api-get_vote_stat", "correlation_id": "cc4e00cd-f16e-4d08-8544-52df7d95f691"}
{"timestamp": "2026-06-05 19:51:44,116", "level": "INFO", "logger_name": "core.api", "message": "API Response Completed: 200", "request_id": "cc4e00cd-f16e-4d08-8544-52df7d95f691", "user_id": null, "api_id": "topic_api-get_vote_stat", "duration_ms": 2.82, "correlation_id": "cc4e00cd-f16e-4d08-8544-52df7d95f691"}
{"timestamp": "2026-06-05 19:51:44,117", "level": "INFO", "logger_name": "django.server", "message": "\"GET /api/topics/6/vote/stat/ HTTP/1.1\" 200 97"}
{"timestamp": "2026-06-05 19:51:54,105", "level": "INFO", "logger_name": "core.api", "message": "API Request Started: GET /api/topics/6/vote/stat/", "request_id": "6e431feb-bb04-47c0-aba1-35b044c49f46", "user_id": null, "api_id": "topic_api-get_vote_stat", "correlation_id": "6e431feb-bb04-47c0-aba1-35b044c49f46"}
{"timestamp": "2026-06-05 19:51:54,108", "level": "INFO", "logger_name": "core.api", "message": "API Response Completed: 200", "request_id": "6e431feb-bb04-47c0-aba1-35b044c49f46", "user_id": null, "api_id": "topic_api-get_vote_stat", "duration_ms": 3.08, "correlation_id": "6e431feb-bb04-47c0-aba1-35b044c49f46"}
{"timestamp": "2026-06-05 19:51:54,109", "level": "INFO", "logger_name": "django.server", "message": "\"GET /api/topics/6/vote/stat/ HTTP/1.1\" 200 97"}
{"timestamp": "2026-06-05 19:52:04,108", "level": "INFO", "logger_name": "core.api", "message": "API Request Started: GET /api/topics/6/vote/stat/", "request_id": "293714ab-032b-4556-bf3b-ff7679ce6cb7", "user_id": null, "api_id": "topic_api-get_vote_stat", "correlation_id": "293714ab-032b-4556-bf3b-ff7679ce6cb7"}
{"timestamp": "2026-06-05 19:52:04,111", "level": "INFO", "logger_name": "core.api", "message": "API Response Completed: 200", "request_id": "293714ab-032b-4556-bf3b-ff7679ce6cb7", "user_id": null, "api_id": "topic_api-get_vote_stat", "duration_ms": 2.85, "correlation_id": "293714ab-032b-4556-bf3b-ff7679ce6cb7"}
{"timestamp": "2026-06-05 19:52:04,111", "level": "INFO", "logger_name": "django.server", "message": "\"GET /api/topics/6/vote/stat/ HTTP/1.1\" 200 97"}
{"timestamp": "2026-06-05 19:52:14,110", "level": "INFO", "logger_name": "core.api", "message": "API Request Started: GET /api/topics/6/vote/stat/", "request_id": "5b9f2c93-ec02-4a25-8b99-96ec4f2e0855", "user_id": null, "api_id": "topic_api-get_vote_stat", "correlation_id": "5b9f2c93-ec02-4a25-8b99-96ec4f2e0855"}
{"timestamp": "2026-06-05 19:52:14,113", "level": "INFO", "logger_name": "core.api", "message": "API Response Completed: 200", "request_id": "5b9f2c93-ec02-4a25-8b99-96ec4f2e0855", "user_id": null, "api_id": "topic_api-get_vote_stat", "duration_ms": 3.08, "correlation_id": "5b9f2c93-ec02-4a25-8b99-96ec4f2e0855"}
{"timestamp": "2026-06-05 19:52:14,113", "level": "INFO", "logger_name": "django.server", "message": "\"GET /api/topics/6/vote/stat/ HTTP/1.1\" 200 97"}
{"timestamp": "2026-06-05 19:52:24,112", "level": "INFO", "logger_name": "core.api", "message": "API Request Started: GET /api/topics/6/vote/stat/", "request_id": "b77cf1e4-928f-4b9e-a122-fe9918acc8c6", "user_id": null, "api_id": "topic_api-get_vote_stat", "correlation_id": "b77cf1e4-928f-4b9e-a122-fe9918acc8c6"}
{"timestamp": "2026-06-05 19:52:24,115", "level": "INFO", "logger_name": "core.api", "message": "API Response Completed: 200", "request_id": "b77cf1e4-928f-4b9e-a122-fe9918acc8c6", "user_id": null, "api_id": "topic_api-get_vote_stat", "duration_ms": 3.23, "correlation_id": "b77cf1e4-928f-4b9e-a122-fe9918acc8c6"}
{"timestamp": "2026-06-05 19:52:24,115", "level": "INFO", "logger_name": "django.server", "message": "\"GET /api/topics/6/vote/stat/ HTTP/1.1\" 200 97"}
{"timestamp": "2026-06-05 19:52:34,104", "level": "INFO", "logger_name": "core.api", "message": "API Request Started: GET /api/topics/6/vote/stat/", "request_id": "308a0a9b-61f9-4e47-a360-d03bc3cc8eca", "user_id": null, "api_id": "topic_api-get_vote_stat", "correlation_id": "308a0a9b-61f9-4e47-a360-d03bc3cc8eca"}
{"timestamp": "2026-06-05 19:52:34,107", "level": "INFO", "logger_name": "core.api", "message": "API Response Completed: 200", "request_id": "308a0a9b-61f9-4e47-a360-d03bc3cc8eca", "user_id": null, "api_id": "topic_api-get_vote_stat", "duration_ms": 3.0, "correlation_id": "308a0a9b-61f9-4e47-a360-d03bc3cc8eca"}
{"timestamp": "2026-06-05 19:52:34,107", "level": "INFO", "logger_name": "django.server", "message": "\"GET /api/topics/6/vote/stat/ HTTP/1.1\" 200 97"}
{"timestamp": "2026-06-05 19:52:39,704", "level": "INFO", "logger_name": "core.api", "message": "API Request Started: GET /api/students/info", "request_id": "8b587b61-17cf-4bf3-9b39-e293a330f352", "user_id": null, "api_id": "auth-view", "correlation_id": "8b587b61-17cf-4bf3-9b39-e293a330f352"}
{"timestamp": "2026-06-05 19:52:39,704", "level": "INFO", "logger_name": "core.api.auth", "message": "=== [API CALL] GET /students/info ==="}
{"timestamp": "2026-06-05 19:52:39,706", "level": "INFO", "logger_name": "core.api", "message": "API Response Completed: 200", "request_id": "8b587b61-17cf-4bf3-9b39-e293a330f352", "user_id": null, "api_id": "auth-view", "duration_ms": 2.56, "correlation_id": "8b587b61-17cf-4bf3-9b39-e293a330f352"}
{"timestamp": "2026-06-05 19:52:39,707", "level": "INFO", "logger_name": "django.server", "message": "\"GET /api/students/info HTTP/1.1\" 200 256"}
{"timestamp": "2026-06-05 19:52:44,109", "level": "INFO", "logger_name": "core.api", "message": "API Request Started: GET /api/topics/6/vote/stat/", "request_id": "7d1923e8-c97a-42a1-8e0c-2d3ec645b19c", "user_id": null, "api_id": "topic_api-get_vote_stat", "correlation_id": "7d1923e8-c97a-42a1-8e0c-2d3ec645b19c"}
{"timestamp": "2026-06-05 19:52:44,112", "level": "INFO", "logger_name": "core.api", "message": "API Response Completed: 200", "request_id": "7d1923e8-c97a-42a1-8e0c-2d3ec645b19c", "user_id": null, "api_id": "topic_api-get_vote_stat", "duration_ms": 2.9, "correlation_id": "7d1923e8-c97a-42a1-8e0c-2d3ec645b19c"}
{"timestamp": "2026-06-05 19:52:44,113", "level": "INFO", "logger_name": "django.server", "message": "\"GET /api/topics/6/vote/stat/ HTTP/1.1\" 200 97"}
{"timestamp": "2026-06-05 19:52:54,103", "level": "INFO", "logger_name": "core.api", "message": "API Request Started: GET /api/topics/6/vote/stat/", "request_id": "593590fa-32d3-4775-9261-907331e8bb85", "user_id": null, "api_id": "topic_api-get_vote_stat", "correlation_id": "593590fa-32d3-4775-9261-907331e8bb85"}
{"timestamp": "2026-06-05 19:52:54,106", "level": "INFO", "logger_name": "core.api", "message": "API Response Completed: 200", "request_id": "593590fa-32d3-4775-9261-907331e8bb85", "user_id": null, "api_id": "topic_api-get_vote_stat", "duration_ms": 2.72, "correlation_id": "593590fa-32d3-4775-9261-907331e8bb85"}
{"timestamp": "2026-06-05 19:52:54,107", "level": "INFO", "logger_name": "django.server", "message": "\"GET /api/topics/6/vote/stat/ HTTP/1.1\" 200 97"}
{"timestamp": "2026-06-05 19:53:04,107", "level": "INFO", "logger_name": "core.api", "message": "API Request Started: GET /api/topics/6/vote/stat/", "request_id": "3c6ee030-b162-4356-aeae-b16de368dc50", "user_id": null, "api_id": "topic_api-get_vote_stat", "correlation_id": "3c6ee030-b162-4356-aeae-b16de368dc50"}
{"timestamp": "2026-06-05 19:53:04,109", "level": "INFO", "logger_name": "core.api", "message": "API Response Completed: 200", "request_id": "3c6ee030-b162-4356-aeae-b16de368dc50", "user_id": null, "api_id": "topic_api-get_vote_stat", "duration_ms": 2.73, "correlation_id": "3c6ee030-b162-4356-aeae-b16de368dc50"}
{"timestamp": "2026-06-05 19:53:04,110", "level": "INFO", "logger_name": "django.server", "message": "\"GET /api/topics/6/vote/stat/ HTTP/1.1\" 200 97"}
{"timestamp": "2026-06-05 19:53:14,112", "level": "INFO", "logger_name": "core.api", "message": "API Request Started: GET /api/topics/6/vote/stat/", "request_id": "ec75d540-bf67-430c-853b-dcb804f3f11c", "user_id": null, "api_id": "topic_api-get_vote_stat", "correlation_id": "ec75d540-bf67-430c-853b-dcb804f3f11c"}
{"timestamp": "2026-06-05 19:53:14,115", "level": "INFO", "logger_name": "core.api", "message": "API Response Completed: 200", "request_id": "ec75d540-bf67-430c-853b-dcb804f3f11c", "user_id": null, "api_id": "topic_api-get_vote_stat", "duration_ms": 2.62, "correlation_id": "ec75d540-bf67-430c-853b-dcb804f3f11c"}
{"timestamp": "2026-06-05 19:53:14,115", "level": "INFO", "logger_name": "django.server", "message": "\"GET /api/topics/6/vote/stat/ HTTP/1.1\" 200 97"}
{"timestamp": "2026-06-05 19:53:24,108", "level": "INFO", "logger_name": "core.api", "message": "API Request Started: GET /api/topics/6/vote/stat/", "request_id": "7dae9b8c-d754-4766-984d-a193e6592e41", "user_id": null, "api_id": "topic_api-get_vote_stat", "correlation_id": "7dae9b8c-d754-4766-984d-a193e6592e41"}
{"timestamp": "2026-06-05 19:53:24,111", "level": "INFO", "logger_name": "core.api", "message": "API Response Completed: 200", "request_id": "7dae9b8c-d754-4766-984d-a193e6592e41", "user_id": null, "api_id": "topic_api-get_vote_stat", "duration_ms": 2.71, "correlation_id": "7dae9b8c-d754-4766-984d-a193e6592e41"}
{"timestamp": "2026-06-05 19:53:24,111", "level": "INFO", "logger_name": "django.server", "message": "\"GET /api/topics/6/vote/stat/ HTTP/1.1\" 200 97"}
{"timestamp": "2026-06-05 19:53:34,137", "level": "INFO", "logger_name": "core.api", "message": "API Request Started: GET /api/topics/6/vote/stat/", "request_id": "981d65ee-80de-44d2-b9c1-79cfa3be80a4", "user_id": null, "api_id": "topic_api-get_vote_stat", "correlation_id": "981d65ee-80de-44d2-b9c1-79cfa3be80a4"}
{"timestamp": "2026-06-05 19:53:34,140", "level": "INFO", "logger_name": "core.api", "message": "API Response Completed: 200", "request_id": "981d65ee-80de-44d2-b9c1-79cfa3be80a4", "user_id": null, "api_id": "topic_api-get_vote_stat", "duration_ms": 2.69, "correlation_id": "981d65ee-80de-44d2-b9c1-79cfa3be80a4"}
{"timestamp": "2026-06-05 19:53:34,140", "level": "INFO", "logger_name": "django.server", "message": "\"GET /api/topics/6/vote/stat/ HTTP/1.1\" 200 97"}
{"timestamp": "2026-06-05 19:53:44,106", "level": "INFO", "logger_name": "core.api", "message": "API Request Started: GET /api/topics/6/vote/stat/", "request_id": "9752ebd9-f0a8-4604-8da5-1ca79e48c14b", "user_id": null, "api_id": "topic_api-get_vote_stat", "correlation_id": "9752ebd9-f0a8-4604-8da5-1ca79e48c14b"}
{"timestamp": "2026-06-05 19:53:44,109", "level": "INFO", "logger_name": "core.api", "message": "API Response Completed: 200", "request_id": "9752ebd9-f0a8-4604-8da5-1ca79e48c14b", "user_id": null, "api_id": "topic_api-get_vote_stat", "duration_ms": 2.44, "correlation_id": "9752ebd9-f0a8-4604-8da5-1ca79e48c14b"}
{"timestamp": "2026-06-05 19:53:44,109", "level": "INFO", "logger_name": "django.server", "message": "\"GET /api/topics/6/vote/stat/ HTTP/1.1\" 200 97"}
{"timestamp": "2026-06-05 19:53:54,142", "level": "INFO", "logger_name": "core.api", "message": "API Request Started: GET /api/topics/6/vote/stat/", "request_id": "433a8dff-82a4-4165-8fc8-52420de4ba5f", "user_id": null, "api_id": "topic_api-get_vote_stat", "correlation_id": "433a8dff-82a4-4165-8fc8-52420de4ba5f"}
{"timestamp": "2026-06-05 19:53:54,145", "level": "INFO", "logger_name": "core.api", "message": "API Response Completed: 200", "request_id": "433a8dff-82a4-4165-8fc8-52420de4ba5f", "user_id": null, "api_id": "topic_api-get_vote_stat", "duration_ms": 2.78, "correlation_id": "433a8dff-82a4-4165-8fc8-52420de4ba5f"}
{"timestamp": "2026-06-05 19:53:54,145", "level": "INFO", "logger_name": "django.server", "message": "\"GET /api/topics/6/vote/stat/ HTTP/1.1\" 200 97"}
{"timestamp": "2026-06-05 19:54:04,114", "level": "INFO", "logger_name": "core.api", "message": "API Request Started: GET /api/topics/6/vote/stat/", "request_id": "d2625134-077f-49fc-b839-77d538257cb1", "user_id": null, "api_id": "topic_api-get_vote_stat", "correlation_id": "d2625134-077f-49fc-b839-77d538257cb1"}
{"timestamp": "2026-06-05 19:54:04,116", "level": "INFO", "logger_name": "core.api", "message": "API Response Completed: 200", "request_id": "d2625134-077f-49fc-b839-77d538257cb1", "user_id": null, "api_id": "topic_api-get_vote_stat", "duration_ms": 2.42, "correlation_id": "d2625134-077f-49fc-b839-77d538257cb1"}
{"timestamp": "2026-06-05 19:54:04,117", "level": "INFO", "logger_name": "django.server", "message": "\"GET /api/topics/6/vote/stat/ HTTP/1.1\" 200 97"}
{"timestamp": "2026-06-05 19:54:14,108", "level": "INFO", "logger_name": "core.api", "message": "API Request Started: GET /api/topics/6/vote/stat/", "request_id": "e5acdc8b-3fdf-47f9-a3a2-9437d81864cd", "user_id": null, "api_id": "topic_api-get_vote_stat", "correlation_id": "e5acdc8b-3fdf-47f9-a3a2-9437d81864cd"}
{"timestamp": "2026-06-05 19:54:14,111", "level": "INFO", "logger_name": "core.api", "message": "API Response Completed: 200", "request_id": "e5acdc8b-3fdf-47f9-a3a2-9437d81864cd", "user_id": null, "api_id": "topic_api-get_vote_stat", "duration_ms": 2.93, "correlation_id": "e5acdc8b-3fdf-47f9-a3a2-9437d81864cd"}
{"timestamp": "2026-06-05 19:54:14,112", "level": "INFO", "logger_name": "django.server", "message": "\"GET /api/topics/6/vote/stat/ HTTP/1.1\" 200 97"}
{"timestamp": "2026-06-05 19:54:24,099", "level": "INFO", "logger_name": "core.api", "message": "API Request Started: GET /api/topics/6/vote/stat/", "request_id": "9aaf8a96-84d8-4b0c-8c89-0050a82f0710", "user_id": null, "api_id": "topic_api-get_vote_stat", "correlation_id": "9aaf8a96-84d8-4b0c-8c89-0050a82f0710"}
{"timestamp": "2026-06-05 19:54:24,102", "level": "INFO", "logger_name": "core.api", "message": "API Response Completed: 200", "request_id": "9aaf8a96-84d8-4b0c-8c89-0050a82f0710", "user_id": null, "api_id": "topic_api-get_vote_stat", "duration_ms": 2.92, "correlation_id": "9aaf8a96-84d8-4b0c-8c89-0050a82f0710"}
{"timestamp": "2026-06-05 19:54:24,102", "level": "INFO", "logger_name": "django.server", "message": "\"GET /api/topics/6/vote/stat/ HTTP/1.1\" 200 97"}
{"timestamp": "2026-06-05 19:54:34,116", "level": "INFO", "logger_name": "core.api", "message": "API Request Started: GET /api/topics/6/vote/stat/", "request_id": "87bcb436-989c-416a-88ba-cd17a97476cb", "user_id": null, "api_id": "topic_api-get_vote_stat", "correlation_id": "87bcb436-989c-416a-88ba-cd17a97476cb"}
{"timestamp": "2026-06-05 19:54:34,118", "level": "INFO", "logger_name": "core.api", "message": "API Response Completed: 200", "request_id": "87bcb436-989c-416a-88ba-cd17a97476cb", "user_id": null, "api_id": "topic_api-get_vote_stat", "duration_ms": 2.13, "correlation_id": "87bcb436-989c-416a-88ba-cd17a97476cb"}
{"timestamp": "2026-06-05 19:54:34,118", "level": "INFO", "logger_name": "django.server", "message": "\"GET /api/topics/6/vote/stat/ HTTP/1.1\" 200 97"}
{"timestamp": "2026-06-05 19:54:44,099", "level": "INFO", "logger_name": "core.api", "message": "API Request Started: GET /api/topics/6/vote/stat/", "request_id": "934b0c27-7e7a-42b4-9bda-965ffb08cbf9", "user_id": null, "api_id": "topic_api-get_vote_stat", "correlation_id": "934b0c27-7e7a-42b4-9bda-965ffb08cbf9"}
{"timestamp": "2026-06-05 19:54:44,102", "level": "INFO", "logger_name": "core.api", "message": "API Response Completed: 200", "request_id": "934b0c27-7e7a-42b4-9bda-965ffb08cbf9", "user_id": null, "api_id": "topic_api-get_vote_stat", "duration_ms": 3.06, "correlation_id": "934b0c27-7e7a-42b4-9bda-965ffb08cbf9"}
{"timestamp": "2026-06-05 19:54:44,103", "level": "INFO", "logger_name": "django.server", "message": "\"GET /api/topics/6/vote/stat/ HTTP/1.1\" 200 97"}
{"timestamp": "2026-06-05 19:54:54,121", "level": "INFO", "logger_name": "core.api", "message": "API Request Started: GET /api/topics/6/vote/stat/", "request_id": "57aa0b33-96d3-4e12-b89d-e1957724a54e", "user_id": null, "api_id": "topic_api-get_vote_stat", "correlation_id": "57aa0b33-96d3-4e12-b89d-e1957724a54e"}
{"timestamp": "2026-06-05 19:54:54,123", "level": "INFO", "logger_name": "core.api", "message": "API Response Completed: 200", "request_id": "57aa0b33-96d3-4e12-b89d-e1957724a54e", "user_id": null, "api_id": "topic_api-get_vote_stat", "duration_ms": 2.42, "correlation_id": "57aa0b33-96d3-4e12-b89d-e1957724a54e"}
{"timestamp": "2026-06-05 19:54:54,124", "level": "INFO", "logger_name": "django.server", "message": "\"GET /api/topics/6/vote/stat/ HTTP/1.1\" 200 97"}
{"timestamp": "2026-06-05 19:55:04,099", "level": "INFO", "logger_name": "core.api", "message": "API Request Started: GET /api/topics/6/vote/stat/", "request_id": "69dabe89-f47a-4308-9ab9-ba35b9012cc3", "user_id": null, "api_id": "topic_api-get_vote_stat", "correlation_id": "69dabe89-f47a-4308-9ab9-ba35b9012cc3"}
{"timestamp": "2026-06-05 19:55:04,101", "level": "INFO", "logger_name": "core.api", "message": "API Response Completed: 200", "request_id": "69dabe89-f47a-4308-9ab9-ba35b9012cc3", "user_id": null, "api_id": "topic_api-get_vote_stat", "duration_ms": 2.6, "correlation_id": "69dabe89-f47a-4308-9ab9-ba35b9012cc3"}
{"timestamp": "2026-06-05 19:55:04,102", "level": "INFO", "logger_name": "django.server", "message": "\"GET /api/topics/6/vote/stat/ HTTP/1.1\" 200 97"}
{"timestamp": "2026-06-05 19:55:14,109", "level": "INFO", "logger_name": "core.api", "message": "API Request Started: GET /api/topics/6/vote/stat/", "request_id": "8993af2f-3943-4bb3-8bc2-c230f8af9519", "user_id": null, "api_id": "topic_api-get_vote_stat", "correlation_id": "8993af2f-3943-4bb3-8bc2-c230f8af9519"}
{"timestamp": "2026-06-05 19:55:14,112", "level": "INFO", "logger_name": "core.api", "message": "API Response Completed: 200", "request_id": "8993af2f-3943-4bb3-8bc2-c230f8af9519", "user_id": null, "api_id": "topic_api-get_vote_stat", "duration_ms": 3.23, "correlation_id": "8993af2f-3943-4bb3-8bc2-c230f8af9519"}
{"timestamp": "2026-06-05 19:55:14,113", "level": "INFO", "logger_name": "django.server", "message": "\"GET /api/topics/6/vote/stat/ HTTP/1.1\" 200 97"}
{"timestamp": "2026-06-05 19:55:24,109", "level": "INFO", "logger_name": "core.api", "message": "API Request Started: GET /api/topics/6/vote/stat/", "request_id": "b7a0b329-0a61-47eb-811d-b618c2720355", "user_id": null, "api_id": "topic_api-get_vote_stat", "correlation_id": "b7a0b329-0a61-47eb-811d-b618c2720355"}
{"timestamp": "2026-06-05 19:55:24,112", "level": "INFO", "logger_name": "core.api", "message": "API Response Completed: 200", "request_id": "b7a0b329-0a61-47eb-811d-b618c2720355", "user_id": null, "api_id": "topic_api-get_vote_stat", "duration_ms": 2.78, "correlation_id": "b7a0b329-0a61-47eb-811d-b618c2720355"}
{"timestamp": "2026-06-05 19:55:24,112", "level": "INFO", "logger_name": "django.server", "message": "\"GET /api/topics/6/vote/stat/ HTTP/1.1\" 200 97"}
{"timestamp": "2026-06-05 19:55:34,111", "level": "INFO", "logger_name": "core.api", "message": "API Request Started: GET /api/topics/6/vote/stat/", "request_id": "fd78d9ad-e3d9-4a40-b374-12d53154058f", "user_id": null, "api_id": "topic_api-get_vote_stat", "correlation_id": "fd78d9ad-e3d9-4a40-b374-12d53154058f"}
{"timestamp": "2026-06-05 19:55:34,114", "level": "INFO", "logger_name": "core.api", "message": "API Response Completed: 200", "request_id": "fd78d9ad-e3d9-4a40-b374-12d53154058f", "user_id": null, "api_id": "topic_api-get_vote_stat", "duration_ms": 3.21, "correlation_id": "fd78d9ad-e3d9-4a40-b374-12d53154058f"}
{"timestamp": "2026-06-05 19:55:34,114", "level": "INFO", "logger_name": "django.server", "message": "\"GET /api/topics/6/vote/stat/ HTTP/1.1\" 200 97"}
{"timestamp": "2026-06-05 19:55:44,106", "level": "INFO", "logger_name": "core.api", "message": "API Request Started: GET /api/topics/6/vote/stat/", "request_id": "5bd35ad4-5413-4167-9b9c-88157fbf99b3", "user_id": null, "api_id": "topic_api-get_vote_stat", "correlation_id": "5bd35ad4-5413-4167-9b9c-88157fbf99b3"}
{"timestamp": "2026-06-05 19:55:44,110", "level": "INFO", "logger_name": "core.api", "message": "API Response Completed: 200", "request_id": "5bd35ad4-5413-4167-9b9c-88157fbf99b3", "user_id": null, "api_id": "topic_api-get_vote_stat", "duration_ms": 4.27, "correlation_id": "5bd35ad4-5413-4167-9b9c-88157fbf99b3"}
{"timestamp": "2026-06-05 19:55:44,110", "level": "INFO", "logger_name": "django.server", "message": "\"GET /api/topics/6/vote/stat/ HTTP/1.1\" 200 97"}
{"timestamp": "2026-06-05 19:55:54,118", "level": "INFO", "logger_name": "core.api", "message": "API Request Started: GET /api/topics/6/vote/stat/", "request_id": "bdd55907-7717-46c3-b9c8-1bccf8b85ebd", "user_id": null, "api_id": "topic_api-get_vote_stat", "correlation_id": "bdd55907-7717-46c3-b9c8-1bccf8b85ebd"}
{"timestamp": "2026-06-05 19:55:54,120", "level": "INFO", "logger_name": "core.api", "message": "API Response Completed: 200", "request_id": "bdd55907-7717-46c3-b9c8-1bccf8b85ebd", "user_id": null, "api_id": "topic_api-get_vote_stat", "duration_ms": 2.48, "correlation_id": "bdd55907-7717-46c3-b9c8-1bccf8b85ebd"}
{"timestamp": "2026-06-05 19:55:54,120", "level": "INFO", "logger_name": "django.server", "message": "\"GET /api/topics/6/vote/stat/ HTTP/1.1\" 200 97"}
{"timestamp": "2026-06-05 19:56:04,096", "level": "INFO", "logger_name": "core.api", "message": "API Request Started: GET /api/topics/6/vote/stat/", "request_id": "01187ae6-1681-48fa-b5f8-81ce07aa3376", "user_id": null, "api_id": "topic_api-get_vote_stat", "correlation_id": "01187ae6-1681-48fa-b5f8-81ce07aa3376"}
{"timestamp": "2026-06-05 19:56:04,099", "level": "INFO", "logger_name": "core.api", "message": "API Response Completed: 200", "request_id": "01187ae6-1681-48fa-b5f8-81ce07aa3376", "user_id": null, "api_id": "topic_api-get_vote_stat", "duration_ms": 2.88, "correlation_id": "01187ae6-1681-48fa-b5f8-81ce07aa3376"}
{"timestamp": "2026-06-05 19:56:04,100", "level": "INFO", "logger_name": "django.server", "message": "\"GET /api/topics/6/vote/stat/ HTTP/1.1\" 200 97"}
{"timestamp": "2026-06-05 19:56:14,143", "level": "INFO", "logger_name": "core.api", "message": "API Request Started: GET /api/topics/6/vote/stat/", "request_id": "d178ef90-a887-45a2-a213-5784ccab1e9f", "user_id": null, "api_id": "topic_api-get_vote_stat", "correlation_id": "d178ef90-a887-45a2-a213-5784ccab1e9f"}
{"timestamp": "2026-06-05 19:56:14,146", "level": "INFO", "logger_name": "core.api", "message": "API Response Completed: 200", "request_id": "d178ef90-a887-45a2-a213-5784ccab1e9f", "user_id": null, "api_id": "topic_api-get_vote_stat", "duration_ms": 2.67, "correlation_id": "d178ef90-a887-45a2-a213-5784ccab1e9f"}
{"timestamp": "2026-06-05 19:56:14,146", "level": "INFO", "logger_name": "django.server", "message": "\"GET /api/topics/6/vote/stat/ HTTP/1.1\" 200 97"}
{"timestamp": "2026-06-05 19:56:24,098", "level": "INFO", "logger_name": "core.api", "message": "API Request Started: GET /api/topics/6/vote/stat/", "request_id": "30bff489-ffd1-4e7c-9aaf-3db86af3d25c", "user_id": null, "api_id": "topic_api-get_vote_stat", "correlation_id": "30bff489-ffd1-4e7c-9aaf-3db86af3d25c"}
{"timestamp": "2026-06-05 19:56:24,100", "level": "INFO", "logger_name": "core.api", "message": "API Response Completed: 200", "request_id": "30bff489-ffd1-4e7c-9aaf-3db86af3d25c", "user_id": null, "api_id": "topic_api-get_vote_stat", "duration_ms": 2.78, "correlation_id": "30bff489-ffd1-4e7c-9aaf-3db86af3d25c"}
{"timestamp": "2026-06-05 19:56:24,101", "level": "INFO", "logger_name": "django.server", "message": "\"GET /api/topics/6/vote/stat/ HTTP/1.1\" 200 97"}
{"timestamp": "2026-06-05 19:56:34,108", "level": "INFO", "logger_name": "core.api", "message": "API Request Started: GET /api/topics/6/vote/stat/", "request_id": "dc94a4e4-191f-4a16-b994-13733e48e831", "user_id": null, "api_id": "topic_api-get_vote_stat", "correlation_id": "dc94a4e4-191f-4a16-b994-13733e48e831"}
{"timestamp": "2026-06-05 19:56:34,111", "level": "INFO", "logger_name": "core.api", "message": "API Response Completed: 200", "request_id": "dc94a4e4-191f-4a16-b994-13733e48e831", "user_id": null, "api_id": "topic_api-get_vote_stat", "duration_ms": 2.94, "correlation_id": "dc94a4e4-191f-4a16-b994-13733e48e831"}
{"timestamp": "2026-06-05 19:56:34,111", "level": "INFO", "logger_name": "django.server", "message": "\"GET /api/topics/6/vote/stat/ HTTP/1.1\" 200 97"}
{"timestamp": "2026-06-05 19:56:44,150", "level": "INFO", "logger_name": "core.api", "message": "API Request Started: GET /api/topics/6/vote/stat/", "request_id": "caaa67b8-c3ad-4aa4-b868-edd33eb8e062", "user_id": null, "api_id": "topic_api-get_vote_stat", "correlation_id": "caaa67b8-c3ad-4aa4-b868-edd33eb8e062"}
{"timestamp": "2026-06-05 19:56:44,153", "level": "INFO", "logger_name": "core.api", "message": "API Response Completed: 200", "request_id": "caaa67b8-c3ad-4aa4-b868-edd33eb8e062", "user_id": null, "api_id": "topic_api-get_vote_stat", "duration_ms": 2.7, "correlation_id": "caaa67b8-c3ad-4aa4-b868-edd33eb8e062"}
{"timestamp": "2026-06-05 19:56:44,153", "level": "INFO", "logger_name": "django.server", "message": "\"GET /api/topics/6/vote/stat/ HTTP/1.1\" 200 97"}
{"timestamp": "2026-06-05 19:56:54,104", "level": "INFO", "logger_name": "core.api", "message": "API Request Started: GET /api/topics/6/vote/stat/", "request_id": "0b43aab3-e403-46f2-8024-78f14d087385", "user_id": null, "api_id": "topic_api-get_vote_stat", "correlation_id": "0b43aab3-e403-46f2-8024-78f14d087385"}
{"timestamp": "2026-06-05 19:56:54,107", "level": "INFO", "logger_name": "core.api", "message": "API Response Completed: 200", "request_id": "0b43aab3-e403-46f2-8024-78f14d087385", "user_id": null, "api_id": "topic_api-get_vote_stat", "duration_ms": 2.81, "correlation_id": "0b43aab3-e403-46f2-8024-78f14d087385"}
{"timestamp": "2026-06-05 19:56:54,107", "level": "INFO", "logger_name": "django.server", "message": "\"GET /api/topics/6/vote/stat/ HTTP/1.1\" 200 97"}
{"timestamp": "2026-06-05 19:57:04,096", "level": "INFO", "logger_name": "core.api", "message": "API Request Started: GET /api/topics/6/vote/stat/", "request_id": "73d685fe-7c0e-4f11-a7ee-d742f81dcbd2", "user_id": null, "api_id": "topic_api-get_vote_stat", "correlation_id": "73d685fe-7c0e-4f11-a7ee-d742f81dcbd2"}
{"timestamp": "2026-06-05 19:57:04,098", "level": "INFO", "logger_name": "core.api", "message": "API Response Completed: 200", "request_id": "73d685fe-7c0e-4f11-a7ee-d742f81dcbd2", "user_id": null, "api_id": "topic_api-get_vote_stat", "duration_ms": 2.89, "correlation_id": "73d685fe-7c0e-4f11-a7ee-d742f81dcbd2"}
{"timestamp": "2026-06-05 19:57:04,099", "level": "INFO", "logger_name": "django.server", "message": "\"GET /api/topics/6/vote/stat/ HTTP/1.1\" 200 97"}
{"timestamp": "2026-06-05 19:57:14,101", "level": "INFO", "logger_name": "core.api", "message": "API Request Started: GET /api/topics/6/vote/stat/", "request_id": "96b0da48-505f-461d-b2cb-34877a620a4e", "user_id": null, "api_id": "topic_api-get_vote_stat", "correlation_id": "96b0da48-505f-461d-b2cb-34877a620a4e"}
{"timestamp": "2026-06-05 19:57:14,104", "level": "INFO", "logger_name": "core.api", "message": "API Response Completed: 200", "request_id": "96b0da48-505f-461d-b2cb-34877a620a4e", "user_id": null, "api_id": "topic_api-get_vote_stat", "duration_ms": 2.92, "correlation_id": "96b0da48-505f-461d-b2cb-34877a620a4e"}
{"timestamp": "2026-06-05 19:57:14,105", "level": "INFO", "logger_name": "django.server", "message": "\"GET /api/topics/6/vote/stat/ HTTP/1.1\" 200 97"}
{"timestamp": "2026-06-05 19:57:24,078", "level": "INFO", "logger_name": "core.api", "message": "API Request Started: GET /api/topics/6/vote/stat/", "request_id": "26fe960d-f266-4730-8614-e4f7b4414389", "user_id": null, "api_id": "topic_api-get_vote_stat", "correlation_id": "26fe960d-f266-4730-8614-e4f7b4414389"}
{"timestamp": "2026-06-05 19:57:24,082", "level": "INFO", "logger_name": "core.api", "message": "API Response Completed: 200", "request_id": "26fe960d-f266-4730-8614-e4f7b4414389", "user_id": null, "api_id": "topic_api-get_vote_stat", "duration_ms": 3.65, "correlation_id": "26fe960d-f266-4730-8614-e4f7b4414389"}
{"timestamp": "2026-06-05 19:57:24,082", "level": "INFO", "logger_name": "django.server", "message": "\"GET /api/topics/6/vote/stat/ HTTP/1.1\" 200 97"}
{"timestamp": "2026-06-05 19:57:34,092", "level": "INFO", "logger_name": "core.api", "message": "API Request Started: GET /api/topics/6/vote/stat/", "request_id": "e38592f9-96af-414e-bc24-7f67ed2f86c4", "user_id": null, "api_id": "topic_api-get_vote_stat", "correlation_id": "e38592f9-96af-414e-bc24-7f67ed2f86c4"}
{"timestamp": "2026-06-05 19:57:34,094", "level": "INFO", "logger_name": "core.api", "message": "API Response Completed: 200", "request_id": "e38592f9-96af-414e-bc24-7f67ed2f86c4", "user_id": null, "api_id": "topic_api-get_vote_stat", "duration_ms": 2.75, "correlation_id": "e38592f9-96af-414e-bc24-7f67ed2f86c4"}
{"timestamp": "2026-06-05 19:57:34,095", "level": "INFO", "logger_name": "django.server", "message": "\"GET /api/topics/6/vote/stat/ HTTP/1.1\" 200 97"}
{"timestamp": "2026-06-05 19:57:41,918", "level": "INFO", "logger_name": "core.api", "message": "API Request Started: GET /api/students/info", "request_id": "56e992c1-9909-45b1-8c61-94f38a6056a3", "user_id": null, "api_id": "auth-view", "correlation_id": "56e992c1-9909-45b1-8c61-94f38a6056a3"}
{"timestamp": "2026-06-05 19:57:41,919", "level": "INFO", "logger_name": "core.api.auth", "message": "=== [API CALL] GET /students/info ==="}
{"timestamp": "2026-06-05 19:57:41,920", "level": "INFO", "logger_name": "core.api", "message": "API Response Completed: 200", "request_id": "56e992c1-9909-45b1-8c61-94f38a6056a3", "user_id": null, "api_id": "auth-view", "duration_ms": 2.71, "correlation_id": "56e992c1-9909-45b1-8c61-94f38a6056a3"}
{"timestamp": "2026-06-05 19:57:41,921", "level": "INFO", "logger_name": "django.server", "message": "\"GET /api/students/info HTTP/1.1\" 200 256"}
{"timestamp": "2026-06-05 19:57:44,092", "level": "INFO", "logger_name": "core.api", "message": "API Request Started: GET /api/topics/6/vote/stat/", "request_id": "7176d22b-4e48-47ac-931f-baff9c81df33", "user_id": null, "api_id": "topic_api-get_vote_stat", "correlation_id": "7176d22b-4e48-47ac-931f-baff9c81df33"}
{"timestamp": "2026-06-05 19:57:44,095", "level": "INFO", "logger_name": "core.api", "message": "API Response Completed: 200", "request_id": "7176d22b-4e48-47ac-931f-baff9c81df33", "user_id": null, "api_id": "topic_api-get_vote_stat", "duration_ms": 2.89, "correlation_id": "7176d22b-4e48-47ac-931f-baff9c81df33"}
{"timestamp": "2026-06-05 19:57:44,096", "level": "INFO", "logger_name": "django.server", "message": "\"GET /api/topics/6/vote/stat/ HTTP/1.1\" 200 97"}
{"timestamp": "2026-06-05 19:57:54,107", "level": "INFO", "logger_name": "core.api", "message": "API Request Started: GET /api/topics/6/vote/stat/", "request_id": "3efce5c0-d8b6-4c5e-9988-1bbed8e37b31", "user_id": null, "api_id": "topic_api-get_vote_stat", "correlation_id": "3efce5c0-d8b6-4c5e-9988-1bbed8e37b31"}
{"timestamp": "2026-06-05 19:57:54,110", "level": "INFO", "logger_name": "core.api", "message": "API Response Completed: 200", "request_id": "3efce5c0-d8b6-4c5e-9988-1bbed8e37b31", "user_id": null, "api_id": "topic_api-get_vote_stat", "duration_ms": 3.07, "correlation_id": "3efce5c0-d8b6-4c5e-9988-1bbed8e37b31"}
{"timestamp": "2026-06-05 19:57:54,111", "level": "INFO", "logger_name": "django.server", "message": "\"GET /api/topics/6/vote/stat/ HTTP/1.1\" 200 97"}
{"timestamp": "2026-06-05 19:58:37,606", "level": "INFO", "logger_name": "core.api", "message": "API Request Started: GET /api/students/info", "request_id": "f29b9e46-6b9d-4538-8531-490cab4c2cbf", "user_id": null, "api_id": "auth-view", "correlation_id": "f29b9e46-6b9d-4538-8531-490cab4c2cbf"}
{"timestamp": "2026-06-05 19:58:37,606", "level": "INFO", "logger_name": "core.api", "message": "API Request Started: GET /api/topics/6/vote/stat/", "request_id": "afed7774-0b80-4a83-86d6-e1ed2d2f3ecc", "user_id": null, "api_id": "topic_api-get_vote_stat", "correlation_id": "afed7774-0b80-4a83-86d6-e1ed2d2f3ecc"}
{"timestamp": "2026-06-05 19:58:37,606", "level": "INFO", "logger_name": "core.api.auth", "message": "=== [API CALL] GET /students/info ==="}
{"timestamp": "2026-06-05 19:58:37,609", "level": "INFO", "logger_name": "core.api", "message": "API Response Completed: 200", "request_id": "f29b9e46-6b9d-4538-8531-490cab4c2cbf", "user_id": null, "api_id": "auth-view", "duration_ms": 3.69, "correlation_id": "f29b9e46-6b9d-4538-8531-490cab4c2cbf"}
{"timestamp": "2026-06-05 19:58:37,610", "level": "INFO", "logger_name": "core.api", "message": "API Response Completed: 200", "request_id": "afed7774-0b80-4a83-86d6-e1ed2d2f3ecc", "user_id": null, "api_id": "topic_api-get_vote_stat", "duration_ms": 3.82, "correlation_id": "afed7774-0b80-4a83-86d6-e1ed2d2f3ecc"}
{"timestamp": "2026-06-05 19:58:37,610", "level": "INFO", "logger_name": "django.server", "message": "\"GET /api/students/info HTTP/1.1\" 200 256"}
{"timestamp": "2026-06-05 19:58:37,610", "level": "INFO", "logger_name": "django.server", "message": "\"GET /api/topics/6/vote/stat/ HTTP/1.1\" 200 97"}
{"timestamp": "2026-06-05 19:58:39,002", "level": "INFO", "logger_name": "core.api", "message": "API Request Started: GET /api/students/info", "request_id": "86e8fe02-95d6-4480-9537-1e8bb21d9026", "user_id": null, "api_id": "auth-view", "correlation_id": "86e8fe02-95d6-4480-9537-1e8bb21d9026"}
{"timestamp": "2026-06-05 19:58:39,003", "level": "INFO", "logger_name": "core.api.auth", "message": "=== [API CALL] GET /students/info ==="}
{"timestamp": "2026-06-05 19:58:39,005", "level": "INFO", "logger_name": "core.api", "message": "API Response Completed: 200", "request_id": "86e8fe02-95d6-4480-9537-1e8bb21d9026", "user_id": null, "api_id": "auth-view", "duration_ms": 2.39, "correlation_id": "86e8fe02-95d6-4480-9537-1e8bb21d9026"}
{"timestamp": "2026-06-05 19:58:39,005", "level": "INFO", "logger_name": "django.server", "message": "\"GET /api/students/info HTTP/1.1\" 200 256"}
{"timestamp": "2026-06-05 19:58:39,244", "level": "INFO", "logger_name": "core.api", "message": "API Request Started: GET /api/students/info", "request_id": "d535c869-3a11-4337-a6da-cfb75182d8a4", "user_id": null, "api_id": "auth-view", "correlation_id": "d535c869-3a11-4337-a6da-cfb75182d8a4"}
{"timestamp": "2026-06-05 19:58:39,244", "level": "INFO", "logger_name": "core.api.auth", "message": "=== [API CALL] GET /students/info ==="}
{"timestamp": "2026-06-05 19:58:39,246", "level": "INFO", "logger_name": "core.api", "message": "API Response Completed: 200", "request_id": "d535c869-3a11-4337-a6da-cfb75182d8a4", "user_id": null, "api_id": "auth-view", "duration_ms": 2.69, "correlation_id": "d535c869-3a11-4337-a6da-cfb75182d8a4"}
{"timestamp": "2026-06-05 19:58:39,247", "level": "INFO", "logger_name": "django.server", "message": "\"GET /api/students/info HTTP/1.1\" 200 256"}
{"timestamp": "2026-06-05 19:58:39,567", "level": "INFO", "logger_name": "core.api", "message": "API Request Started: GET /api/topics/active/", "request_id": "a2d2bb9a-8646-45ae-8dfb-d0f3f9c40eb9", "user_id": null, "api_id": "topic_api-get_active_topic", "correlation_id": "a2d2bb9a-8646-45ae-8dfb-d0f3f9c40eb9"}
{"timestamp": "2026-06-05 19:58:39,570", "level": "INFO", "logger_name": "core.api", "message": "API Response Completed: 200", "request_id": "a2d2bb9a-8646-45ae-8dfb-d0f3f9c40eb9", "user_id": null, "api_id": "topic_api-get_active_topic", "duration_ms": 2.69, "correlation_id": "a2d2bb9a-8646-45ae-8dfb-d0f3f9c40eb9"}
{"timestamp": "2026-06-05 19:58:39,570", "level": "INFO", "logger_name": "django.server", "message": "\"GET /api/topics/active/ HTTP/1.1\" 200 348"}
{"timestamp": "2026-06-05 19:58:39,605", "level": "INFO", "logger_name": "core.api", "message": "API Request Started: GET /api/topics/6/vote/stat/", "request_id": "1d93ad6c-2f45-43fb-878a-65faccd284d3", "user_id": null, "api_id": "topic_api-get_vote_stat", "correlation_id": "1d93ad6c-2f45-43fb-878a-65faccd284d3"}
{"timestamp": "2026-06-05 19:58:39,608", "level": "INFO", "logger_name": "core.api", "message": "API Response Completed: 200", "request_id": "1d93ad6c-2f45-43fb-878a-65faccd284d3", "user_id": null, "api_id": "topic_api-get_vote_stat", "duration_ms": 3.01, "correlation_id": "1d93ad6c-2f45-43fb-878a-65faccd284d3"}
{"timestamp": "2026-06-05 19:58:39,608", "level": "INFO", "logger_name": "django.server", "message": "\"GET /api/topics/6/vote/stat/ HTTP/1.1\" 200 97"}
{"timestamp": "2026-06-05 19:58:45,259", "level": "INFO", "logger_name": "core.api", "message": "API Request Started: GET /api/topics/", "request_id": "5edf60b1-f114-40d5-8a27-025238539aa0", "user_id": null, "api_id": "topic_api-get_topic_list", "correlation_id": "5edf60b1-f114-40d5-8a27-025238539aa0"}
{"timestamp": "2026-06-05 19:58:45,264", "level": "INFO", "logger_name": "core.api", "message": "API Response Completed: 200", "request_id": "5edf60b1-f114-40d5-8a27-025238539aa0", "user_id": null, "api_id": "topic_api-get_topic_list", "duration_ms": 5.27, "correlation_id": "5edf60b1-f114-40d5-8a27-025238539aa0"}
{"timestamp": "2026-06-05 19:58:45,265", "level": "INFO", "logger_name": "django.server", "message": "\"GET /api/topics/ HTTP/1.1\" 200 1864"}
{"timestamp": "2026-06-05 19:58:46,597", "level": "INFO", "logger_name": "core.api", "message": "API Request Started: GET /api/topics/6/comments/list/", "request_id": "db1109da-855f-4ef8-bdef-d8658685e382", "user_id": null, "api_id": "topic_api-get_topic_comments", "correlation_id": "db1109da-855f-4ef8-bdef-d8658685e382"}
{"timestamp": "2026-06-05 19:58:46,597", "level": "INFO", "logger_name": "core.api", "message": "API Request Started: GET /api/topics/6/comments/list/", "request_id": "f52dee2b-e5c0-4aa9-a6c6-c60e99cba7ee", "user_id": null, "api_id": "topic_api-get_topic_comments", "correlation_id": "f52dee2b-e5c0-4aa9-a6c6-c60e99cba7ee"}
{"timestamp": "2026-06-05 19:58:46,613", "level": "INFO", "logger_name": "core.api", "message": "API Response Completed: 200", "request_id": "db1109da-855f-4ef8-bdef-d8658685e382", "user_id": null, "api_id": "topic_api-get_topic_comments", "duration_ms": 15.67, "correlation_id": "db1109da-855f-4ef8-bdef-d8658685e382"}
{"timestamp": "2026-06-05 19:58:46,613", "level": "INFO", "logger_name": "core.api", "message": "API Response Completed: 200", "request_id": "f52dee2b-e5c0-4aa9-a6c6-c60e99cba7ee", "user_id": null, "api_id": "topic_api-get_topic_comments", "duration_ms": 15.78, "correlation_id": "f52dee2b-e5c0-4aa9-a6c6-c60e99cba7ee"}
{"timestamp": "2026-06-05 19:58:46,614", "level": "INFO", "logger_name": "django.server", "message": "\"GET /api/topics/6/comments/list/?opinion=false&sort=latest HTTP/1.1\" 200 5884"}
{"timestamp": "2026-06-05 19:58:46,614", "level": "INFO", "logger_name": "django.server", "message": "\"GET /api/topics/6/comments/list/?opinion=true&sort=latest HTTP/1.1\" 200 5384"}
{"timestamp": "2026-06-05 19:58:56,206", "level": "INFO", "logger_name": "core.api", "message": "API Request Started: GET /api/topics/6/vote/stat/", "request_id": "e7d6cbed-8e1f-4c85-8dfc-b72f9a0d93d2", "user_id": null, "api_id": "topic_api-get_vote_stat", "correlation_id": "e7d6cbed-8e1f-4c85-8dfc-b72f9a0d93d2"}
{"timestamp": "2026-06-05 19:58:56,209", "level": "INFO", "logger_name": "core.api", "message": "API Response Completed: 200", "request_id": "e7d6cbed-8e1f-4c85-8dfc-b72f9a0d93d2", "user_id": null, "api_id": "topic_api-get_vote_stat", "duration_ms": 2.89, "correlation_id": "e7d6cbed-8e1f-4c85-8dfc-b72f9a0d93d2"}
{"timestamp": "2026-06-05 19:58:56,210", "level": "INFO", "logger_name": "django.server", "message": "\"GET /api/topics/6/vote/stat/ HTTP/1.1\" 200 97"}
{"timestamp": "2026-06-05 19:59:06,192", "level": "INFO", "logger_name": "core.api", "message": "API Request Started: GET /api/topics/6/vote/stat/", "request_id": "0f38a37e-d3a9-42c6-89be-5f268d641f73", "user_id": null, "api_id": "topic_api-get_vote_stat", "correlation_id": "0f38a37e-d3a9-42c6-89be-5f268d641f73"}
{"timestamp": "2026-06-05 19:59:06,195", "level": "INFO", "logger_name": "core.api", "message": "API Response Completed: 200", "request_id": "0f38a37e-d3a9-42c6-89be-5f268d641f73", "user_id": null, "api_id": "topic_api-get_vote_stat", "duration_ms": 3.08, "correlation_id": "0f38a37e-d3a9-42c6-89be-5f268d641f73"}
{"timestamp": "2026-06-05 19:59:06,195", "level": "INFO", "logger_name": "django.server", "message": "\"GET /api/topics/6/vote/stat/ HTTP/1.1\" 200 97"}
{"timestamp": "2026-06-05 19:59:16,191", "level": "INFO", "logger_name": "core.api", "message": "API Request Started: GET /api/topics/6/vote/stat/", "request_id": "617e0829-ea44-43a8-b83b-001a9a36bc58", "user_id": null, "api_id": "topic_api-get_vote_stat", "correlation_id": "617e0829-ea44-43a8-b83b-001a9a36bc58"}
{"timestamp": "2026-06-05 19:59:16,194", "level": "INFO", "logger_name": "core.api", "message": "API Response Completed: 200", "request_id": "617e0829-ea44-43a8-b83b-001a9a36bc58", "user_id": null, "api_id": "topic_api-get_vote_stat", "duration_ms": 2.89, "correlation_id": "617e0829-ea44-43a8-b83b-001a9a36bc58"}
{"timestamp": "2026-06-05 19:59:16,194", "level": "INFO", "logger_name": "django.server", "message": "\"GET /api/topics/6/vote/stat/ HTTP/1.1\" 200 97"}
{"timestamp": "2026-06-05 19:59:17,248", "level": "INFO", "logger_name": "core.api", "message": "API Request Started: GET /api/students/info", "request_id": "3ecd6886-6b5c-49be-91ae-4c144cf08e66", "user_id": null, "api_id": "auth-view", "correlation_id": "3ecd6886-6b5c-49be-91ae-4c144cf08e66"}
{"timestamp": "2026-06-05 19:59:17,249", "level": "INFO", "logger_name": "core.api.auth", "message": "=== [API CALL] GET /students/info ==="}
{"timestamp": "2026-06-05 19:59:17,250", "level": "INFO", "logger_name": "core.api", "message": "API Response Completed: 200", "request_id": "3ecd6886-6b5c-49be-91ae-4c144cf08e66", "user_id": null, "api_id": "auth-view", "duration_ms": 2.29, "correlation_id": "3ecd6886-6b5c-49be-91ae-4c144cf08e66"}
{"timestamp": "2026-06-05 19:59:17,251", "level": "INFO", "logger_name": "django.server", "message": "\"GET /api/students/info HTTP/1.1\" 200 256"}
{"timestamp": "2026-06-05 19:59:22,602", "level": "INFO", "logger_name": "core.api", "message": "API Request Started: GET /api/students/info", "request_id": "01cf7bc8-9776-47a2-b8dc-25384add154d", "user_id": null, "api_id": "auth-view", "correlation_id": "01cf7bc8-9776-47a2-b8dc-25384add154d"}
{"timestamp": "2026-06-05 19:59:22,602", "level": "INFO", "logger_name": "core.api.auth", "message": "=== [API CALL] GET /students/info ==="}
{"timestamp": "2026-06-05 19:59:22,604", "level": "INFO", "logger_name": "core.api", "message": "API Response Completed: 200", "request_id": "01cf7bc8-9776-47a2-b8dc-25384add154d", "user_id": null, "api_id": "auth-view", "duration_ms": 1.93, "correlation_id": "01cf7bc8-9776-47a2-b8dc-25384add154d"}
{"timestamp": "2026-06-05 19:59:22,604", "level": "INFO", "logger_name": "django.server", "message": "\"GET /api/students/info HTTP/1.1\" 200 256"}
{"timestamp": "2026-06-05 19:59:26,128", "level": "INFO", "logger_name": "core.api", "message": "API Request Started: GET /api/students/info", "request_id": "ea5ac2f4-5276-48ab-972c-5549e7ee7a3c", "user_id": null, "api_id": "auth-view", "correlation_id": "ea5ac2f4-5276-48ab-972c-5549e7ee7a3c"}
{"timestamp": "2026-06-05 19:59:26,128", "level": "INFO", "logger_name": "core.api.auth", "message": "=== [API CALL] GET /students/info ==="}
{"timestamp": "2026-06-05 19:59:26,130", "level": "INFO", "logger_name": "core.api", "message": "API Response Completed: 200", "request_id": "ea5ac2f4-5276-48ab-972c-5549e7ee7a3c", "user_id": null, "api_id": "auth-view", "duration_ms": 2.29, "correlation_id": "ea5ac2f4-5276-48ab-972c-5549e7ee7a3c"}
{"timestamp": "2026-06-05 19:59:26,131", "level": "INFO", "logger_name": "django.server", "message": "\"GET /api/students/info HTTP/1.1\" 200 256"}
{"timestamp": "2026-06-05 19:59:26,195", "level": "INFO", "logger_name": "core.api", "message": "API Request Started: GET /api/topics/6/vote/stat/", "request_id": "d9b84179-78b5-468a-9e2f-af49b13c6ea3", "user_id": null, "api_id": "topic_api-get_vote_stat", "correlation_id": "d9b84179-78b5-468a-9e2f-af49b13c6ea3"}
{"timestamp": "2026-06-05 19:59:26,198", "level": "INFO", "logger_name": "core.api", "message": "API Response Completed: 200", "request_id": "d9b84179-78b5-468a-9e2f-af49b13c6ea3", "user_id": null, "api_id": "topic_api-get_vote_stat", "duration_ms": 3.26, "correlation_id": "d9b84179-78b5-468a-9e2f-af49b13c6ea3"}
{"timestamp": "2026-06-05 19:59:26,198", "level": "INFO", "logger_name": "django.server", "message": "\"GET /api/topics/6/vote/stat/ HTTP/1.1\" 200 97"}
{"timestamp": "2026-06-05 19:59:31,599", "level": "INFO", "logger_name": "core.api", "message": "API Request Started: GET /api/students/info", "request_id": "9831cc16-cc92-483b-8872-95cc5897ae8d", "user_id": null, "api_id": "auth-view", "correlation_id": "9831cc16-cc92-483b-8872-95cc5897ae8d"}
{"timestamp": "2026-06-05 19:59:31,599", "level": "INFO", "logger_name": "core.api.auth", "message": "=== [API CALL] GET /students/info ==="}
{"timestamp": "2026-06-05 19:59:31,601", "level": "INFO", "logger_name": "core.api", "message": "API Response Completed: 200", "request_id": "9831cc16-cc92-483b-8872-95cc5897ae8d", "user_id": null, "api_id": "auth-view", "duration_ms": 2.07, "correlation_id": "9831cc16-cc92-483b-8872-95cc5897ae8d"}
{"timestamp": "2026-06-05 19:59:31,601", "level": "INFO", "logger_name": "django.server", "message": "\"GET /api/students/info HTTP/1.1\" 200 256"}
{"timestamp": "2026-06-05 19:59:36,099", "level": "INFO", "logger_name": "core.api", "message": "API Request Started: GET /api/students/info", "request_id": "4b897b6c-3f0a-4d01-ade1-f4bc6817fd95", "user_id": null, "api_id": "auth-view", "correlation_id": "4b897b6c-3f0a-4d01-ade1-f4bc6817fd95"}
{"timestamp": "2026-06-05 19:59:36,099", "level": "INFO", "logger_name": "core.api.auth", "message": "=== [API CALL] GET /students/info ==="}
{"timestamp": "2026-06-05 19:59:36,101", "level": "INFO", "logger_name": "core.api", "message": "API Response Completed: 200", "request_id": "4b897b6c-3f0a-4d01-ade1-f4bc6817fd95", "user_id": null, "api_id": "auth-view", "duration_ms": 2.37, "correlation_id": "4b897b6c-3f0a-4d01-ade1-f4bc6817fd95"}
{"timestamp": "2026-06-05 19:59:36,101", "level": "INFO", "logger_name": "django.server", "message": "\"GET /api/students/info HTTP/1.1\" 200 256"}
{"timestamp": "2026-06-05 19:59:36,242", "level": "INFO", "logger_name": "core.api", "message": "API Request Started: GET /api/topics/6/vote/stat/", "request_id": "741668c6-8cbf-4fbc-a106-bb1b12f42159", "user_id": null, "api_id": "topic_api-get_vote_stat", "correlation_id": "741668c6-8cbf-4fbc-a106-bb1b12f42159"}
{"timestamp": "2026-06-05 19:59:36,245", "level": "INFO", "logger_name": "core.api", "message": "API Response Completed: 200", "request_id": "741668c6-8cbf-4fbc-a106-bb1b12f42159", "user_id": null, "api_id": "topic_api-get_vote_stat", "duration_ms": 2.87, "correlation_id": "741668c6-8cbf-4fbc-a106-bb1b12f42159"}
{"timestamp": "2026-06-05 19:59:36,245", "level": "INFO", "logger_name": "django.server", "message": "\"GET /api/topics/6/vote/stat/ HTTP/1.1\" 200 97"}
{"timestamp": "2026-06-05 19:59:45,750", "level": "INFO", "logger_name": "core.api", "message": "API Request Started: GET /api/students/info", "request_id": "259608b9-6f83-4258-9214-7fde93e1272b", "user_id": null, "api_id": "auth-view", "correlation_id": "259608b9-6f83-4258-9214-7fde93e1272b"}
{"timestamp": "2026-06-05 19:59:45,750", "level": "INFO", "logger_name": "core.api.auth", "message": "=== [API CALL] GET /students/info ==="}
{"timestamp": "2026-06-05 19:59:45,752", "level": "INFO", "logger_name": "core.api", "message": "API Response Completed: 200", "request_id": "259608b9-6f83-4258-9214-7fde93e1272b", "user_id": null, "api_id": "auth-view", "duration_ms": 2.45, "correlation_id": "259608b9-6f83-4258-9214-7fde93e1272b"}
{"timestamp": "2026-06-05 19:59:45,753", "level": "INFO", "logger_name": "django.server", "message": "\"GET /api/students/info HTTP/1.1\" 200 256"}
{"timestamp": "2026-06-05 19:59:46,243", "level": "INFO", "logger_name": "core.api", "message": "API Request Started: GET /api/topics/6/vote/stat/", "request_id": "78be43c8-c197-43cd-899c-4e022caaa619", "user_id": null, "api_id": "topic_api-get_vote_stat", "correlation_id": "78be43c8-c197-43cd-899c-4e022caaa619"}
{"timestamp": "2026-06-05 19:59:46,245", "level": "INFO", "logger_name": "core.api", "message": "API Response Completed: 200", "request_id": "78be43c8-c197-43cd-899c-4e022caaa619", "user_id": null, "api_id": "topic_api-get_vote_stat", "duration_ms": 2.8, "correlation_id": "78be43c8-c197-43cd-899c-4e022caaa619"}
{"timestamp": "2026-06-05 19:59:46,246", "level": "INFO", "logger_name": "django.server", "message": "\"GET /api/topics/6/vote/stat/ HTTP/1.1\" 200 97"}
{"timestamp": "2026-06-05 19:59:56,251", "level": "INFO", "logger_name": "core.api", "message": "API Request Started: GET /api/topics/6/vote/stat/", "request_id": "638dea61-f90e-4bfe-91cb-96198194164b", "user_id": null, "api_id": "topic_api-get_vote_stat", "correlation_id": "638dea61-f90e-4bfe-91cb-96198194164b"}
{"timestamp": "2026-06-05 19:59:56,253", "level": "INFO", "logger_name": "core.api", "message": "API Response Completed: 200", "request_id": "638dea61-f90e-4bfe-91cb-96198194164b", "user_id": null, "api_id": "topic_api-get_vote_stat", "duration_ms": 2.82, "correlation_id": "638dea61-f90e-4bfe-91cb-96198194164b"}
{"timestamp": "2026-06-05 19:59:56,254", "level": "INFO", "logger_name": "django.server", "message": "\"GET /api/topics/6/vote/stat/ HTTP/1.1\" 200 97"}
{"timestamp": "2026-06-05 20:00:02,647", "level": "INFO", "logger_name": "core.api", "message": "API Request Started: GET /api/topics/6/comments/list/", "request_id": "7f1419f0-d636-4e2d-b942-b0f1e0e46fca", "user_id": null, "api_id": "topic_api-get_topic_comments", "correlation_id": "7f1419f0-d636-4e2d-b942-b0f1e0e46fca"}
{"timestamp": "2026-06-05 20:00:02,657", "level": "INFO", "logger_name": "core.api", "message": "API Response Completed: 200", "request_id": "7f1419f0-d636-4e2d-b942-b0f1e0e46fca", "user_id": null, "api_id": "topic_api-get_topic_comments", "duration_ms": 10.67, "correlation_id": "7f1419f0-d636-4e2d-b942-b0f1e0e46fca"}
{"timestamp": "2026-06-05 20:00:02,658", "level": "INFO", "logger_name": "django.server", "message": "\"GET /api/topics/6/comments/list/?opinion=true&sort=latest&cursor=1360 HTTP/1.1\" 200 5499"}
{"timestamp": "2026-06-05 20:00:06,213", "level": "INFO", "logger_name": "core.api", "message": "API Request Started: GET /api/topics/6/vote/stat/", "request_id": "3c47c86b-b747-42b0-ac37-b3029d646332", "user_id": null, "api_id": "topic_api-get_vote_stat", "correlation_id": "3c47c86b-b747-42b0-ac37-b3029d646332"}
{"timestamp": "2026-06-05 20:00:06,216", "level": "INFO", "logger_name": "core.api", "message": "API Response Completed: 200", "request_id": "3c47c86b-b747-42b0-ac37-b3029d646332", "user_id": null, "api_id": "topic_api-get_vote_stat", "duration_ms": 2.9, "correlation_id": "3c47c86b-b747-42b0-ac37-b3029d646332"}
{"timestamp": "2026-06-05 20:00:06,216", "level": "INFO", "logger_name": "django.server", "message": "\"GET /api/topics/6/vote/stat/ HTTP/1.1\" 200 97"}
{"timestamp": "2026-06-05 20:00:16,203", "level": "INFO", "logger_name": "core.api", "message": "API Request Started: GET /api/topics/6/vote/stat/", "request_id": "85d37191-6d94-49dc-9059-a89167eaa7e0", "user_id": null, "api_id": "topic_api-get_vote_stat", "correlation_id": "85d37191-6d94-49dc-9059-a89167eaa7e0"}
{"timestamp": "2026-06-05 20:00:16,207", "level": "INFO", "logger_name": "core.api", "message": "API Response Completed: 200", "request_id": "85d37191-6d94-49dc-9059-a89167eaa7e0", "user_id": null, "api_id": "topic_api-get_vote_stat", "duration_ms": 4.24, "correlation_id": "85d37191-6d94-49dc-9059-a89167eaa7e0"}
{"timestamp": "2026-06-05 20:00:16,208", "level": "INFO", "logger_name": "django.server", "message": "\"GET /api/topics/6/vote/stat/ HTTP/1.1\" 200 97"}
{"timestamp": "2026-06-05 20:00:17,040", "level": "INFO", "logger_name": "core.api", "message": "API Request Started: GET /api/students/info", "request_id": "606ce174-248d-4822-b0f3-725c504c1934", "user_id": null, "api_id": "auth-view", "correlation_id": "606ce174-248d-4822-b0f3-725c504c1934"}
{"timestamp": "2026-06-05 20:00:17,040", "level": "INFO", "logger_name": "core.api.auth", "message": "=== [API CALL] GET /students/info ==="}
{"timestamp": "2026-06-05 20:00:17,042", "level": "INFO", "logger_name": "core.api", "message": "API Response Completed: 200", "request_id": "606ce174-248d-4822-b0f3-725c504c1934", "user_id": null, "api_id": "auth-view", "duration_ms": 2.28, "correlation_id": "606ce174-248d-4822-b0f3-725c504c1934"}
{"timestamp": "2026-06-05 20:00:17,043", "level": "INFO", "logger_name": "django.server", "message": "\"GET /api/students/info HTTP/1.1\" 200 256"}
{"timestamp": "2026-06-05 20:00:29,811", "level": "INFO", "logger_name": "core.api", "message": "API Request Started: GET /api/students/info", "request_id": "1e85876f-f4ca-45b5-93dc-0beeb9d5cb5c", "user_id": null, "api_id": "auth-view", "correlation_id": "1e85876f-f4ca-45b5-93dc-0beeb9d5cb5c"}
{"timestamp": "2026-06-05 20:00:29,811", "level": "INFO", "logger_name": "core.api.auth", "message": "=== [API CALL] GET /students/info ==="}
{"timestamp": "2026-06-05 20:00:29,813", "level": "INFO", "logger_name": "core.api", "message": "API Response Completed: 200", "request_id": "1e85876f-f4ca-45b5-93dc-0beeb9d5cb5c", "user_id": null, "api_id": "auth-view", "duration_ms": 2.37, "correlation_id": "1e85876f-f4ca-45b5-93dc-0beeb9d5cb5c"}
{"timestamp": "2026-06-05 20:00:29,813", "level": "INFO", "logger_name": "django.server", "message": "\"GET /api/students/info HTTP/1.1\" 200 256"}
{"timestamp": "2026-06-05 20:00:33,399", "level": "INFO", "logger_name": "core.api", "message": "API Request Started: GET /api/topics/6/vote/stat/", "request_id": "fa386fa6-a8b0-402d-b475-fa8507ce5151", "user_id": null, "api_id": "topic_api-get_vote_stat", "correlation_id": "fa386fa6-a8b0-402d-b475-fa8507ce5151"}
{"timestamp": "2026-06-05 20:00:33,402", "level": "INFO", "logger_name": "core.api", "message": "API Response Completed: 200", "request_id": "fa386fa6-a8b0-402d-b475-fa8507ce5151", "user_id": null, "api_id": "topic_api-get_vote_stat", "duration_ms": 2.76, "correlation_id": "fa386fa6-a8b0-402d-b475-fa8507ce5151"}
{"timestamp": "2026-06-05 20:00:33,402", "level": "INFO", "logger_name": "django.server", "message": "\"GET /api/topics/6/vote/stat/ HTTP/1.1\" 200 97"}
{"timestamp": "2026-06-05 20:00:43,392", "level": "INFO", "logger_name": "core.api", "message": "API Request Started: GET /api/topics/6/vote/stat/", "request_id": "d2416618-a0c0-4dc4-8d4c-eb1d4e93da7f", "user_id": null, "api_id": "topic_api-get_vote_stat", "correlation_id": "d2416618-a0c0-4dc4-8d4c-eb1d4e93da7f"}
{"timestamp": "2026-06-05 20:00:43,395", "level": "INFO", "logger_name": "core.api", "message": "API Response Completed: 200", "request_id": "d2416618-a0c0-4dc4-8d4c-eb1d4e93da7f", "user_id": null, "api_id": "topic_api-get_vote_stat", "duration_ms": 2.72, "correlation_id": "d2416618-a0c0-4dc4-8d4c-eb1d4e93da7f"}
{"timestamp": "2026-06-05 20:00:43,395", "level": "INFO", "logger_name": "django.server", "message": "\"GET /api/topics/6/vote/stat/ HTTP/1.1\" 200 97"}
{"timestamp": "2026-06-05 20:00:53,422", "level": "INFO", "logger_name": "core.api", "message": "API Request Started: GET /api/topics/6/vote/stat/", "request_id": "1a889088-8475-42ca-9d27-0879698def78", "user_id": null, "api_id": "topic_api-get_vote_stat", "correlation_id": "1a889088-8475-42ca-9d27-0879698def78"}
{"timestamp": "2026-06-05 20:00:53,424", "level": "INFO", "logger_name": "core.api", "message": "API Response Completed: 200", "request_id": "1a889088-8475-42ca-9d27-0879698def78", "user_id": null, "api_id": "topic_api-get_vote_stat", "duration_ms": 2.8, "correlation_id": "1a889088-8475-42ca-9d27-0879698def78"}
{"timestamp": "2026-06-05 20:00:53,425", "level": "INFO", "logger_name": "django.server", "message": "\"GET /api/topics/6/vote/stat/ HTTP/1.1\" 200 97"}
{"timestamp": "2026-06-05 20:01:03,378", "level": "INFO", "logger_name": "core.api", "message": "API Request Started: GET /api/topics/6/vote/stat/", "request_id": "ec809131-72c2-4c7f-97b5-1919a5c92bd2", "user_id": null, "api_id": "topic_api-get_vote_stat", "correlation_id": "ec809131-72c2-4c7f-97b5-1919a5c92bd2"}
{"timestamp": "2026-06-05 20:01:03,381", "level": "INFO", "logger_name": "core.api", "message": "API Response Completed: 200", "request_id": "ec809131-72c2-4c7f-97b5-1919a5c92bd2", "user_id": null, "api_id": "topic_api-get_vote_stat", "duration_ms": 3.04, "correlation_id": "ec809131-72c2-4c7f-97b5-1919a5c92bd2"}
{"timestamp": "2026-06-05 20:01:03,381", "level": "INFO", "logger_name": "django.server", "message": "\"GET /api/topics/6/vote/stat/ HTTP/1.1\" 200 97"}
{"timestamp": "2026-06-05 20:01:13,787", "level": "INFO", "logger_name": "core.api", "message": "API Request Started: GET /api/topics/6/vote/stat/", "request_id": "17998812-4d8d-46e7-a21f-2952542970ce", "user_id": null, "api_id": "topic_api-get_vote_stat", "correlation_id": "17998812-4d8d-46e7-a21f-2952542970ce"}
{"timestamp": "2026-06-05 20:01:13,789", "level": "INFO", "logger_name": "core.api", "message": "API Response Completed: 200", "request_id": "17998812-4d8d-46e7-a21f-2952542970ce", "user_id": null, "api_id": "topic_api-get_vote_stat", "duration_ms": 2.83, "correlation_id": "17998812-4d8d-46e7-a21f-2952542970ce"}
{"timestamp": "2026-06-05 20:01:13,790", "level": "INFO", "logger_name": "django.server", "message": "\"GET /api/topics/6/vote/stat/ HTTP/1.1\" 200 97"}
{"timestamp": "2026-06-05 20:01:14,197", "level": "INFO", "logger_name": "core.api", "message": "API Request Started: GET /api/students/info", "request_id": "94cb4b79-909c-44aa-895f-f34d3e6bb32a", "user_id": null, "api_id": "auth-view", "correlation_id": "94cb4b79-909c-44aa-895f-f34d3e6bb32a"}
{"timestamp": "2026-06-05 20:01:14,197", "level": "INFO", "logger_name": "core.api.auth", "message": "=== [API CALL] GET /students/info ==="}
{"timestamp": "2026-06-05 20:01:14,199", "level": "INFO", "logger_name": "core.api", "message": "API Response Completed: 200", "request_id": "94cb4b79-909c-44aa-895f-f34d3e6bb32a", "user_id": null, "api_id": "auth-view", "duration_ms": 2.33, "correlation_id": "94cb4b79-909c-44aa-895f-f34d3e6bb32a"}
{"timestamp": "2026-06-05 20:01:14,199", "level": "INFO", "logger_name": "django.server", "message": "\"GET /api/students/info HTTP/1.1\" 200 256"}
{"timestamp": "2026-06-05 20:01:19,560", "level": "INFO", "logger_name": "core.api", "message": "API Request Started: GET /api/students/info", "request_id": "37e8da5c-bdc7-4631-980c-02d3bcedbaee", "user_id": null, "api_id": "auth-view", "correlation_id": "37e8da5c-bdc7-4631-980c-02d3bcedbaee"}
{"timestamp": "2026-06-05 20:01:19,561", "level": "INFO", "logger_name": "core.api.auth", "message": "=== [API CALL] GET /students/info ==="}
{"timestamp": "2026-06-05 20:01:19,562", "level": "INFO", "logger_name": "core.api", "message": "API Response Completed: 200", "request_id": "37e8da5c-bdc7-4631-980c-02d3bcedbaee", "user_id": null, "api_id": "auth-view", "duration_ms": 2.07, "correlation_id": "37e8da5c-bdc7-4631-980c-02d3bcedbaee"}
{"timestamp": "2026-06-05 20:01:19,563", "level": "INFO", "logger_name": "django.server", "message": "\"GET /api/students/info HTTP/1.1\" 200 256"}
{"timestamp": "2026-06-05 20:01:23,377", "level": "INFO", "logger_name": "core.api", "message": "API Request Started: GET /api/topics/6/vote/stat/", "request_id": "73c04e62-0c8f-4fc5-b59c-bf17c0e70737", "user_id": null, "api_id": "topic_api-get_vote_stat", "correlation_id": "73c04e62-0c8f-4fc5-b59c-bf17c0e70737"}
{"timestamp": "2026-06-05 20:01:23,380", "level": "INFO", "logger_name": "core.api", "message": "API Response Completed: 200", "request_id": "73c04e62-0c8f-4fc5-b59c-bf17c0e70737", "user_id": null, "api_id": "topic_api-get_vote_stat", "duration_ms": 3.39, "correlation_id": "73c04e62-0c8f-4fc5-b59c-bf17c0e70737"}
{"timestamp": "2026-06-05 20:01:23,381", "level": "INFO", "logger_name": "django.server", "message": "\"GET /api/topics/6/vote/stat/ HTTP/1.1\" 200 97"}
{"timestamp": "2026-06-05 20:01:25,157", "level": "INFO", "logger_name": "core.api", "message": "API Request Started: GET /api/students/info", "request_id": "08c6ac3b-d402-4fed-92fb-bb20c188a816", "user_id": null, "api_id": "auth-view", "correlation_id": "08c6ac3b-d402-4fed-92fb-bb20c188a816"}
{"timestamp": "2026-06-05 20:01:25,157", "level": "INFO", "logger_name": "core.api.auth", "message": "=== [API CALL] GET /students/info ==="}
{"timestamp": "2026-06-05 20:01:25,159", "level": "INFO", "logger_name": "core.api", "message": "API Response Completed: 200", "request_id": "08c6ac3b-d402-4fed-92fb-bb20c188a816", "user_id": null, "api_id": "auth-view", "duration_ms": 2.37, "correlation_id": "08c6ac3b-d402-4fed-92fb-bb20c188a816"}
{"timestamp": "2026-06-05 20:01:25,160", "level": "INFO", "logger_name": "django.server", "message": "\"GET /api/students/info HTTP/1.1\" 200 256"}
{"timestamp": "2026-06-05 20:01:33,393", "level": "INFO", "logger_name": "core.api", "message": "API Request Started: GET /api/topics/6/vote/stat/", "request_id": "634129b7-a47c-4593-9af3-beca5ba78d6a", "user_id": null, "api_id": "topic_api-get_vote_stat", "correlation_id": "634129b7-a47c-4593-9af3-beca5ba78d6a"}
{"timestamp": "2026-06-05 20:01:33,396", "level": "INFO", "logger_name": "core.api", "message": "API Response Completed: 200", "request_id": "634129b7-a47c-4593-9af3-beca5ba78d6a", "user_id": null, "api_id": "topic_api-get_vote_stat", "duration_ms": 3.22, "correlation_id": "634129b7-a47c-4593-9af3-beca5ba78d6a"}
{"timestamp": "2026-06-05 20:01:33,397", "level": "INFO", "logger_name": "django.server", "message": "\"GET /api/topics/6/vote/stat/ HTTP/1.1\" 200 97"}
{"timestamp": "2026-06-05 20:01:43,446", "level": "INFO", "logger_name": "core.api", "message": "API Request Started: GET /api/topics/6/vote/stat/", "request_id": "2ddf75c5-ea48-4f61-a793-bdfb8ad7495a", "user_id": null, "api_id": "topic_api-get_vote_stat", "correlation_id": "2ddf75c5-ea48-4f61-a793-bdfb8ad7495a"}
{"timestamp": "2026-06-05 20:01:43,449", "level": "INFO", "logger_name": "core.api", "message": "API Response Completed: 200", "request_id": "2ddf75c5-ea48-4f61-a793-bdfb8ad7495a", "user_id": null, "api_id": "topic_api-get_vote_stat", "duration_ms": 3.42, "correlation_id": "2ddf75c5-ea48-4f61-a793-bdfb8ad7495a"}
{"timestamp": "2026-06-05 20:01:43,450", "level": "INFO", "logger_name": "django.server", "message": "\"GET /api/topics/6/vote/stat/ HTTP/1.1\" 200 97"}
{"timestamp": "2026-06-05 20:01:53,411", "level": "INFO", "logger_name": "core.api", "message": "API Request Started: GET /api/topics/6/vote/stat/", "request_id": "98aad6f4-e151-4806-846f-4e68dc34595a", "user_id": null, "api_id": "topic_api-get_vote_stat", "correlation_id": "98aad6f4-e151-4806-846f-4e68dc34595a"}
{"timestamp": "2026-06-05 20:01:53,414", "level": "INFO", "logger_name": "core.api", "message": "API Response Completed: 200", "request_id": "98aad6f4-e151-4806-846f-4e68dc34595a", "user_id": null, "api_id": "topic_api-get_vote_stat", "duration_ms": 2.62, "correlation_id": "98aad6f4-e151-4806-846f-4e68dc34595a"}
{"timestamp": "2026-06-05 20:01:53,414", "level": "INFO", "logger_name": "django.server", "message": "\"GET /api/topics/6/vote/stat/ HTTP/1.1\" 200 97"}
{"timestamp": "2026-06-05 20:02:03,406", "level": "INFO", "logger_name": "core.api", "message": "API Request Started: GET /api/topics/6/vote/stat/", "request_id": "f67b2078-58d6-4759-9be7-9e1ae5c21a74", "user_id": null, "api_id": "topic_api-get_vote_stat", "correlation_id": "f67b2078-58d6-4759-9be7-9e1ae5c21a74"}
{"timestamp": "2026-06-05 20:02:03,409", "level": "INFO", "logger_name": "core.api", "message": "API Response Completed: 200", "request_id": "f67b2078-58d6-4759-9be7-9e1ae5c21a74", "user_id": null, "api_id": "topic_api-get_vote_stat", "duration_ms": 2.6, "correlation_id": "f67b2078-58d6-4759-9be7-9e1ae5c21a74"}
{"timestamp": "2026-06-05 20:02:03,409", "level": "INFO", "logger_name": "django.server", "message": "\"GET /api/topics/6/vote/stat/ HTTP/1.1\" 200 97"}
{"timestamp": "2026-06-05 20:02:13,406", "level": "INFO", "logger_name": "core.api", "message": "API Request Started: GET /api/topics/6/vote/stat/", "request_id": "0cb3a731-0bc3-47ec-9c7e-0e96c2da9ff7", "user_id": null, "api_id": "topic_api-get_vote_stat", "correlation_id": "0cb3a731-0bc3-47ec-9c7e-0e96c2da9ff7"}
{"timestamp": "2026-06-05 20:02:13,408", "level": "INFO", "logger_name": "core.api", "message": "API Response Completed: 200", "request_id": "0cb3a731-0bc3-47ec-9c7e-0e96c2da9ff7", "user_id": null, "api_id": "topic_api-get_vote_stat", "duration_ms": 3.0, "correlation_id": "0cb3a731-0bc3-47ec-9c7e-0e96c2da9ff7"}
{"timestamp": "2026-06-05 20:02:13,409", "level": "INFO", "logger_name": "django.server", "message": "\"GET /api/topics/6/vote/stat/ HTTP/1.1\" 200 97"}
{"timestamp": "2026-06-05 20:02:23,398", "level": "INFO", "logger_name": "core.api", "message": "API Request Started: GET /api/topics/6/vote/stat/", "request_id": "3770c49d-bb1a-45d9-95f3-a25b5d28c6f0", "user_id": null, "api_id": "topic_api-get_vote_stat", "correlation_id": "3770c49d-bb1a-45d9-95f3-a25b5d28c6f0"}
{"timestamp": "2026-06-05 20:02:23,401", "level": "INFO", "logger_name": "core.api", "message": "API Response Completed: 200", "request_id": "3770c49d-bb1a-45d9-95f3-a25b5d28c6f0", "user_id": null, "api_id": "topic_api-get_vote_stat", "duration_ms": 3.09, "correlation_id": "3770c49d-bb1a-45d9-95f3-a25b5d28c6f0"}
{"timestamp": "2026-06-05 20:02:23,402", "level": "INFO", "logger_name": "django.server", "message": "\"GET /api/topics/6/vote/stat/ HTTP/1.1\" 200 97"}
{"timestamp": "2026-06-05 20:02:33,397", "level": "INFO", "logger_name": "core.api", "message": "API Request Started: GET /api/topics/6/vote/stat/", "request_id": "71ecbb85-74ae-4736-b369-b416c5c0de25", "user_id": null, "api_id": "topic_api-get_vote_stat", "correlation_id": "71ecbb85-74ae-4736-b369-b416c5c0de25"}
{"timestamp": "2026-06-05 20:02:33,400", "level": "INFO", "logger_name": "core.api", "message": "API Response Completed: 200", "request_id": "71ecbb85-74ae-4736-b369-b416c5c0de25", "user_id": null, "api_id": "topic_api-get_vote_stat", "duration_ms": 2.8, "correlation_id": "71ecbb85-74ae-4736-b369-b416c5c0de25"}
{"timestamp": "2026-06-05 20:02:33,400", "level": "INFO", "logger_name": "django.server", "message": "\"GET /api/topics/6/vote/stat/ HTTP/1.1\" 200 97"}
{"timestamp": "2026-06-05 20:02:43,404", "level": "INFO", "logger_name": "core.api", "message": "API Request Started: GET /api/topics/6/vote/stat/", "request_id": "1e43ade2-63c1-4f42-9c40-120e53159728", "user_id": null, "api_id": "topic_api-get_vote_stat", "correlation_id": "1e43ade2-63c1-4f42-9c40-120e53159728"}
{"timestamp": "2026-06-05 20:02:43,406", "level": "INFO", "logger_name": "core.api", "message": "API Response Completed: 200", "request_id": "1e43ade2-63c1-4f42-9c40-120e53159728", "user_id": null, "api_id": "topic_api-get_vote_stat", "duration_ms": 3.09, "correlation_id": "1e43ade2-63c1-4f42-9c40-120e53159728"}
{"timestamp": "2026-06-05 20:02:43,407", "level": "INFO", "logger_name": "django.server", "message": "\"GET /api/topics/6/vote/stat/ HTTP/1.1\" 200 97"}
{"timestamp": "2026-06-05 20:02:53,399", "level": "INFO", "logger_name": "core.api", "message": "API Request Started: GET /api/topics/6/vote/stat/", "request_id": "d895a3d7-6d91-49d0-92b1-8508b45c62d9", "user_id": null, "api_id": "topic_api-get_vote_stat", "correlation_id": "d895a3d7-6d91-49d0-92b1-8508b45c62d9"}
{"timestamp": "2026-06-05 20:02:53,401", "level": "INFO", "logger_name": "core.api", "message": "API Response Completed: 200", "request_id": "d895a3d7-6d91-49d0-92b1-8508b45c62d9", "user_id": null, "api_id": "topic_api-get_vote_stat", "duration_ms": 2.64, "correlation_id": "d895a3d7-6d91-49d0-92b1-8508b45c62d9"}
{"timestamp": "2026-06-05 20:02:53,402", "level": "INFO", "logger_name": "django.server", "message": "\"GET /api/topics/6/vote/stat/ HTTP/1.1\" 200 97"}
{"timestamp": "2026-06-05 20:02:57,518", "level": "INFO", "logger_name": "core.api", "message": "API Request Started: GET /api/students/info", "request_id": "f76a606f-ddfc-4358-8edc-fa8c47250ee0", "user_id": null, "api_id": "auth-view", "correlation_id": "f76a606f-ddfc-4358-8edc-fa8c47250ee0"}
{"timestamp": "2026-06-05 20:02:57,519", "level": "INFO", "logger_name": "core.api.auth", "message": "=== [API CALL] GET /students/info ==="}
{"timestamp": "2026-06-05 20:02:57,521", "level": "INFO", "logger_name": "core.api", "message": "API Response Completed: 200", "request_id": "f76a606f-ddfc-4358-8edc-fa8c47250ee0", "user_id": null, "api_id": "auth-view", "duration_ms": 2.44, "correlation_id": "f76a606f-ddfc-4358-8edc-fa8c47250ee0"}
{"timestamp": "2026-06-05 20:02:57,521", "level": "INFO", "logger_name": "django.server", "message": "\"GET /api/students/info HTTP/1.1\" 200 256"}
{"timestamp": "2026-06-05 20:03:03,398", "level": "INFO", "logger_name": "core.api", "message": "API Request Started: GET /api/topics/6/vote/stat/", "request_id": "3c8e6539-4b2a-4d03-a1de-e9732a24e777", "user_id": null, "api_id": "topic_api-get_vote_stat", "correlation_id": "3c8e6539-4b2a-4d03-a1de-e9732a24e777"}
{"timestamp": "2026-06-05 20:03:03,401", "level": "INFO", "logger_name": "core.api", "message": "API Response Completed: 200", "request_id": "3c8e6539-4b2a-4d03-a1de-e9732a24e777", "user_id": null, "api_id": "topic_api-get_vote_stat", "duration_ms": 2.97, "correlation_id": "3c8e6539-4b2a-4d03-a1de-e9732a24e777"}
{"timestamp": "2026-06-05 20:03:03,401", "level": "INFO", "logger_name": "django.server", "message": "\"GET /api/topics/6/vote/stat/ HTTP/1.1\" 200 97"}
{"timestamp": "2026-06-05 20:03:13,407", "level": "INFO", "logger_name": "core.api", "message": "API Request Started: GET /api/topics/6/vote/stat/", "request_id": "55b64067-3578-4c54-8dfa-cf398f1578ee", "user_id": null, "api_id": "topic_api-get_vote_stat", "correlation_id": "55b64067-3578-4c54-8dfa-cf398f1578ee"}
{"timestamp": "2026-06-05 20:03:13,410", "level": "INFO", "logger_name": "core.api", "message": "API Response Completed: 200", "request_id": "55b64067-3578-4c54-8dfa-cf398f1578ee", "user_id": null, "api_id": "topic_api-get_vote_stat", "duration_ms": 3.24, "correlation_id": "55b64067-3578-4c54-8dfa-cf398f1578ee"}
{"timestamp": "2026-06-05 20:03:13,410", "level": "INFO", "logger_name": "django.server", "message": "\"GET /api/topics/6/vote/stat/ HTTP/1.1\" 200 97"}
{"timestamp": "2026-06-05 20:03:23,381", "level": "INFO", "logger_name": "core.api", "message": "API Request Started: GET /api/topics/6/vote/stat/", "request_id": "9d7f93a1-5012-4abc-a6a5-3e911e89e4fd", "user_id": null, "api_id": "topic_api-get_vote_stat", "correlation_id": "9d7f93a1-5012-4abc-a6a5-3e911e89e4fd"}
{"timestamp": "2026-06-05 20:03:23,383", "level": "INFO", "logger_name": "core.api", "message": "API Response Completed: 200", "request_id": "9d7f93a1-5012-4abc-a6a5-3e911e89e4fd", "user_id": null, "api_id": "topic_api-get_vote_stat", "duration_ms": 2.78, "correlation_id": "9d7f93a1-5012-4abc-a6a5-3e911e89e4fd"}
{"timestamp": "2026-06-05 20:03:23,384", "level": "INFO", "logger_name": "django.server", "message": "\"GET /api/topics/6/vote/stat/ HTTP/1.1\" 200 97"}
{"timestamp": "2026-06-05 20:03:27,272", "level": "INFO", "logger_name": "core.api", "message": "API Request Started: GET /api/students/info", "request_id": "6b3473c2-afb1-46e8-a7ab-0d1a12669342", "user_id": null, "api_id": "auth-view", "correlation_id": "6b3473c2-afb1-46e8-a7ab-0d1a12669342"}
{"timestamp": "2026-06-05 20:03:27,272", "level": "INFO", "logger_name": "core.api.auth", "message": "=== [API CALL] GET /students/info ==="}
{"timestamp": "2026-06-05 20:03:27,274", "level": "INFO", "logger_name": "core.api", "message": "API Response Completed: 200", "request_id": "6b3473c2-afb1-46e8-a7ab-0d1a12669342", "user_id": null, "api_id": "auth-view", "duration_ms": 2.36, "correlation_id": "6b3473c2-afb1-46e8-a7ab-0d1a12669342"}
{"timestamp": "2026-06-05 20:03:27,274", "level": "INFO", "logger_name": "django.server", "message": "\"GET /api/students/info HTTP/1.1\" 200 256"}
{"timestamp": "2026-06-05 20:03:33,423", "level": "INFO", "logger_name": "core.api", "message": "API Request Started: GET /api/topics/6/vote/stat/", "request_id": "43890a7b-d8af-4b21-be2e-a37a04577d48", "user_id": null, "api_id": "topic_api-get_vote_stat", "correlation_id": "43890a7b-d8af-4b21-be2e-a37a04577d48"}
{"timestamp": "2026-06-05 20:03:33,426", "level": "INFO", "logger_name": "core.api", "message": "API Response Completed: 200", "request_id": "43890a7b-d8af-4b21-be2e-a37a04577d48", "user_id": null, "api_id": "topic_api-get_vote_stat", "duration_ms": 2.89, "correlation_id": "43890a7b-d8af-4b21-be2e-a37a04577d48"}
{"timestamp": "2026-06-05 20:03:33,426", "level": "INFO", "logger_name": "django.server", "message": "\"GET /api/topics/6/vote/stat/ HTTP/1.1\" 200 97"}
{"timestamp": "2026-06-05 20:03:34,380", "level": "INFO", "logger_name": "core.api", "message": "API Request Started: GET /api/students/info", "request_id": "45ac6001-d9b7-4cb8-95db-6e2455f523dd", "user_id": null, "api_id": "auth-view", "correlation_id": "45ac6001-d9b7-4cb8-95db-6e2455f523dd"}
{"timestamp": "2026-06-05 20:03:34,381", "level": "INFO", "logger_name": "core.api.auth", "message": "=== [API CALL] GET /students/info ==="}
{"timestamp": "2026-06-05 20:03:34,383", "level": "INFO", "logger_name": "core.api", "message": "API Response Completed: 200", "request_id": "45ac6001-d9b7-4cb8-95db-6e2455f523dd", "user_id": null, "api_id": "auth-view", "duration_ms": 2.22, "correlation_id": "45ac6001-d9b7-4cb8-95db-6e2455f523dd"}
{"timestamp": "2026-06-05 20:03:34,383", "level": "INFO", "logger_name": "django.server", "message": "\"GET /api/students/info HTTP/1.1\" 200 256"}
{"timestamp": "2026-06-05 20:03:43,418", "level": "INFO", "logger_name": "core.api", "message": "API Request Started: GET /api/topics/6/vote/stat/", "request_id": "45ee6360-e695-4733-93ef-f2e3cd50f939", "user_id": null, "api_id": "topic_api-get_vote_stat", "correlation_id": "45ee6360-e695-4733-93ef-f2e3cd50f939"}
{"timestamp": "2026-06-05 20:03:43,421", "level": "INFO", "logger_name": "core.api", "message": "API Response Completed: 200", "request_id": "45ee6360-e695-4733-93ef-f2e3cd50f939", "user_id": null, "api_id": "topic_api-get_vote_stat", "duration_ms": 2.88, "correlation_id": "45ee6360-e695-4733-93ef-f2e3cd50f939"}
{"timestamp": "2026-06-05 20:03:43,421", "level": "INFO", "logger_name": "django.server", "message": "\"GET /api/topics/6/vote/stat/ HTTP/1.1\" 200 97"}
{"timestamp": "2026-06-05 20:03:53,420", "level": "INFO", "logger_name": "core.api", "message": "API Request Started: GET /api/topics/6/vote/stat/", "request_id": "da38edc9-153e-4117-a18a-e84f7af0d130", "user_id": null, "api_id": "topic_api-get_vote_stat", "correlation_id": "da38edc9-153e-4117-a18a-e84f7af0d130"}
{"timestamp": "2026-06-05 20:03:53,423", "level": "INFO", "logger_name": "core.api", "message": "API Response Completed: 200", "request_id": "da38edc9-153e-4117-a18a-e84f7af0d130", "user_id": null, "api_id": "topic_api-get_vote_stat", "duration_ms": 3.64, "correlation_id": "da38edc9-153e-4117-a18a-e84f7af0d130"}
{"timestamp": "2026-06-05 20:03:53,424", "level": "INFO", "logger_name": "django.server", "message": "\"GET /api/topics/6/vote/stat/ HTTP/1.1\" 200 97"}
{"timestamp": "2026-06-05 20:04:03,660", "level": "INFO", "logger_name": "core.api", "message": "API Request Started: GET /api/topics/6/vote/stat/", "request_id": "6ff94be5-766e-473d-a528-cf3311e18625", "user_id": null, "api_id": "topic_api-get_vote_stat", "correlation_id": "6ff94be5-766e-473d-a528-cf3311e18625"}
{"timestamp": "2026-06-05 20:04:03,662", "level": "INFO", "logger_name": "core.api", "message": "API Response Completed: 200", "request_id": "6ff94be5-766e-473d-a528-cf3311e18625", "user_id": null, "api_id": "topic_api-get_vote_stat", "duration_ms": 2.86, "correlation_id": "6ff94be5-766e-473d-a528-cf3311e18625"}
{"timestamp": "2026-06-05 20:04:03,663", "level": "INFO", "logger_name": "django.server", "message": "\"GET /api/topics/6/vote/stat/ HTTP/1.1\" 200 97"}
{"timestamp": "2026-06-05 20:04:03,671", "level": "INFO", "logger_name": "core.api", "message": "API Request Started: GET /api/students/info", "request_id": "5f251f10-d459-4637-aa58-7fb35db7d619", "user_id": null, "api_id": "auth-view", "correlation_id": "5f251f10-d459-4637-aa58-7fb35db7d619"}
{"timestamp": "2026-06-05 20:04:03,671", "level": "INFO", "logger_name": "core.api.auth", "message": "=== [API CALL] GET /students/info ==="}
{"timestamp": "2026-06-05 20:04:03,673", "level": "INFO", "logger_name": "core.api", "message": "API Response Completed: 200", "request_id": "5f251f10-d459-4637-aa58-7fb35db7d619", "user_id": null, "api_id": "auth-view", "duration_ms": 2.33, "correlation_id": "5f251f10-d459-4637-aa58-7fb35db7d619"}
{"timestamp": "2026-06-05 20:04:03,673", "level": "INFO", "logger_name": "django.server", "message": "\"GET /api/students/info HTTP/1.1\" 200 256"}
{"timestamp": "2026-06-05 20:04:13,395", "level": "INFO", "logger_name": "core.api", "message": "API Request Started: GET /api/topics/6/vote/stat/", "request_id": "50666096-7965-4a59-b73b-f804018e9b99", "user_id": null, "api_id": "topic_api-get_vote_stat", "correlation_id": "50666096-7965-4a59-b73b-f804018e9b99"}
{"timestamp": "2026-06-05 20:04:13,398", "level": "INFO", "logger_name": "core.api", "message": "API Response Completed: 200", "request_id": "50666096-7965-4a59-b73b-f804018e9b99", "user_id": null, "api_id": "topic_api-get_vote_stat", "duration_ms": 3.42, "correlation_id": "50666096-7965-4a59-b73b-f804018e9b99"}
{"timestamp": "2026-06-05 20:04:13,399", "level": "INFO", "logger_name": "django.server", "message": "\"GET /api/topics/6/vote/stat/ HTTP/1.1\" 200 97"}
{"timestamp": "2026-06-05 20:04:23,407", "level": "INFO", "logger_name": "core.api", "message": "API Request Started: GET /api/topics/6/vote/stat/", "request_id": "757bcdc2-1310-4763-a20b-5fca594112b5", "user_id": null, "api_id": "topic_api-get_vote_stat", "correlation_id": "757bcdc2-1310-4763-a20b-5fca594112b5"}
{"timestamp": "2026-06-05 20:04:23,410", "level": "INFO", "logger_name": "core.api", "message": "API Response Completed: 200", "request_id": "757bcdc2-1310-4763-a20b-5fca594112b5", "user_id": null, "api_id": "topic_api-get_vote_stat", "duration_ms": 2.63, "correlation_id": "757bcdc2-1310-4763-a20b-5fca594112b5"}
{"timestamp": "2026-06-05 20:04:23,410", "level": "INFO", "logger_name": "django.server", "message": "\"GET /api/topics/6/vote/stat/ HTTP/1.1\" 200 97"}
{"timestamp": "2026-06-05 20:04:33,391", "level": "INFO", "logger_name": "core.api", "message": "API Request Started: GET /api/topics/6/vote/stat/", "request_id": "9eb00e8e-5c4c-4cfd-aaab-b8de55a226ea", "user_id": null, "api_id": "topic_api-get_vote_stat", "correlation_id": "9eb00e8e-5c4c-4cfd-aaab-b8de55a226ea"}
{"timestamp": "2026-06-05 20:04:33,393", "level": "INFO", "logger_name": "core.api", "message": "API Response Completed: 200", "request_id": "9eb00e8e-5c4c-4cfd-aaab-b8de55a226ea", "user_id": null, "api_id": "topic_api-get_vote_stat", "duration_ms": 2.97, "correlation_id": "9eb00e8e-5c4c-4cfd-aaab-b8de55a226ea"}
{"timestamp": "2026-06-05 20:04:33,394", "level": "INFO", "logger_name": "django.server", "message": "\"GET /api/topics/6/vote/stat/ HTTP/1.1\" 200 97"}
{"timestamp": "2026-06-05 20:04:43,398", "level": "INFO", "logger_name": "core.api", "message": "API Request Started: GET /api/topics/6/vote/stat/", "request_id": "cfec385a-fe03-4f85-b117-15cd42a0bf9b", "user_id": null, "api_id": "topic_api-get_vote_stat", "correlation_id": "cfec385a-fe03-4f85-b117-15cd42a0bf9b"}
{"timestamp": "2026-06-05 20:04:43,400", "level": "INFO", "logger_name": "core.api", "message": "API Response Completed: 200", "request_id": "cfec385a-fe03-4f85-b117-15cd42a0bf9b", "user_id": null, "api_id": "topic_api-get_vote_stat", "duration_ms": 2.73, "correlation_id": "cfec385a-fe03-4f85-b117-15cd42a0bf9b"}
{"timestamp": "2026-06-05 20:04:43,401", "level": "INFO", "logger_name": "django.server", "message": "\"GET /api/topics/6/vote/stat/ HTTP/1.1\" 200 97"}
{"timestamp": "2026-06-05 20:04:53,393", "level": "INFO", "logger_name": "core.api", "message": "API Request Started: GET /api/topics/6/vote/stat/", "request_id": "91b191d2-b9ab-476d-ae97-4a226d02a89d", "user_id": null, "api_id": "topic_api-get_vote_stat", "correlation_id": "91b191d2-b9ab-476d-ae97-4a226d02a89d"}
{"timestamp": "2026-06-05 20:04:53,395", "level": "INFO", "logger_name": "core.api", "message": "API Response Completed: 200", "request_id": "91b191d2-b9ab-476d-ae97-4a226d02a89d", "user_id": null, "api_id": "topic_api-get_vote_stat", "duration_ms": 3.19, "correlation_id": "91b191d2-b9ab-476d-ae97-4a226d02a89d"}
{"timestamp": "2026-06-05 20:04:53,396", "level": "INFO", "logger_name": "django.server", "message": "\"GET /api/topics/6/vote/stat/ HTTP/1.1\" 200 97"}
{"timestamp": "2026-06-05 20:05:03,377", "level": "INFO", "logger_name": "core.api", "message": "API Request Started: GET /api/topics/6/vote/stat/", "request_id": "d46775ad-5ec8-48f1-b84c-e767b91cffe9", "user_id": null, "api_id": "topic_api-get_vote_stat", "correlation_id": "d46775ad-5ec8-48f1-b84c-e767b91cffe9"}
{"timestamp": "2026-06-05 20:05:03,380", "level": "INFO", "logger_name": "core.api", "message": "API Response Completed: 200", "request_id": "d46775ad-5ec8-48f1-b84c-e767b91cffe9", "user_id": null, "api_id": "topic_api-get_vote_stat", "duration_ms": 2.69, "correlation_id": "d46775ad-5ec8-48f1-b84c-e767b91cffe9"}
{"timestamp": "2026-06-05 20:05:03,380", "level": "INFO", "logger_name": "django.server", "message": "\"GET /api/topics/6/vote/stat/ HTTP/1.1\" 200 97"}
{"timestamp": "2026-06-05 20:05:11,169", "level": "INFO", "logger_name": "core.api", "message": "API Request Started: GET /api/students/info", "request_id": "5fe0d242-1d57-4bb5-a787-63647d4abdb6", "user_id": null, "api_id": "auth-view", "correlation_id": "5fe0d242-1d57-4bb5-a787-63647d4abdb6"}
{"timestamp": "2026-06-05 20:05:11,170", "level": "INFO", "logger_name": "core.api.auth", "message": "=== [API CALL] GET /students/info ==="}
{"timestamp": "2026-06-05 20:05:11,172", "level": "INFO", "logger_name": "core.api", "message": "API Response Completed: 200", "request_id": "5fe0d242-1d57-4bb5-a787-63647d4abdb6", "user_id": null, "api_id": "auth-view", "duration_ms": 2.27, "correlation_id": "5fe0d242-1d57-4bb5-a787-63647d4abdb6"}
{"timestamp": "2026-06-05 20:05:11,172", "level": "INFO", "logger_name": "django.server", "message": "\"GET /api/students/info HTTP/1.1\" 200 256"}
{"timestamp": "2026-06-05 20:05:13,399", "level": "INFO", "logger_name": "core.api", "message": "API Request Started: GET /api/topics/6/vote/stat/", "request_id": "05757bd8-573d-4f16-9b1a-136a4732e813", "user_id": null, "api_id": "topic_api-get_vote_stat", "correlation_id": "05757bd8-573d-4f16-9b1a-136a4732e813"}
{"timestamp": "2026-06-05 20:05:13,402", "level": "INFO", "logger_name": "core.api", "message": "API Response Completed: 200", "request_id": "05757bd8-573d-4f16-9b1a-136a4732e813", "user_id": null, "api_id": "topic_api-get_vote_stat", "duration_ms": 3.41, "correlation_id": "05757bd8-573d-4f16-9b1a-136a4732e813"}
{"timestamp": "2026-06-05 20:05:13,403", "level": "INFO", "logger_name": "django.server", "message": "\"GET /api/topics/6/vote/stat/ HTTP/1.1\" 200 97"}
{"timestamp": "2026-06-05 20:05:23,395", "level": "INFO", "logger_name": "core.api", "message": "API Request Started: GET /api/topics/6/vote/stat/", "request_id": "72adf357-371c-4936-8f7f-92cf78c717e1", "user_id": null, "api_id": "topic_api-get_vote_stat", "correlation_id": "72adf357-371c-4936-8f7f-92cf78c717e1"}
{"timestamp": "2026-06-05 20:05:23,397", "level": "INFO", "logger_name": "core.api", "message": "API Response Completed: 200", "request_id": "72adf357-371c-4936-8f7f-92cf78c717e1", "user_id": null, "api_id": "topic_api-get_vote_stat", "duration_ms": 2.85, "correlation_id": "72adf357-371c-4936-8f7f-92cf78c717e1"}
{"timestamp": "2026-06-05 20:05:23,398", "level": "INFO", "logger_name": "django.server", "message": "\"GET /api/topics/6/vote/stat/ HTTP/1.1\" 200 97"}
{"timestamp": "2026-06-05 20:05:26,650", "level": "INFO", "logger_name": "core.api", "message": "API Request Started: GET /api/students/info", "request_id": "4a3dfaf1-21f7-4ac7-a4d0-db99da6927ac", "user_id": null, "api_id": "auth-view", "correlation_id": "4a3dfaf1-21f7-4ac7-a4d0-db99da6927ac"}
{"timestamp": "2026-06-05 20:05:26,651", "level": "INFO", "logger_name": "core.api.auth", "message": "=== [API CALL] GET /students/info ==="}
{"timestamp": "2026-06-05 20:05:26,653", "level": "INFO", "logger_name": "core.api", "message": "API Response Completed: 200", "request_id": "4a3dfaf1-21f7-4ac7-a4d0-db99da6927ac", "user_id": null, "api_id": "auth-view", "duration_ms": 2.35, "correlation_id": "4a3dfaf1-21f7-4ac7-a4d0-db99da6927ac"}
{"timestamp": "2026-06-05 20:05:26,653", "level": "INFO", "logger_name": "django.server", "message": "\"GET /api/students/info HTTP/1.1\" 200 256"}
{"timestamp": "2026-06-05 20:05:33,395", "level": "INFO", "logger_name": "core.api", "message": "API Request Started: GET /api/topics/6/vote/stat/", "request_id": "ab095e8f-e7f5-456a-af1a-6e66534bb313", "user_id": null, "api_id": "topic_api-get_vote_stat", "correlation_id": "ab095e8f-e7f5-456a-af1a-6e66534bb313"}
{"timestamp": "2026-06-05 20:05:33,400", "level": "INFO", "logger_name": "core.api", "message": "API Response Completed: 200", "request_id": "ab095e8f-e7f5-456a-af1a-6e66534bb313", "user_id": null, "api_id": "topic_api-get_vote_stat", "duration_ms": 4.48, "correlation_id": "ab095e8f-e7f5-456a-af1a-6e66534bb313"}
{"timestamp": "2026-06-05 20:05:33,400", "level": "INFO", "logger_name": "django.server", "message": "\"GET /api/topics/6/vote/stat/ HTTP/1.1\" 200 97"}
{"timestamp": "2026-06-05 20:05:43,400", "level": "INFO", "logger_name": "core.api", "message": "API Request Started: GET /api/topics/6/vote/stat/", "request_id": "7a678ba8-3be2-432f-8680-93ea2845b845", "user_id": null, "api_id": "topic_api-get_vote_stat", "correlation_id": "7a678ba8-3be2-432f-8680-93ea2845b845"}
{"timestamp": "2026-06-05 20:05:43,404", "level": "INFO", "logger_name": "core.api", "message": "API Response Completed: 200", "request_id": "7a678ba8-3be2-432f-8680-93ea2845b845", "user_id": null, "api_id": "topic_api-get_vote_stat", "duration_ms": 3.68, "correlation_id": "7a678ba8-3be2-432f-8680-93ea2845b845"}
{"timestamp": "2026-06-05 20:05:43,404", "level": "INFO", "logger_name": "django.server", "message": "\"GET /api/topics/6/vote/stat/ HTTP/1.1\" 200 97"}
{"timestamp": "2026-06-05 20:05:53,411", "level": "INFO", "logger_name": "core.api", "message": "API Request Started: GET /api/topics/6/vote/stat/", "request_id": "31ccd818-0e4b-4dee-8f20-3d10e7c53873", "user_id": null, "api_id": "topic_api-get_vote_stat", "correlation_id": "31ccd818-0e4b-4dee-8f20-3d10e7c53873"}
{"timestamp": "2026-06-05 20:05:53,414", "level": "INFO", "logger_name": "core.api", "message": "API Response Completed: 200", "request_id": "31ccd818-0e4b-4dee-8f20-3d10e7c53873", "user_id": null, "api_id": "topic_api-get_vote_stat", "duration_ms": 2.76, "correlation_id": "31ccd818-0e4b-4dee-8f20-3d10e7c53873"}
{"timestamp": "2026-06-05 20:05:53,414", "level": "INFO", "logger_name": "django.server", "message": "\"GET /api/topics/6/vote/stat/ HTTP/1.1\" 200 97"}
{"timestamp": "2026-06-05 20:06:03,425", "level": "INFO", "logger_name": "core.api", "message": "API Request Started: GET /api/topics/6/vote/stat/", "request_id": "6794f800-1c26-4ca1-9c26-f9a955150a3f", "user_id": null, "api_id": "topic_api-get_vote_stat", "correlation_id": "6794f800-1c26-4ca1-9c26-f9a955150a3f"}
{"timestamp": "2026-06-05 20:06:03,428", "level": "INFO", "logger_name": "core.api", "message": "API Response Completed: 200", "request_id": "6794f800-1c26-4ca1-9c26-f9a955150a3f", "user_id": null, "api_id": "topic_api-get_vote_stat", "duration_ms": 2.85, "correlation_id": "6794f800-1c26-4ca1-9c26-f9a955150a3f"}
{"timestamp": "2026-06-05 20:06:03,428", "level": "INFO", "logger_name": "django.server", "message": "\"GET /api/topics/6/vote/stat/ HTTP/1.1\" 200 97"}
{"timestamp": "2026-06-05 20:06:13,399", "level": "INFO", "logger_name": "core.api", "message": "API Request Started: GET /api/topics/6/vote/stat/", "request_id": "91e046d1-105e-4b43-9453-42c0d16a9d91", "user_id": null, "api_id": "topic_api-get_vote_stat", "correlation_id": "91e046d1-105e-4b43-9453-42c0d16a9d91"}
{"timestamp": "2026-06-05 20:06:13,402", "level": "INFO", "logger_name": "core.api", "message": "API Response Completed: 200", "request_id": "91e046d1-105e-4b43-9453-42c0d16a9d91", "user_id": null, "api_id": "topic_api-get_vote_stat", "duration_ms": 2.7, "correlation_id": "91e046d1-105e-4b43-9453-42c0d16a9d91"}
{"timestamp": "2026-06-05 20:06:13,402", "level": "INFO", "logger_name": "django.server", "message": "\"GET /api/topics/6/vote/stat/ HTTP/1.1\" 200 97"}
{"timestamp": "2026-06-05 20:06:23,379", "level": "INFO", "logger_name": "core.api", "message": "API Request Started: GET /api/topics/6/vote/stat/", "request_id": "63c15a96-eb90-4700-9db2-a64fcbcde8b6", "user_id": null, "api_id": "topic_api-get_vote_stat", "correlation_id": "63c15a96-eb90-4700-9db2-a64fcbcde8b6"}
{"timestamp": "2026-06-05 20:06:23,383", "level": "INFO", "logger_name": "core.api", "message": "API Response Completed: 200", "request_id": "63c15a96-eb90-4700-9db2-a64fcbcde8b6", "user_id": null, "api_id": "topic_api-get_vote_stat", "duration_ms": 3.79, "correlation_id": "63c15a96-eb90-4700-9db2-a64fcbcde8b6"}
{"timestamp": "2026-06-05 20:06:23,384", "level": "INFO", "logger_name": "django.server", "message": "\"GET /api/topics/6/vote/stat/ HTTP/1.1\" 200 97"}
{"timestamp": "2026-06-05 20:06:33,392", "level": "INFO", "logger_name": "core.api", "message": "API Request Started: GET /api/topics/6/vote/stat/", "request_id": "e38326d8-f3dd-4b6e-8123-0c183415b00b", "user_id": null, "api_id": "topic_api-get_vote_stat", "correlation_id": "e38326d8-f3dd-4b6e-8123-0c183415b00b"}
{"timestamp": "2026-06-05 20:06:33,395", "level": "INFO", "logger_name": "core.api", "message": "API Response Completed: 200", "request_id": "e38326d8-f3dd-4b6e-8123-0c183415b00b", "user_id": null, "api_id": "topic_api-get_vote_stat", "duration_ms": 3.43, "correlation_id": "e38326d8-f3dd-4b6e-8123-0c183415b00b"}
{"timestamp": "2026-06-05 20:06:33,396", "level": "INFO", "logger_name": "django.server", "message": "\"GET /api/topics/6/vote/stat/ HTTP/1.1\" 200 97"}
{"timestamp": "2026-06-05 20:06:34,372", "level": "INFO", "logger_name": "core.api", "message": "API Request Started: GET /api/students/info", "request_id": "19b5e53d-d3e5-4924-82bc-2aa32b1d847e", "user_id": null, "api_id": "auth-view", "correlation_id": "19b5e53d-d3e5-4924-82bc-2aa32b1d847e"}
{"timestamp": "2026-06-05 20:06:34,372", "level": "INFO", "logger_name": "core.api.auth", "message": "=== [API CALL] GET /students/info ==="}
{"timestamp": "2026-06-05 20:06:34,374", "level": "INFO", "logger_name": "core.api", "message": "API Response Completed: 200", "request_id": "19b5e53d-d3e5-4924-82bc-2aa32b1d847e", "user_id": null, "api_id": "auth-view", "duration_ms": 2.24, "correlation_id": "19b5e53d-d3e5-4924-82bc-2aa32b1d847e"}
{"timestamp": "2026-06-05 20:06:34,375", "level": "INFO", "logger_name": "django.server", "message": "\"GET /api/students/info HTTP/1.1\" 200 256"}
{"timestamp": "2026-06-05 20:06:43,388", "level": "INFO", "logger_name": "core.api", "message": "API Request Started: GET /api/topics/6/vote/stat/", "request_id": "13afa85c-7e41-435a-9b01-5743df279524", "user_id": null, "api_id": "topic_api-get_vote_stat", "correlation_id": "13afa85c-7e41-435a-9b01-5743df279524"}
{"timestamp": "2026-06-05 20:06:43,390", "level": "INFO", "logger_name": "core.api", "message": "API Response Completed: 200", "request_id": "13afa85c-7e41-435a-9b01-5743df279524", "user_id": null, "api_id": "topic_api-get_vote_stat", "duration_ms": 2.74, "correlation_id": "13afa85c-7e41-435a-9b01-5743df279524"}
{"timestamp": "2026-06-05 20:06:43,391", "level": "INFO", "logger_name": "django.server", "message": "\"GET /api/topics/6/vote/stat/ HTTP/1.1\" 200 97"}
{"timestamp": "2026-06-05 20:06:53,382", "level": "INFO", "logger_name": "core.api", "message": "API Request Started: GET /api/topics/6/vote/stat/", "request_id": "a6e49d99-d54a-4ca5-b17c-4dfc4ab3b393", "user_id": null, "api_id": "topic_api-get_vote_stat", "correlation_id": "a6e49d99-d54a-4ca5-b17c-4dfc4ab3b393"}
{"timestamp": "2026-06-05 20:06:53,386", "level": "INFO", "logger_name": "core.api", "message": "API Response Completed: 200", "request_id": "a6e49d99-d54a-4ca5-b17c-4dfc4ab3b393", "user_id": null, "api_id": "topic_api-get_vote_stat", "duration_ms": 3.96, "correlation_id": "a6e49d99-d54a-4ca5-b17c-4dfc4ab3b393"}
{"timestamp": "2026-06-05 20:06:53,387", "level": "INFO", "logger_name": "django.server", "message": "\"GET /api/topics/6/vote/stat/ HTTP/1.1\" 200 97"}
{"timestamp": "2026-06-05 20:06:56,104", "level": "INFO", "logger_name": "core.api", "message": "API Request Started: GET /api/students/info", "request_id": "43df352f-0582-4d5f-a039-95a430fc746b", "user_id": null, "api_id": "auth-view", "correlation_id": "43df352f-0582-4d5f-a039-95a430fc746b"}
{"timestamp": "2026-06-05 20:06:56,104", "level": "INFO", "logger_name": "core.api.auth", "message": "=== [API CALL] GET /students/info ==="}
{"timestamp": "2026-06-05 20:06:56,106", "level": "INFO", "logger_name": "core.api", "message": "API Response Completed: 200", "request_id": "43df352f-0582-4d5f-a039-95a430fc746b", "user_id": null, "api_id": "auth-view", "duration_ms": 2.07, "correlation_id": "43df352f-0582-4d5f-a039-95a430fc746b"}
{"timestamp": "2026-06-05 20:06:56,106", "level": "INFO", "logger_name": "django.server", "message": "\"GET /api/students/info HTTP/1.1\" 200 256"}
{"timestamp": "2026-06-05 20:07:03,486", "level": "INFO", "logger_name": "core.api", "message": "API Request Started: GET /api/topics/6/vote/stat/", "request_id": "5c2d3b91-54a8-4f61-83a7-31c1b1a87184", "user_id": null, "api_id": "topic_api-get_vote_stat", "correlation_id": "5c2d3b91-54a8-4f61-83a7-31c1b1a87184"}
{"timestamp": "2026-06-05 20:07:03,489", "level": "INFO", "logger_name": "core.api", "message": "API Response Completed: 200", "request_id": "5c2d3b91-54a8-4f61-83a7-31c1b1a87184", "user_id": null, "api_id": "topic_api-get_vote_stat", "duration_ms": 2.81, "correlation_id": "5c2d3b91-54a8-4f61-83a7-31c1b1a87184"}
{"timestamp": "2026-06-05 20:07:03,489", "level": "INFO", "logger_name": "django.server", "message": "\"GET /api/topics/6/vote/stat/ HTTP/1.1\" 200 97"}
{"timestamp": "2026-06-05 20:07:05,222", "level": "INFO", "logger_name": "core.api", "message": "API Request Started: GET /api/students/info", "request_id": "3dd3f318-aac2-4834-976c-6c8914930db7", "user_id": null, "api_id": "auth-view", "correlation_id": "3dd3f318-aac2-4834-976c-6c8914930db7"}
{"timestamp": "2026-06-05 20:07:05,223", "level": "INFO", "logger_name": "core.api.auth", "message": "=== [API CALL] GET /students/info ==="}
{"timestamp": "2026-06-05 20:07:05,225", "level": "INFO", "logger_name": "core.api", "message": "API Response Completed: 200", "request_id": "3dd3f318-aac2-4834-976c-6c8914930db7", "user_id": null, "api_id": "auth-view", "duration_ms": 2.35, "correlation_id": "3dd3f318-aac2-4834-976c-6c8914930db7"}
{"timestamp": "2026-06-05 20:07:05,225", "level": "INFO", "logger_name": "django.server", "message": "\"GET /api/students/info HTTP/1.1\" 200 256"}
{"timestamp": "2026-06-05 20:07:13,404", "level": "INFO", "logger_name": "core.api", "message": "API Request Started: GET /api/topics/6/vote/stat/", "request_id": "3c1ae3b9-c345-4943-b543-9ddcd53c2a57", "user_id": null, "api_id": "topic_api-get_vote_stat", "correlation_id": "3c1ae3b9-c345-4943-b543-9ddcd53c2a57"}
{"timestamp": "2026-06-05 20:07:13,407", "level": "INFO", "logger_name": "core.api", "message": "API Response Completed: 200", "request_id": "3c1ae3b9-c345-4943-b543-9ddcd53c2a57", "user_id": null, "api_id": "topic_api-get_vote_stat", "duration_ms": 2.87, "correlation_id": "3c1ae3b9-c345-4943-b543-9ddcd53c2a57"}
{"timestamp": "2026-06-05 20:07:13,407", "level": "INFO", "logger_name": "django.server", "message": "\"GET /api/topics/6/vote/stat/ HTTP/1.1\" 200 97"}
{"timestamp": "2026-06-05 20:07:23,390", "level": "INFO", "logger_name": "core.api", "message": "API Request Started: GET /api/topics/6/vote/stat/", "request_id": "14ea79d8-4b6b-4f40-9351-913731598020", "user_id": null, "api_id": "topic_api-get_vote_stat", "correlation_id": "14ea79d8-4b6b-4f40-9351-913731598020"}
{"timestamp": "2026-06-05 20:07:23,393", "level": "INFO", "logger_name": "core.api", "message": "API Response Completed: 200", "request_id": "14ea79d8-4b6b-4f40-9351-913731598020", "user_id": null, "api_id": "topic_api-get_vote_stat", "duration_ms": 3.36, "correlation_id": "14ea79d8-4b6b-4f40-9351-913731598020"}
{"timestamp": "2026-06-05 20:07:23,394", "level": "INFO", "logger_name": "django.server", "message": "\"GET /api/topics/6/vote/stat/ HTTP/1.1\" 200 97"}
{"timestamp": "2026-06-05 20:07:33,387", "level": "INFO", "logger_name": "core.api", "message": "API Request Started: GET /api/topics/6/vote/stat/", "request_id": "4becf147-6648-4c39-878d-419777b43e97", "user_id": null, "api_id": "topic_api-get_vote_stat", "correlation_id": "4becf147-6648-4c39-878d-419777b43e97"}
{"timestamp": "2026-06-05 20:07:33,389", "level": "INFO", "logger_name": "core.api", "message": "API Response Completed: 200", "request_id": "4becf147-6648-4c39-878d-419777b43e97", "user_id": null, "api_id": "topic_api-get_vote_stat", "duration_ms": 2.65, "correlation_id": "4becf147-6648-4c39-878d-419777b43e97"}
{"timestamp": "2026-06-05 20:07:33,390", "level": "INFO", "logger_name": "django.server", "message": "\"GET /api/topics/6/vote/stat/ HTTP/1.1\" 200 97"}
{"timestamp": "2026-06-05 20:07:43,448", "level": "INFO", "logger_name": "core.api", "message": "API Request Started: GET /api/topics/6/vote/stat/", "request_id": "0913a4d2-1885-411f-a743-531b6edcb61f", "user_id": null, "api_id": "topic_api-get_vote_stat", "correlation_id": "0913a4d2-1885-411f-a743-531b6edcb61f"}
{"timestamp": "2026-06-05 20:07:43,451", "level": "INFO", "logger_name": "core.api", "message": "API Response Completed: 200", "request_id": "0913a4d2-1885-411f-a743-531b6edcb61f", "user_id": null, "api_id": "topic_api-get_vote_stat", "duration_ms": 3.22, "correlation_id": "0913a4d2-1885-411f-a743-531b6edcb61f"}
{"timestamp": "2026-06-05 20:07:43,452", "level": "INFO", "logger_name": "django.server", "message": "\"GET /api/topics/6/vote/stat/ HTTP/1.1\" 200 97"}
{"timestamp": "2026-06-05 20:07:53,467", "level": "INFO", "logger_name": "core.api", "message": "API Request Started: GET /api/topics/6/vote/stat/", "request_id": "8fbcde18-0898-4357-b082-b31b3f185547", "user_id": null, "api_id": "topic_api-get_vote_stat", "correlation_id": "8fbcde18-0898-4357-b082-b31b3f185547"}
{"timestamp": "2026-06-05 20:07:53,469", "level": "INFO", "logger_name": "core.api", "message": "API Response Completed: 200", "request_id": "8fbcde18-0898-4357-b082-b31b3f185547", "user_id": null, "api_id": "topic_api-get_vote_stat", "duration_ms": 2.78, "correlation_id": "8fbcde18-0898-4357-b082-b31b3f185547"}
{"timestamp": "2026-06-05 20:07:53,470", "level": "INFO", "logger_name": "django.server", "message": "\"GET /api/topics/6/vote/stat/ HTTP/1.1\" 200 97"}
{"timestamp": "2026-06-05 20:08:03,394", "level": "INFO", "logger_name": "core.api", "message": "API Request Started: GET /api/topics/6/vote/stat/", "request_id": "bad8c863-6b6c-47d8-a8cc-9a8635823a2e", "user_id": null, "api_id": "topic_api-get_vote_stat", "correlation_id": "bad8c863-6b6c-47d8-a8cc-9a8635823a2e"}
{"timestamp": "2026-06-05 20:08:03,397", "level": "INFO", "logger_name": "core.api", "message": "API Response Completed: 200", "request_id": "bad8c863-6b6c-47d8-a8cc-9a8635823a2e", "user_id": null, "api_id": "topic_api-get_vote_stat", "duration_ms": 3.32, "correlation_id": "bad8c863-6b6c-47d8-a8cc-9a8635823a2e"}
{"timestamp": "2026-06-05 20:08:03,398", "level": "INFO", "logger_name": "django.server", "message": "\"GET /api/topics/6/vote/stat/ HTTP/1.1\" 200 97"}
{"timestamp": "2026-06-05 20:08:13,370", "level": "INFO", "logger_name": "core.api", "message": "API Request Started: GET /api/topics/6/vote/stat/", "request_id": "667e7a75-98aa-48ef-85c1-d8a15596394e", "user_id": null, "api_id": "topic_api-get_vote_stat", "correlation_id": "667e7a75-98aa-48ef-85c1-d8a15596394e"}
{"timestamp": "2026-06-05 20:08:13,373", "level": "INFO", "logger_name": "core.api", "message": "API Response Completed: 200", "request_id": "667e7a75-98aa-48ef-85c1-d8a15596394e", "user_id": null, "api_id": "topic_api-get_vote_stat", "duration_ms": 2.94, "correlation_id": "667e7a75-98aa-48ef-85c1-d8a15596394e"}
{"timestamp": "2026-06-05 20:08:13,374", "level": "INFO", "logger_name": "django.server", "message": "\"GET /api/topics/6/vote/stat/ HTTP/1.1\" 200 97"}
{"timestamp": "2026-06-05 20:08:23,380", "level": "INFO", "logger_name": "core.api", "message": "API Request Started: GET /api/topics/6/vote/stat/", "request_id": "5a295797-0230-4545-a3e3-e07b8d0a44d1", "user_id": null, "api_id": "topic_api-get_vote_stat", "correlation_id": "5a295797-0230-4545-a3e3-e07b8d0a44d1"}
{"timestamp": "2026-06-05 20:08:23,385", "level": "INFO", "logger_name": "core.api", "message": "API Response Completed: 200", "request_id": "5a295797-0230-4545-a3e3-e07b8d0a44d1", "user_id": null, "api_id": "topic_api-get_vote_stat", "duration_ms": 4.53, "correlation_id": "5a295797-0230-4545-a3e3-e07b8d0a44d1"}
{"timestamp": "2026-06-05 20:08:23,386", "level": "INFO", "logger_name": "django.server", "message": "\"GET /api/topics/6/vote/stat/ HTTP/1.1\" 200 97"}
{"timestamp": "2026-06-05 20:08:33,367", "level": "INFO", "logger_name": "core.api", "message": "API Request Started: GET /api/topics/6/vote/stat/", "request_id": "31cb7afb-059f-4043-9ac5-3787021b4111", "user_id": null, "api_id": "topic_api-get_vote_stat", "correlation_id": "31cb7afb-059f-4043-9ac5-3787021b4111"}
{"timestamp": "2026-06-05 20:08:33,372", "level": "INFO", "logger_name": "core.api", "message": "API Response Completed: 200", "request_id": "31cb7afb-059f-4043-9ac5-3787021b4111", "user_id": null, "api_id": "topic_api-get_vote_stat", "duration_ms": 4.9, "correlation_id": "31cb7afb-059f-4043-9ac5-3787021b4111"}
{"timestamp": "2026-06-05 20:08:33,373", "level": "INFO", "logger_name": "django.server", "message": "\"GET /api/topics/6/vote/stat/ HTTP/1.1\" 200 97"}
{"timestamp": "2026-06-05 20:08:43,371", "level": "INFO", "logger_name": "core.api", "message": "API Request Started: GET /api/topics/6/vote/stat/", "request_id": "d7339a38-9e71-429d-96e2-54f2ca24434a", "user_id": null, "api_id": "topic_api-get_vote_stat", "correlation_id": "d7339a38-9e71-429d-96e2-54f2ca24434a"}
{"timestamp": "2026-06-05 20:08:43,375", "level": "INFO", "logger_name": "core.api", "message": "API Response Completed: 200", "request_id": "d7339a38-9e71-429d-96e2-54f2ca24434a", "user_id": null, "api_id": "topic_api-get_vote_stat", "duration_ms": 4.02, "correlation_id": "d7339a38-9e71-429d-96e2-54f2ca24434a"}
{"timestamp": "2026-06-05 20:08:43,375", "level": "INFO", "logger_name": "django.server", "message": "\"GET /api/topics/6/vote/stat/ HTTP/1.1\" 200 97"}
{"timestamp": "2026-06-05 20:08:53,421", "level": "INFO", "logger_name": "core.api", "message": "API Request Started: GET /api/topics/6/vote/stat/", "request_id": "71f18113-2da2-4496-a606-6e6f240d55e8", "user_id": null, "api_id": "topic_api-get_vote_stat", "correlation_id": "71f18113-2da2-4496-a606-6e6f240d55e8"}
{"timestamp": "2026-06-05 20:08:53,425", "level": "INFO", "logger_name": "core.api", "message": "API Response Completed: 200", "request_id": "71f18113-2da2-4496-a606-6e6f240d55e8", "user_id": null, "api_id": "topic_api-get_vote_stat", "duration_ms": 3.72, "correlation_id": "71f18113-2da2-4496-a606-6e6f240d55e8"}
{"timestamp": "2026-06-05 20:08:53,425", "level": "INFO", "logger_name": "django.server", "message": "\"GET /api/topics/6/vote/stat/ HTTP/1.1\" 200 97"}
{"timestamp": "2026-06-05 20:09:03,389", "level": "INFO", "logger_name": "core.api", "message": "API Request Started: GET /api/topics/6/vote/stat/", "request_id": "b471cf21-00f5-4d24-895f-04f7c92eb6ab", "user_id": null, "api_id": "topic_api-get_vote_stat", "correlation_id": "b471cf21-00f5-4d24-895f-04f7c92eb6ab"}
{"timestamp": "2026-06-05 20:09:03,393", "level": "INFO", "logger_name": "core.api", "message": "API Response Completed: 200", "request_id": "b471cf21-00f5-4d24-895f-04f7c92eb6ab", "user_id": null, "api_id": "topic_api-get_vote_stat", "duration_ms": 4.38, "correlation_id": "b471cf21-00f5-4d24-895f-04f7c92eb6ab"}
{"timestamp": "2026-06-05 20:09:03,393", "level": "INFO", "logger_name": "django.server", "message": "\"GET /api/topics/6/vote/stat/ HTTP/1.1\" 200 97"}
{"timestamp": "2026-06-05 20:09:13,415", "level": "INFO", "logger_name": "core.api", "message": "API Request Started: GET /api/topics/6/vote/stat/", "request_id": "7a2ed144-cc11-40cd-8958-78dfcc7b03a3", "user_id": null, "api_id": "topic_api-get_vote_stat", "correlation_id": "7a2ed144-cc11-40cd-8958-78dfcc7b03a3"}
{"timestamp": "2026-06-05 20:09:13,419", "level": "INFO", "logger_name": "core.api", "message": "API Response Completed: 200", "request_id": "7a2ed144-cc11-40cd-8958-78dfcc7b03a3", "user_id": null, "api_id": "topic_api-get_vote_stat", "duration_ms": 3.2, "correlation_id": "7a2ed144-cc11-40cd-8958-78dfcc7b03a3"}
{"timestamp": "2026-06-05 20:09:13,419", "level": "INFO", "logger_name": "django.server", "message": "\"GET /api/topics/6/vote/stat/ HTTP/1.1\" 200 97"}
{"timestamp": "2026-06-05 20:09:23,380", "level": "INFO", "logger_name": "core.api", "message": "API Request Started: GET /api/topics/6/vote/stat/", "request_id": "ad03febb-6d9b-46c4-89e3-f0b9614970d9", "user_id": null, "api_id": "topic_api-get_vote_stat", "correlation_id": "ad03febb-6d9b-46c4-89e3-f0b9614970d9"}
{"timestamp": "2026-06-05 20:09:23,382", "level": "INFO", "logger_name": "core.api", "message": "API Response Completed: 200", "request_id": "ad03febb-6d9b-46c4-89e3-f0b9614970d9", "user_id": null, "api_id": "topic_api-get_vote_stat", "duration_ms": 2.48, "correlation_id": "ad03febb-6d9b-46c4-89e3-f0b9614970d9"}
{"timestamp": "2026-06-05 20:09:23,383", "level": "INFO", "logger_name": "django.server", "message": "\"GET /api/topics/6/vote/stat/ HTTP/1.1\" 200 97"}
{"timestamp": "2026-06-05 20:09:33,415", "level": "INFO", "logger_name": "core.api", "message": "API Request Started: GET /api/topics/6/vote/stat/", "request_id": "b5f7d291-0269-497c-88ed-eb0066ad199d", "user_id": null, "api_id": "topic_api-get_vote_stat", "correlation_id": "b5f7d291-0269-497c-88ed-eb0066ad199d"}
{"timestamp": "2026-06-05 20:09:33,417", "level": "INFO", "logger_name": "core.api", "message": "API Response Completed: 200", "request_id": "b5f7d291-0269-497c-88ed-eb0066ad199d", "user_id": null, "api_id": "topic_api-get_vote_stat", "duration_ms": 2.83, "correlation_id": "b5f7d291-0269-497c-88ed-eb0066ad199d"}
{"timestamp": "2026-06-05 20:09:33,418", "level": "INFO", "logger_name": "django.server", "message": "\"GET /api/topics/6/vote/stat/ HTTP/1.1\" 200 97"}
{"timestamp": "2026-06-05 20:09:43,459", "level": "INFO", "logger_name": "core.api", "message": "API Request Started: GET /api/topics/6/vote/stat/", "request_id": "8dc91025-60c0-4f0b-8f41-e66c6ddd971f", "user_id": null, "api_id": "topic_api-get_vote_stat", "correlation_id": "8dc91025-60c0-4f0b-8f41-e66c6ddd971f"}
{"timestamp": "2026-06-05 20:09:43,462", "level": "INFO", "logger_name": "core.api", "message": "API Response Completed: 200", "request_id": "8dc91025-60c0-4f0b-8f41-e66c6ddd971f", "user_id": null, "api_id": "topic_api-get_vote_stat", "duration_ms": 3.47, "correlation_id": "8dc91025-60c0-4f0b-8f41-e66c6ddd971f"}
{"timestamp": "2026-06-05 20:09:43,463", "level": "INFO", "logger_name": "django.server", "message": "\"GET /api/topics/6/vote/stat/ HTTP/1.1\" 200 97"}
{"timestamp": "2026-06-05 20:09:53,383", "level": "INFO", "logger_name": "core.api", "message": "API Request Started: GET /api/topics/6/vote/stat/", "request_id": "9b33e56a-1af0-499f-8547-ecc5f4aa3af3", "user_id": null, "api_id": "topic_api-get_vote_stat", "correlation_id": "9b33e56a-1af0-499f-8547-ecc5f4aa3af3"}
{"timestamp": "2026-06-05 20:09:53,386", "level": "INFO", "logger_name": "core.api", "message": "API Response Completed: 200", "request_id": "9b33e56a-1af0-499f-8547-ecc5f4aa3af3", "user_id": null, "api_id": "topic_api-get_vote_stat", "duration_ms": 3.07, "correlation_id": "9b33e56a-1af0-499f-8547-ecc5f4aa3af3"}
{"timestamp": "2026-06-05 20:09:53,386", "level": "INFO", "logger_name": "django.server", "message": "\"GET /api/topics/6/vote/stat/ HTTP/1.1\" 200 97"}
{"timestamp": "2026-06-05 20:10:03,378", "level": "INFO", "logger_name": "core.api", "message": "API Request Started: GET /api/topics/6/vote/stat/", "request_id": "17b38d24-9e78-4cde-97ed-28ae3c79ebb2", "user_id": null, "api_id": "topic_api-get_vote_stat", "correlation_id": "17b38d24-9e78-4cde-97ed-28ae3c79ebb2"}
{"timestamp": "2026-06-05 20:10:03,380", "level": "INFO", "logger_name": "core.api", "message": "API Response Completed: 200", "request_id": "17b38d24-9e78-4cde-97ed-28ae3c79ebb2", "user_id": null, "api_id": "topic_api-get_vote_stat", "duration_ms": 2.71, "correlation_id": "17b38d24-9e78-4cde-97ed-28ae3c79ebb2"}
{"timestamp": "2026-06-05 20:10:03,381", "level": "INFO", "logger_name": "django.server", "message": "\"GET /api/topics/6/vote/stat/ HTTP/1.1\" 200 97"}
{"timestamp": "2026-06-05 20:10:13,097", "level": "INFO", "logger_name": "core.api", "message": "API Request Started: GET /api/students/info", "request_id": "4c60cfa6-5be4-4cc9-8ee2-bf2c854172fd", "user_id": null, "api_id": "auth-view", "correlation_id": "4c60cfa6-5be4-4cc9-8ee2-bf2c854172fd"}
{"timestamp": "2026-06-05 20:10:13,097", "level": "INFO", "logger_name": "core.api.auth", "message": "=== [API CALL] GET /students/info ==="}
{"timestamp": "2026-06-05 20:10:13,100", "level": "INFO", "logger_name": "core.api", "message": "API Response Completed: 200", "request_id": "4c60cfa6-5be4-4cc9-8ee2-bf2c854172fd", "user_id": null, "api_id": "auth-view", "duration_ms": 2.52, "correlation_id": "4c60cfa6-5be4-4cc9-8ee2-bf2c854172fd"}
{"timestamp": "2026-06-05 20:10:13,100", "level": "INFO", "logger_name": "django.server", "message": "\"GET /api/students/info HTTP/1.1\" 200 256"}
{"timestamp": "2026-06-05 20:10:13,380", "level": "INFO", "logger_name": "core.api", "message": "API Request Started: GET /api/topics/6/vote/stat/", "request_id": "dfba22d4-5f52-4155-8550-a26cf2c3898e", "user_id": null, "api_id": "topic_api-get_vote_stat", "correlation_id": "dfba22d4-5f52-4155-8550-a26cf2c3898e"}
{"timestamp": "2026-06-05 20:10:13,383", "level": "INFO", "logger_name": "core.api", "message": "API Response Completed: 200", "request_id": "dfba22d4-5f52-4155-8550-a26cf2c3898e", "user_id": null, "api_id": "topic_api-get_vote_stat", "duration_ms": 2.77, "correlation_id": "dfba22d4-5f52-4155-8550-a26cf2c3898e"}
{"timestamp": "2026-06-05 20:10:13,383", "level": "INFO", "logger_name": "django.server", "message": "\"GET /api/topics/6/vote/stat/ HTTP/1.1\" 200 97"}
{"timestamp": "2026-06-05 20:10:23,379", "level": "INFO", "logger_name": "core.api", "message": "API Request Started: GET /api/topics/6/vote/stat/", "request_id": "0a2b30c9-87ce-492b-83af-af812ef20e59", "user_id": null, "api_id": "topic_api-get_vote_stat", "correlation_id": "0a2b30c9-87ce-492b-83af-af812ef20e59"}
{"timestamp": "2026-06-05 20:10:23,382", "level": "INFO", "logger_name": "core.api", "message": "API Response Completed: 200", "request_id": "0a2b30c9-87ce-492b-83af-af812ef20e59", "user_id": null, "api_id": "topic_api-get_vote_stat", "duration_ms": 3.1, "correlation_id": "0a2b30c9-87ce-492b-83af-af812ef20e59"}
{"timestamp": "2026-06-05 20:10:23,382", "level": "INFO", "logger_name": "django.server", "message": "\"GET /api/topics/6/vote/stat/ HTTP/1.1\" 200 97"}
{"timestamp": "2026-06-05 20:10:33,365", "level": "INFO", "logger_name": "core.api", "message": "API Request Started: GET /api/topics/6/vote/stat/", "request_id": "eb893c11-1a9b-4c9e-8924-d19914a16667", "user_id": null, "api_id": "topic_api-get_vote_stat", "correlation_id": "eb893c11-1a9b-4c9e-8924-d19914a16667"}
{"timestamp": "2026-06-05 20:10:33,368", "level": "INFO", "logger_name": "core.api", "message": "API Response Completed: 200", "request_id": "eb893c11-1a9b-4c9e-8924-d19914a16667", "user_id": null, "api_id": "topic_api-get_vote_stat", "duration_ms": 2.74, "correlation_id": "eb893c11-1a9b-4c9e-8924-d19914a16667"}
{"timestamp": "2026-06-05 20:10:33,368", "level": "INFO", "logger_name": "django.server", "message": "\"GET /api/topics/6/vote/stat/ HTTP/1.1\" 200 97"}
{"timestamp": "2026-06-05 20:10:43,387", "level": "INFO", "logger_name": "core.api", "message": "API Request Started: GET /api/topics/6/vote/stat/", "request_id": "6eecbdf3-735f-44be-8730-5ed244855e7f", "user_id": null, "api_id": "topic_api-get_vote_stat", "correlation_id": "6eecbdf3-735f-44be-8730-5ed244855e7f"}
{"timestamp": "2026-06-05 20:10:43,390", "level": "INFO", "logger_name": "core.api", "message": "API Response Completed: 200", "request_id": "6eecbdf3-735f-44be-8730-5ed244855e7f", "user_id": null, "api_id": "topic_api-get_vote_stat", "duration_ms": 2.68, "correlation_id": "6eecbdf3-735f-44be-8730-5ed244855e7f"}
{"timestamp": "2026-06-05 20:10:43,390", "level": "INFO", "logger_name": "django.server", "message": "\"GET /api/topics/6/vote/stat/ HTTP/1.1\" 200 97"}
{"timestamp": "2026-06-05 20:10:53,386", "level": "INFO", "logger_name": "core.api", "message": "API Request Started: GET /api/topics/6/vote/stat/", "request_id": "cd2da09f-8a80-4a56-8e75-3d71ab639e8b", "user_id": null, "api_id": "topic_api-get_vote_stat", "correlation_id": "cd2da09f-8a80-4a56-8e75-3d71ab639e8b"}
{"timestamp": "2026-06-05 20:10:53,389", "level": "INFO", "logger_name": "core.api", "message": "API Response Completed: 200", "request_id": "cd2da09f-8a80-4a56-8e75-3d71ab639e8b", "user_id": null, "api_id": "topic_api-get_vote_stat", "duration_ms": 2.94, "correlation_id": "cd2da09f-8a80-4a56-8e75-3d71ab639e8b"}
{"timestamp": "2026-06-05 20:10:53,390", "level": "INFO", "logger_name": "django.server", "message": "\"GET /api/topics/6/vote/stat/ HTTP/1.1\" 200 97"}
{"timestamp": "2026-06-05 20:11:02,045", "level": "INFO", "logger_name": "core.api", "message": "API Request Started: GET /api/students/info", "request_id": "37755c34-58b9-4c9f-8986-2d812f7dfbfb", "user_id": null, "api_id": "auth-view", "correlation_id": "37755c34-58b9-4c9f-8986-2d812f7dfbfb"}
{"timestamp": "2026-06-05 20:11:02,045", "level": "INFO", "logger_name": "core.api.auth", "message": "=== [API CALL] GET /students/info ==="}
{"timestamp": "2026-06-05 20:11:02,048", "level": "INFO", "logger_name": "core.api", "message": "API Response Completed: 200", "request_id": "37755c34-58b9-4c9f-8986-2d812f7dfbfb", "user_id": null, "api_id": "auth-view", "duration_ms": 3.09, "correlation_id": "37755c34-58b9-4c9f-8986-2d812f7dfbfb"}
{"timestamp": "2026-06-05 20:11:02,048", "level": "INFO", "logger_name": "django.server", "message": "\"GET /api/students/info HTTP/1.1\" 200 256"}
{"timestamp": "2026-06-05 20:11:03,403", "level": "INFO", "logger_name": "core.api", "message": "API Request Started: GET /api/topics/6/vote/stat/", "request_id": "e1af8963-b86c-4aef-b8d8-ea934e40db5c", "user_id": null, "api_id": "topic_api-get_vote_stat", "correlation_id": "e1af8963-b86c-4aef-b8d8-ea934e40db5c"}
{"timestamp": "2026-06-05 20:11:03,406", "level": "INFO", "logger_name": "core.api", "message": "API Response Completed: 200", "request_id": "e1af8963-b86c-4aef-b8d8-ea934e40db5c", "user_id": null, "api_id": "topic_api-get_vote_stat", "duration_ms": 2.67, "correlation_id": "e1af8963-b86c-4aef-b8d8-ea934e40db5c"}
{"timestamp": "2026-06-05 20:11:03,406", "level": "INFO", "logger_name": "django.server", "message": "\"GET /api/topics/6/vote/stat/ HTTP/1.1\" 200 97"}
{"timestamp": "2026-06-05 20:11:13,389", "level": "INFO", "logger_name": "core.api", "message": "API Request Started: GET /api/topics/6/vote/stat/", "request_id": "49ce1d49-7be7-4509-99c1-f9dda13c375f", "user_id": null, "api_id": "topic_api-get_vote_stat", "correlation_id": "49ce1d49-7be7-4509-99c1-f9dda13c375f"}
{"timestamp": "2026-06-05 20:11:13,392", "level": "INFO", "logger_name": "core.api", "message": "API Response Completed: 200", "request_id": "49ce1d49-7be7-4509-99c1-f9dda13c375f", "user_id": null, "api_id": "topic_api-get_vote_stat", "duration_ms": 3.06, "correlation_id": "49ce1d49-7be7-4509-99c1-f9dda13c375f"}
{"timestamp": "2026-06-05 20:11:13,393", "level": "INFO", "logger_name": "django.server", "message": "\"GET /api/topics/6/vote/stat/ HTTP/1.1\" 200 97"}
{"timestamp": "2026-06-05 20:11:23,392", "level": "INFO", "logger_name": "core.api", "message": "API Request Started: GET /api/topics/6/vote/stat/", "request_id": "2c55e070-788d-48b5-8498-515690d5787c", "user_id": null, "api_id": "topic_api-get_vote_stat", "correlation_id": "2c55e070-788d-48b5-8498-515690d5787c"}
{"timestamp": "2026-06-05 20:11:23,396", "level": "INFO", "logger_name": "core.api", "message": "API Response Completed: 200", "request_id": "2c55e070-788d-48b5-8498-515690d5787c", "user_id": null, "api_id": "topic_api-get_vote_stat", "duration_ms": 3.24, "correlation_id": "2c55e070-788d-48b5-8498-515690d5787c"}
{"timestamp": "2026-06-05 20:11:23,396", "level": "INFO", "logger_name": "django.server", "message": "\"GET /api/topics/6/vote/stat/ HTTP/1.1\" 200 97"}
{"timestamp": "2026-06-05 20:11:33,372", "level": "INFO", "logger_name": "core.api", "message": "API Request Started: GET /api/topics/6/vote/stat/", "request_id": "ce226b4b-fcde-44e7-be74-8e1b36079db7", "user_id": null, "api_id": "topic_api-get_vote_stat", "correlation_id": "ce226b4b-fcde-44e7-be74-8e1b36079db7"}
{"timestamp": "2026-06-05 20:11:33,375", "level": "INFO", "logger_name": "core.api", "message": "API Response Completed: 200", "request_id": "ce226b4b-fcde-44e7-be74-8e1b36079db7", "user_id": null, "api_id": "topic_api-get_vote_stat", "duration_ms": 2.74, "correlation_id": "ce226b4b-fcde-44e7-be74-8e1b36079db7"}
{"timestamp": "2026-06-05 20:11:33,375", "level": "INFO", "logger_name": "django.server", "message": "\"GET /api/topics/6/vote/stat/ HTTP/1.1\" 200 97"}
{"timestamp": "2026-06-05 20:11:43,373", "level": "INFO", "logger_name": "core.api", "message": "API Request Started: GET /api/topics/6/vote/stat/", "request_id": "a1c77c44-048b-4edb-8763-fdc35fc8e04e", "user_id": null, "api_id": "topic_api-get_vote_stat", "correlation_id": "a1c77c44-048b-4edb-8763-fdc35fc8e04e"}
{"timestamp": "2026-06-05 20:11:43,376", "level": "INFO", "logger_name": "core.api", "message": "API Response Completed: 200", "request_id": "a1c77c44-048b-4edb-8763-fdc35fc8e04e", "user_id": null, "api_id": "topic_api-get_vote_stat", "duration_ms": 3.07, "correlation_id": "a1c77c44-048b-4edb-8763-fdc35fc8e04e"}
{"timestamp": "2026-06-05 20:11:43,377", "level": "INFO", "logger_name": "django.server", "message": "\"GET /api/topics/6/vote/stat/ HTTP/1.1\" 200 97"}
{"timestamp": "2026-06-05 20:11:53,423", "level": "INFO", "logger_name": "core.api", "message": "API Request Started: GET /api/topics/6/vote/stat/", "request_id": "17250bb3-8755-4676-9da5-88a97111ff4c", "user_id": null, "api_id": "topic_api-get_vote_stat", "correlation_id": "17250bb3-8755-4676-9da5-88a97111ff4c"}
{"timestamp": "2026-06-05 20:11:53,427", "level": "INFO", "logger_name": "core.api", "message": "API Response Completed: 200", "request_id": "17250bb3-8755-4676-9da5-88a97111ff4c", "user_id": null, "api_id": "topic_api-get_vote_stat", "duration_ms": 4.34, "correlation_id": "17250bb3-8755-4676-9da5-88a97111ff4c"}
{"timestamp": "2026-06-05 20:11:53,428", "level": "INFO", "logger_name": "django.server", "message": "\"GET /api/topics/6/vote/stat/ HTTP/1.1\" 200 97"}
{"timestamp": "2026-06-05 20:12:03,364", "level": "INFO", "logger_name": "core.api", "message": "API Request Started: GET /api/topics/6/vote/stat/", "request_id": "cf7ef744-9b3c-4e1d-b6b4-f7b01498a7af", "user_id": null, "api_id": "topic_api-get_vote_stat", "correlation_id": "cf7ef744-9b3c-4e1d-b6b4-f7b01498a7af"}
{"timestamp": "2026-06-05 20:12:03,367", "level": "INFO", "logger_name": "core.api", "message": "API Response Completed: 200", "request_id": "cf7ef744-9b3c-4e1d-b6b4-f7b01498a7af", "user_id": null, "api_id": "topic_api-get_vote_stat", "duration_ms": 2.79, "correlation_id": "cf7ef744-9b3c-4e1d-b6b4-f7b01498a7af"}
{"timestamp": "2026-06-05 20:12:03,368", "level": "INFO", "logger_name": "django.server", "message": "\"GET /api/topics/6/vote/stat/ HTTP/1.1\" 200 97"}
{"timestamp": "2026-06-05 20:12:13,370", "level": "INFO", "logger_name": "core.api", "message": "API Request Started: GET /api/topics/6/vote/stat/", "request_id": "26dc1e36-6ee4-460a-833d-555f4f16376d", "user_id": null, "api_id": "topic_api-get_vote_stat", "correlation_id": "26dc1e36-6ee4-460a-833d-555f4f16376d"}
{"timestamp": "2026-06-05 20:12:13,372", "level": "INFO", "logger_name": "core.api", "message": "API Response Completed: 200", "request_id": "26dc1e36-6ee4-460a-833d-555f4f16376d", "user_id": null, "api_id": "topic_api-get_vote_stat", "duration_ms": 2.71, "correlation_id": "26dc1e36-6ee4-460a-833d-555f4f16376d"}
{"timestamp": "2026-06-05 20:12:13,373", "level": "INFO", "logger_name": "django.server", "message": "\"GET /api/topics/6/vote/stat/ HTTP/1.1\" 200 97"}
{"timestamp": "2026-06-05 20:12:23,385", "level": "INFO", "logger_name": "core.api", "message": "API Request Started: GET /api/topics/6/vote/stat/", "request_id": "02dcdbd5-0e7c-4002-ba4e-e633e7eca697", "user_id": null, "api_id": "topic_api-get_vote_stat", "correlation_id": "02dcdbd5-0e7c-4002-ba4e-e633e7eca697"}
{"timestamp": "2026-06-05 20:12:23,388", "level": "INFO", "logger_name": "core.api", "message": "API Response Completed: 200", "request_id": "02dcdbd5-0e7c-4002-ba4e-e633e7eca697", "user_id": null, "api_id": "topic_api-get_vote_stat", "duration_ms": 3.05, "correlation_id": "02dcdbd5-0e7c-4002-ba4e-e633e7eca697"}
{"timestamp": "2026-06-05 20:12:23,388", "level": "INFO", "logger_name": "django.server", "message": "\"GET /api/topics/6/vote/stat/ HTTP/1.1\" 200 97"}
{"timestamp": "2026-06-05 20:12:33,358", "level": "INFO", "logger_name": "core.api", "message": "API Request Started: GET /api/topics/6/vote/stat/", "request_id": "5d217a56-8294-48f0-91c9-dc4ee98da8ae", "user_id": null, "api_id": "topic_api-get_vote_stat", "correlation_id": "5d217a56-8294-48f0-91c9-dc4ee98da8ae"}
{"timestamp": "2026-06-05 20:12:33,361", "level": "INFO", "logger_name": "core.api", "message": "API Response Completed: 200", "request_id": "5d217a56-8294-48f0-91c9-dc4ee98da8ae", "user_id": null, "api_id": "topic_api-get_vote_stat", "duration_ms": 2.98, "correlation_id": "5d217a56-8294-48f0-91c9-dc4ee98da8ae"}
{"timestamp": "2026-06-05 20:12:33,361", "level": "INFO", "logger_name": "django.server", "message": "\"GET /api/topics/6/vote/stat/ HTTP/1.1\" 200 97"}
{"timestamp": "2026-06-05 20:12:34,485", "level": "INFO", "logger_name": "core.api", "message": "API Request Started: GET /api/students/info", "request_id": "0539f588-b507-48c3-94ea-15aa4fd6c5cd", "user_id": null, "api_id": "auth-view", "correlation_id": "0539f588-b507-48c3-94ea-15aa4fd6c5cd"}
{"timestamp": "2026-06-05 20:12:34,485", "level": "INFO", "logger_name": "core.api.auth", "message": "=== [API CALL] GET /students/info ==="}
{"timestamp": "2026-06-05 20:12:34,487", "level": "INFO", "logger_name": "core.api", "message": "API Response Completed: 200", "request_id": "0539f588-b507-48c3-94ea-15aa4fd6c5cd", "user_id": null, "api_id": "auth-view", "duration_ms": 2.47, "correlation_id": "0539f588-b507-48c3-94ea-15aa4fd6c5cd"}
{"timestamp": "2026-06-05 20:12:34,487", "level": "INFO", "logger_name": "django.server", "message": "\"GET /api/students/info HTTP/1.1\" 200 256"}
{"timestamp": "2026-06-05 20:12:39,502", "level": "INFO", "logger_name": "core.api", "message": "API Request Started: GET /api/students/info", "request_id": "df516c8d-f32b-456c-8db1-3a4f2603ce8a", "user_id": null, "api_id": "auth-view", "correlation_id": "df516c8d-f32b-456c-8db1-3a4f2603ce8a"}
{"timestamp": "2026-06-05 20:12:39,502", "level": "INFO", "logger_name": "core.api.auth", "message": "=== [API CALL] GET /students/info ==="}
{"timestamp": "2026-06-05 20:12:39,504", "level": "INFO", "logger_name": "core.api", "message": "API Response Completed: 200", "request_id": "df516c8d-f32b-456c-8db1-3a4f2603ce8a", "user_id": null, "api_id": "auth-view", "duration_ms": 2.05, "correlation_id": "df516c8d-f32b-456c-8db1-3a4f2603ce8a"}
{"timestamp": "2026-06-05 20:12:39,504", "level": "INFO", "logger_name": "django.server", "message": "\"GET /api/students/info HTTP/1.1\" 200 256"}
{"timestamp": "2026-06-05 20:12:40,364", "level": "INFO", "logger_name": "core.api", "message": "API Request Started: GET /api/students/info", "request_id": "9cadc043-e3a5-4139-99e0-07f35bac4b63", "user_id": null, "api_id": "auth-view", "correlation_id": "9cadc043-e3a5-4139-99e0-07f35bac4b63"}
{"timestamp": "2026-06-05 20:12:40,364", "level": "INFO", "logger_name": "core.api.auth", "message": "=== [API CALL] GET /students/info ==="}
{"timestamp": "2026-06-05 20:12:40,366", "level": "INFO", "logger_name": "core.api", "message": "API Response Completed: 200", "request_id": "9cadc043-e3a5-4139-99e0-07f35bac4b63", "user_id": null, "api_id": "auth-view", "duration_ms": 2.1, "correlation_id": "9cadc043-e3a5-4139-99e0-07f35bac4b63"}
{"timestamp": "2026-06-05 20:12:40,366", "level": "INFO", "logger_name": "django.server", "message": "\"GET /api/students/info HTTP/1.1\" 200 256"}
{"timestamp": "2026-06-05 20:12:43,395", "level": "INFO", "logger_name": "core.api", "message": "API Request Started: GET /api/topics/6/vote/stat/", "request_id": "4477b22d-8f5b-4643-86fe-e496efb7750c", "user_id": null, "api_id": "topic_api-get_vote_stat", "correlation_id": "4477b22d-8f5b-4643-86fe-e496efb7750c"}
{"timestamp": "2026-06-05 20:12:43,397", "level": "INFO", "logger_name": "core.api", "message": "API Response Completed: 200", "request_id": "4477b22d-8f5b-4643-86fe-e496efb7750c", "user_id": null, "api_id": "topic_api-get_vote_stat", "duration_ms": 2.68, "correlation_id": "4477b22d-8f5b-4643-86fe-e496efb7750c"}
{"timestamp": "2026-06-05 20:12:43,398", "level": "INFO", "logger_name": "django.server", "message": "\"GET /api/topics/6/vote/stat/ HTTP/1.1\" 200 97"}
{"timestamp": "2026-06-05 20:12:53,422", "level": "INFO", "logger_name": "core.api", "message": "API Request Started: GET /api/topics/6/vote/stat/", "request_id": "9180c2d3-a5d9-4594-9210-770dcad4b050", "user_id": null, "api_id": "topic_api-get_vote_stat", "correlation_id": "9180c2d3-a5d9-4594-9210-770dcad4b050"}
{"timestamp": "2026-06-05 20:12:53,425", "level": "INFO", "logger_name": "core.api", "message": "API Response Completed: 200", "request_id": "9180c2d3-a5d9-4594-9210-770dcad4b050", "user_id": null, "api_id": "topic_api-get_vote_stat", "duration_ms": 3.13, "correlation_id": "9180c2d3-a5d9-4594-9210-770dcad4b050"}
{"timestamp": "2026-06-05 20:12:53,425", "level": "INFO", "logger_name": "django.server", "message": "\"GET /api/topics/6/vote/stat/ HTTP/1.1\" 200 97"}
{"timestamp": "2026-06-05 20:13:03,375", "level": "INFO", "logger_name": "core.api", "message": "API Request Started: GET /api/topics/6/vote/stat/", "request_id": "f8faacb1-ec76-4444-9d9d-0aba62c83085", "user_id": null, "api_id": "topic_api-get_vote_stat", "correlation_id": "f8faacb1-ec76-4444-9d9d-0aba62c83085"}
{"timestamp": "2026-06-05 20:13:03,377", "level": "INFO", "logger_name": "core.api", "message": "API Response Completed: 200", "request_id": "f8faacb1-ec76-4444-9d9d-0aba62c83085", "user_id": null, "api_id": "topic_api-get_vote_stat", "duration_ms": 2.78, "correlation_id": "f8faacb1-ec76-4444-9d9d-0aba62c83085"}
{"timestamp": "2026-06-05 20:13:03,378", "level": "INFO", "logger_name": "django.server", "message": "\"GET /api/topics/6/vote/stat/ HTTP/1.1\" 200 97"}
{"timestamp": "2026-06-05 20:13:08,075", "level": "INFO", "logger_name": "core.api", "message": "API Request Started: GET /api/students/info", "request_id": "a9ea1028-0850-404d-bfac-ff631dec2d99", "user_id": null, "api_id": "auth-view", "correlation_id": "a9ea1028-0850-404d-bfac-ff631dec2d99"}
{"timestamp": "2026-06-05 20:13:08,076", "level": "INFO", "logger_name": "core.api.auth", "message": "=== [API CALL] GET /students/info ==="}
{"timestamp": "2026-06-05 20:13:08,077", "level": "INFO", "logger_name": "core.api", "message": "API Response Completed: 200", "request_id": "a9ea1028-0850-404d-bfac-ff631dec2d99", "user_id": null, "api_id": "auth-view", "duration_ms": 2.25, "correlation_id": "a9ea1028-0850-404d-bfac-ff631dec2d99"}
{"timestamp": "2026-06-05 20:13:08,078", "level": "INFO", "logger_name": "django.server", "message": "\"GET /api/students/info HTTP/1.1\" 200 256"}
{"timestamp": "2026-06-05 20:13:13,390", "level": "INFO", "logger_name": "core.api", "message": "API Request Started: GET /api/topics/6/vote/stat/", "request_id": "386b0cf5-ab3a-4292-a712-eaa2dd2ed733", "user_id": null, "api_id": "topic_api-get_vote_stat", "correlation_id": "386b0cf5-ab3a-4292-a712-eaa2dd2ed733"}
{"timestamp": "2026-06-05 20:13:13,394", "level": "INFO", "logger_name": "core.api", "message": "API Response Completed: 200", "request_id": "386b0cf5-ab3a-4292-a712-eaa2dd2ed733", "user_id": null, "api_id": "topic_api-get_vote_stat", "duration_ms": 3.69, "correlation_id": "386b0cf5-ab3a-4292-a712-eaa2dd2ed733"}
{"timestamp": "2026-06-05 20:13:13,394", "level": "INFO", "logger_name": "django.server", "message": "\"GET /api/topics/6/vote/stat/ HTTP/1.1\" 200 97"}
{"timestamp": "2026-06-05 20:13:21,151", "level": "INFO", "logger_name": "core.api", "message": "API Request Started: GET /api/students/info", "request_id": "3d02e487-9d14-4f11-9d77-7291f7b767e6", "user_id": null, "api_id": "auth-view", "correlation_id": "3d02e487-9d14-4f11-9d77-7291f7b767e6"}
{"timestamp": "2026-06-05 20:13:21,151", "level": "INFO", "logger_name": "core.api.auth", "message": "=== [API CALL] GET /students/info ==="}
{"timestamp": "2026-06-05 20:13:21,153", "level": "INFO", "logger_name": "core.api", "message": "API Response Completed: 200", "request_id": "3d02e487-9d14-4f11-9d77-7291f7b767e6", "user_id": null, "api_id": "auth-view", "duration_ms": 2.1, "correlation_id": "3d02e487-9d14-4f11-9d77-7291f7b767e6"}
{"timestamp": "2026-06-05 20:13:21,153", "level": "INFO", "logger_name": "django.server", "message": "\"GET /api/students/info HTTP/1.1\" 200 256"}
{"timestamp": "2026-06-05 20:13:23,387", "level": "INFO", "logger_name": "core.api", "message": "API Request Started: GET /api/topics/6/vote/stat/", "request_id": "f46df7f4-b4db-44cb-89a7-03bf2ed6d08c", "user_id": null, "api_id": "topic_api-get_vote_stat", "correlation_id": "f46df7f4-b4db-44cb-89a7-03bf2ed6d08c"}
{"timestamp": "2026-06-05 20:13:23,389", "level": "INFO", "logger_name": "core.api", "message": "API Response Completed: 200", "request_id": "f46df7f4-b4db-44cb-89a7-03bf2ed6d08c", "user_id": null, "api_id": "topic_api-get_vote_stat", "duration_ms": 2.98, "correlation_id": "f46df7f4-b4db-44cb-89a7-03bf2ed6d08c"}
{"timestamp": "2026-06-05 20:13:23,390", "level": "INFO", "logger_name": "django.server", "message": "\"GET /api/topics/6/vote/stat/ HTTP/1.1\" 200 97"}
{"timestamp": "2026-06-05 20:13:33,413", "level": "INFO", "logger_name": "core.api", "message": "API Request Started: GET /api/topics/6/vote/stat/", "request_id": "126ac19b-34e6-4b4e-8c7d-ff9918b90971", "user_id": null, "api_id": "topic_api-get_vote_stat", "correlation_id": "126ac19b-34e6-4b4e-8c7d-ff9918b90971"}
{"timestamp": "2026-06-05 20:13:33,416", "level": "INFO", "logger_name": "core.api", "message": "API Response Completed: 200", "request_id": "126ac19b-34e6-4b4e-8c7d-ff9918b90971", "user_id": null, "api_id": "topic_api-get_vote_stat", "duration_ms": 2.93, "correlation_id": "126ac19b-34e6-4b4e-8c7d-ff9918b90971"}
{"timestamp": "2026-06-05 20:13:33,416", "level": "INFO", "logger_name": "django.server", "message": "\"GET /api/topics/6/vote/stat/ HTTP/1.1\" 200 97"}
{"timestamp": "2026-06-05 20:13:43,388", "level": "INFO", "logger_name": "core.api", "message": "API Request Started: GET /api/topics/6/vote/stat/", "request_id": "82c3740f-a446-4b0d-a220-cfece8504be4", "user_id": null, "api_id": "topic_api-get_vote_stat", "correlation_id": "82c3740f-a446-4b0d-a220-cfece8504be4"}
{"timestamp": "2026-06-05 20:13:43,391", "level": "INFO", "logger_name": "core.api", "message": "API Response Completed: 200", "request_id": "82c3740f-a446-4b0d-a220-cfece8504be4", "user_id": null, "api_id": "topic_api-get_vote_stat", "duration_ms": 2.83, "correlation_id": "82c3740f-a446-4b0d-a220-cfece8504be4"}
{"timestamp": "2026-06-05 20:13:43,391", "level": "INFO", "logger_name": "django.server", "message": "\"GET /api/topics/6/vote/stat/ HTTP/1.1\" 200 97"}
{"timestamp": "2026-06-05 20:13:53,383", "level": "INFO", "logger_name": "core.api", "message": "API Request Started: GET /api/topics/6/vote/stat/", "request_id": "da83f58c-04f8-4847-a577-5e4ab1c7da0e", "user_id": null, "api_id": "topic_api-get_vote_stat", "correlation_id": "da83f58c-04f8-4847-a577-5e4ab1c7da0e"}
{"timestamp": "2026-06-05 20:13:53,386", "level": "INFO", "logger_name": "core.api", "message": "API Response Completed: 200", "request_id": "da83f58c-04f8-4847-a577-5e4ab1c7da0e", "user_id": null, "api_id": "topic_api-get_vote_stat", "duration_ms": 3.2, "correlation_id": "da83f58c-04f8-4847-a577-5e4ab1c7da0e"}
{"timestamp": "2026-06-05 20:13:53,386", "level": "INFO", "logger_name": "django.server", "message": "\"GET /api/topics/6/vote/stat/ HTTP/1.1\" 200 97"}
{"timestamp": "2026-06-05 20:13:58,252", "level": "INFO", "logger_name": "core.api", "message": "API Request Started: GET /api/students/info", "request_id": "cc9d0520-f30e-4169-9987-5672470e2618", "user_id": null, "api_id": "auth-view", "correlation_id": "cc9d0520-f30e-4169-9987-5672470e2618"}
{"timestamp": "2026-06-05 20:13:58,252", "level": "INFO", "logger_name": "core.api.auth", "message": "=== [API CALL] GET /students/info ==="}
{"timestamp": "2026-06-05 20:13:58,254", "level": "INFO", "logger_name": "core.api", "message": "API Response Completed: 200", "request_id": "cc9d0520-f30e-4169-9987-5672470e2618", "user_id": null, "api_id": "auth-view", "duration_ms": 2.27, "correlation_id": "cc9d0520-f30e-4169-9987-5672470e2618"}
{"timestamp": "2026-06-05 20:13:58,255", "level": "INFO", "logger_name": "django.server", "message": "\"GET /api/students/info HTTP/1.1\" 200 256"}
{"timestamp": "2026-06-05 20:14:03,410", "level": "INFO", "logger_name": "core.api", "message": "API Request Started: GET /api/topics/6/vote/stat/", "request_id": "408d5267-682c-4ac9-af88-67d1f116e364", "user_id": null, "api_id": "topic_api-get_vote_stat", "correlation_id": "408d5267-682c-4ac9-af88-67d1f116e364"}
{"timestamp": "2026-06-05 20:14:03,413", "level": "INFO", "logger_name": "core.api", "message": "API Response Completed: 200", "request_id": "408d5267-682c-4ac9-af88-67d1f116e364", "user_id": null, "api_id": "topic_api-get_vote_stat", "duration_ms": 2.84, "correlation_id": "408d5267-682c-4ac9-af88-67d1f116e364"}
{"timestamp": "2026-06-05 20:14:03,413", "level": "INFO", "logger_name": "django.server", "message": "\"GET /api/topics/6/vote/stat/ HTTP/1.1\" 200 97"}
{"timestamp": "2026-06-05 20:14:13,414", "level": "INFO", "logger_name": "core.api", "message": "API Request Started: GET /api/topics/6/vote/stat/", "request_id": "d5068319-a49a-425b-b918-ebe5c92e4c77", "user_id": null, "api_id": "topic_api-get_vote_stat", "correlation_id": "d5068319-a49a-425b-b918-ebe5c92e4c77"}
{"timestamp": "2026-06-05 20:14:13,416", "level": "INFO", "logger_name": "core.api", "message": "API Response Completed: 200", "request_id": "d5068319-a49a-425b-b918-ebe5c92e4c77", "user_id": null, "api_id": "topic_api-get_vote_stat", "duration_ms": 2.86, "correlation_id": "d5068319-a49a-425b-b918-ebe5c92e4c77"}
{"timestamp": "2026-06-05 20:14:13,417", "level": "INFO", "logger_name": "django.server", "message": "\"GET /api/topics/6/vote/stat/ HTTP/1.1\" 200 97"}
{"timestamp": "2026-06-05 20:14:16,087", "level": "INFO", "logger_name": "core.api", "message": "API Request Started: GET /api/students/info", "request_id": "2dd6d617-f754-4ee2-8152-ec49dfca75f7", "user_id": null, "api_id": "auth-view", "correlation_id": "2dd6d617-f754-4ee2-8152-ec49dfca75f7"}
{"timestamp": "2026-06-05 20:14:16,087", "level": "INFO", "logger_name": "core.api.auth", "message": "=== [API CALL] GET /students/info ==="}
{"timestamp": "2026-06-05 20:14:16,089", "level": "INFO", "logger_name": "core.api", "message": "API Response Completed: 200", "request_id": "2dd6d617-f754-4ee2-8152-ec49dfca75f7", "user_id": null, "api_id": "auth-view", "duration_ms": 2.29, "correlation_id": "2dd6d617-f754-4ee2-8152-ec49dfca75f7"}
{"timestamp": "2026-06-05 20:14:16,089", "level": "INFO", "logger_name": "django.server", "message": "\"GET /api/students/info HTTP/1.1\" 200 256"}
{"timestamp": "2026-06-05 20:14:23,417", "level": "INFO", "logger_name": "core.api", "message": "API Request Started: GET /api/topics/6/vote/stat/", "request_id": "32a3392c-0b19-40c7-ab87-68cf3690bc24", "user_id": null, "api_id": "topic_api-get_vote_stat", "correlation_id": "32a3392c-0b19-40c7-ab87-68cf3690bc24"}
{"timestamp": "2026-06-05 20:14:23,420", "level": "INFO", "logger_name": "core.api", "message": "API Response Completed: 200", "request_id": "32a3392c-0b19-40c7-ab87-68cf3690bc24", "user_id": null, "api_id": "topic_api-get_vote_stat", "duration_ms": 2.86, "correlation_id": "32a3392c-0b19-40c7-ab87-68cf3690bc24"}
{"timestamp": "2026-06-05 20:14:23,420", "level": "INFO", "logger_name": "django.server", "message": "\"GET /api/topics/6/vote/stat/ HTTP/1.1\" 200 97"}
{"timestamp": "2026-06-05 20:14:33,396", "level": "INFO", "logger_name": "core.api", "message": "API Request Started: GET /api/topics/6/vote/stat/", "request_id": "06f8a8fe-c636-4caa-ba39-79c35f1ef6f1", "user_id": null, "api_id": "topic_api-get_vote_stat", "correlation_id": "06f8a8fe-c636-4caa-ba39-79c35f1ef6f1"}
{"timestamp": "2026-06-05 20:14:33,400", "level": "INFO", "logger_name": "core.api", "message": "API Response Completed: 200", "request_id": "06f8a8fe-c636-4caa-ba39-79c35f1ef6f1", "user_id": null, "api_id": "topic_api-get_vote_stat", "duration_ms": 4.31, "correlation_id": "06f8a8fe-c636-4caa-ba39-79c35f1ef6f1"}
{"timestamp": "2026-06-05 20:14:33,400", "level": "INFO", "logger_name": "django.server", "message": "\"GET /api/topics/6/vote/stat/ HTTP/1.1\" 200 97"}
{"timestamp": "2026-06-05 20:14:43,389", "level": "INFO", "logger_name": "core.api", "message": "API Request Started: GET /api/topics/6/vote/stat/", "request_id": "305722ff-0fbe-41fc-9be7-ddfec50c3f99", "user_id": null, "api_id": "topic_api-get_vote_stat", "correlation_id": "305722ff-0fbe-41fc-9be7-ddfec50c3f99"}
{"timestamp": "2026-06-05 20:14:43,392", "level": "INFO", "logger_name": "core.api", "message": "API Response Completed: 200", "request_id": "305722ff-0fbe-41fc-9be7-ddfec50c3f99", "user_id": null, "api_id": "topic_api-get_vote_stat", "duration_ms": 2.86, "correlation_id": "305722ff-0fbe-41fc-9be7-ddfec50c3f99"}
{"timestamp": "2026-06-05 20:14:43,392", "level": "INFO", "logger_name": "django.server", "message": "\"GET /api/topics/6/vote/stat/ HTTP/1.1\" 200 97"}
{"timestamp": "2026-06-05 20:14:53,441", "level": "INFO", "logger_name": "core.api", "message": "API Request Started: GET /api/topics/6/vote/stat/", "request_id": "7e2533bb-6df4-4f90-bcf2-68ded6827d2c", "user_id": null, "api_id": "topic_api-get_vote_stat", "correlation_id": "7e2533bb-6df4-4f90-bcf2-68ded6827d2c"}
{"timestamp": "2026-06-05 20:14:53,444", "level": "INFO", "logger_name": "core.api", "message": "API Response Completed: 200", "request_id": "7e2533bb-6df4-4f90-bcf2-68ded6827d2c", "user_id": null, "api_id": "topic_api-get_vote_stat", "duration_ms": 2.94, "correlation_id": "7e2533bb-6df4-4f90-bcf2-68ded6827d2c"}
{"timestamp": "2026-06-05 20:14:53,444", "level": "INFO", "logger_name": "django.server", "message": "\"GET /api/topics/6/vote/stat/ HTTP/1.1\" 200 97"}
{"timestamp": "2026-06-05 20:15:03,388", "level": "INFO", "logger_name": "core.api", "message": "API Request Started: GET /api/topics/6/vote/stat/", "request_id": "1e7082b9-f1f9-471a-b7c4-e0448287dfcf", "user_id": null, "api_id": "topic_api-get_vote_stat", "correlation_id": "1e7082b9-f1f9-471a-b7c4-e0448287dfcf"}
{"timestamp": "2026-06-05 20:15:03,391", "level": "INFO", "logger_name": "core.api", "message": "API Response Completed: 200", "request_id": "1e7082b9-f1f9-471a-b7c4-e0448287dfcf", "user_id": null, "api_id": "topic_api-get_vote_stat", "duration_ms": 3.04, "correlation_id": "1e7082b9-f1f9-471a-b7c4-e0448287dfcf"}
{"timestamp": "2026-06-05 20:15:03,391", "level": "INFO", "logger_name": "django.server", "message": "\"GET /api/topics/6/vote/stat/ HTTP/1.1\" 200 97"}
{"timestamp": "2026-06-05 20:15:13,383", "level": "INFO", "logger_name": "core.api", "message": "API Request Started: GET /api/topics/6/vote/stat/", "request_id": "325a9b3d-e10d-42f3-9d8a-7677aeefbcd8", "user_id": null, "api_id": "topic_api-get_vote_stat", "correlation_id": "325a9b3d-e10d-42f3-9d8a-7677aeefbcd8"}
{"timestamp": "2026-06-05 20:15:13,385", "level": "INFO", "logger_name": "core.api", "message": "API Response Completed: 200", "request_id": "325a9b3d-e10d-42f3-9d8a-7677aeefbcd8", "user_id": null, "api_id": "topic_api-get_vote_stat", "duration_ms": 2.61, "correlation_id": "325a9b3d-e10d-42f3-9d8a-7677aeefbcd8"}
{"timestamp": "2026-06-05 20:15:13,385", "level": "INFO", "logger_name": "django.server", "message": "\"GET /api/topics/6/vote/stat/ HTTP/1.1\" 200 97"}
{"timestamp": "2026-06-05 20:15:43,984", "level": "INFO", "logger_name": "core.api", "message": "API Request Started: GET /api/students/info", "request_id": "d62bb14e-2286-4b76-8088-d35723063402", "user_id": null, "api_id": "auth-view", "correlation_id": "d62bb14e-2286-4b76-8088-d35723063402"}
{"timestamp": "2026-06-05 20:15:43,984", "level": "INFO", "logger_name": "core.api.auth", "message": "=== [API CALL] GET /students/info ==="}
{"timestamp": "2026-06-05 20:15:43,986", "level": "INFO", "logger_name": "core.api", "message": "API Response Completed: 200", "request_id": "d62bb14e-2286-4b76-8088-d35723063402", "user_id": null, "api_id": "auth-view", "duration_ms": 2.66, "correlation_id": "d62bb14e-2286-4b76-8088-d35723063402"}
{"timestamp": "2026-06-05 20:15:43,987", "level": "INFO", "logger_name": "django.server", "message": "\"GET /api/students/info HTTP/1.1\" 200 256"}
{"timestamp": "2026-06-05 20:15:43,990", "level": "INFO", "logger_name": "core.api", "message": "API Request Started: GET /api/students/info", "request_id": "b4610819-c84c-42bc-ba38-fb1391c0508e", "user_id": null, "api_id": "auth-view", "correlation_id": "b4610819-c84c-42bc-ba38-fb1391c0508e"}
{"timestamp": "2026-06-05 20:15:43,990", "level": "INFO", "logger_name": "core.api.auth", "message": "=== [API CALL] GET /students/info ==="}
{"timestamp": "2026-06-05 20:15:43,992", "level": "INFO", "logger_name": "core.api", "message": "API Response Completed: 200", "request_id": "b4610819-c84c-42bc-ba38-fb1391c0508e", "user_id": null, "api_id": "auth-view", "duration_ms": 2.22, "correlation_id": "b4610819-c84c-42bc-ba38-fb1391c0508e"}
{"timestamp": "2026-06-05 20:15:43,993", "level": "INFO", "logger_name": "django.server", "message": "\"GET /api/students/info HTTP/1.1\" 200 256"}
{"timestamp": "2026-06-05 20:16:36,123", "level": "INFO", "logger_name": "core.api", "message": "API Request Started: GET /api/students/info", "request_id": "aaba15de-e8cc-4fea-b3bd-1462a6bca253", "user_id": null, "api_id": "auth-view", "correlation_id": "aaba15de-e8cc-4fea-b3bd-1462a6bca253"}
{"timestamp": "2026-06-05 20:16:36,124", "level": "INFO", "logger_name": "core.api.auth", "message": "=== [API CALL] GET /students/info ==="}
{"timestamp": "2026-06-05 20:16:36,125", "level": "INFO", "logger_name": "core.api", "message": "API Response Completed: 200", "request_id": "aaba15de-e8cc-4fea-b3bd-1462a6bca253", "user_id": null, "api_id": "auth-view", "duration_ms": 1.97, "correlation_id": "aaba15de-e8cc-4fea-b3bd-1462a6bca253"}
{"timestamp": "2026-06-05 20:16:36,126", "level": "INFO", "logger_name": "django.server", "message": "\"GET /api/students/info HTTP/1.1\" 200 256"}
{"timestamp": "2026-06-05 20:16:36,129", "level": "INFO", "logger_name": "core.api", "message": "API Request Started: GET /api/students/info", "request_id": "afce2c74-4278-41c7-936e-14805edbd30c", "user_id": null, "api_id": "auth-view", "correlation_id": "afce2c74-4278-41c7-936e-14805edbd30c"}
{"timestamp": "2026-06-05 20:16:36,129", "level": "INFO", "logger_name": "core.api.auth", "message": "=== [API CALL] GET /students/info ==="}
{"timestamp": "2026-06-05 20:16:36,130", "level": "INFO", "logger_name": "core.api", "message": "API Response Completed: 200", "request_id": "afce2c74-4278-41c7-936e-14805edbd30c", "user_id": null, "api_id": "auth-view", "duration_ms": 1.53, "correlation_id": "afce2c74-4278-41c7-936e-14805edbd30c"}
{"timestamp": "2026-06-05 20:16:36,131", "level": "INFO", "logger_name": "django.server", "message": "\"GET /api/students/info HTTP/1.1\" 200 256"}
{"timestamp": "2026-06-05 20:16:36,418", "level": "INFO", "logger_name": "core.api", "message": "API Request Started: GET /api/topics/active/", "request_id": "0c3c86de-054f-443e-89df-7fa971acff75", "user_id": null, "api_id": "topic_api-get_active_topic", "correlation_id": "0c3c86de-054f-443e-89df-7fa971acff75"}
{"timestamp": "2026-06-05 20:16:36,421", "level": "INFO", "logger_name": "core.api", "message": "API Response Completed: 200", "request_id": "0c3c86de-054f-443e-89df-7fa971acff75", "user_id": null, "api_id": "topic_api-get_active_topic", "duration_ms": 3.77, "correlation_id": "0c3c86de-054f-443e-89df-7fa971acff75"}
{"timestamp": "2026-06-05 20:16:36,422", "level": "INFO", "logger_name": "django.server", "message": "\"GET /api/topics/active/ HTTP/1.1\" 200 348"}
{"timestamp": "2026-06-05 20:16:36,473", "level": "INFO", "logger_name": "core.api", "message": "API Request Started: GET /api/topics/6/vote/stat/", "request_id": "e059a263-7ba4-4306-a931-dc07147bcfef", "user_id": null, "api_id": "topic_api-get_vote_stat", "correlation_id": "e059a263-7ba4-4306-a931-dc07147bcfef"}
{"timestamp": "2026-06-05 20:16:36,475", "level": "INFO", "logger_name": "core.api", "message": "API Response Completed: 200", "request_id": "e059a263-7ba4-4306-a931-dc07147bcfef", "user_id": null, "api_id": "topic_api-get_vote_stat", "duration_ms": 2.69, "correlation_id": "e059a263-7ba4-4306-a931-dc07147bcfef"}
{"timestamp": "2026-06-05 20:16:36,476", "level": "INFO", "logger_name": "django.server", "message": "\"GET /api/topics/6/vote/stat/ HTTP/1.1\" 200 97"}
{"timestamp": "2026-06-05 20:16:39,344", "level": "INFO", "logger_name": "core.api", "message": "API Request Started: GET /api/topics/", "request_id": "91a38349-4ad7-4d56-bdae-eb34aae1ad5f", "user_id": null, "api_id": "topic_api-get_topic_list", "correlation_id": "91a38349-4ad7-4d56-bdae-eb34aae1ad5f"}
{"timestamp": "2026-06-05 20:16:39,348", "level": "INFO", "logger_name": "core.api", "message": "API Response Completed: 200", "request_id": "91a38349-4ad7-4d56-bdae-eb34aae1ad5f", "user_id": null, "api_id": "topic_api-get_topic_list", "duration_ms": 4.13, "correlation_id": "91a38349-4ad7-4d56-bdae-eb34aae1ad5f"}
{"timestamp": "2026-06-05 20:16:39,349", "level": "INFO", "logger_name": "django.server", "message": "\"GET /api/topics/ HTTP/1.1\" 200 1864"}
{"timestamp": "2026-06-05 20:16:40,372", "level": "INFO", "logger_name": "core.api", "message": "API Request Started: GET /api/topics/6/comments/list/", "request_id": "3504c82d-8fc3-4b5d-a7a3-9c03df5756c5", "user_id": null, "api_id": "topic_api-get_topic_comments", "correlation_id": "3504c82d-8fc3-4b5d-a7a3-9c03df5756c5"}
{"timestamp": "2026-06-05 20:16:40,374", "level": "INFO", "logger_name": "core.api", "message": "API Request Started: GET /api/topics/6/comments/list/", "request_id": "121ffaef-585d-40bf-8cd7-746fbcfa8980", "user_id": null, "api_id": "topic_api-get_topic_comments", "correlation_id": "121ffaef-585d-40bf-8cd7-746fbcfa8980"}
{"timestamp": "2026-06-05 20:16:40,391", "level": "INFO", "logger_name": "core.api", "message": "API Response Completed: 200", "request_id": "3504c82d-8fc3-4b5d-a7a3-9c03df5756c5", "user_id": null, "api_id": "topic_api-get_topic_comments", "duration_ms": 18.93, "correlation_id": "3504c82d-8fc3-4b5d-a7a3-9c03df5756c5"}
{"timestamp": "2026-06-05 20:16:40,393", "level": "INFO", "logger_name": "django.server", "message": "\"GET /api/topics/6/comments/list/?opinion=false&sort=latest HTTP/1.1\" 200 5884"}
{"timestamp": "2026-06-05 20:16:40,393", "level": "INFO", "logger_name": "core.api", "message": "API Response Completed: 200", "request_id": "121ffaef-585d-40bf-8cd7-746fbcfa8980", "user_id": null, "api_id": "topic_api-get_topic_comments", "duration_ms": 19.05, "correlation_id": "121ffaef-585d-40bf-8cd7-746fbcfa8980"}
{"timestamp": "2026-06-05 20:16:40,394", "level": "INFO", "logger_name": "django.server", "message": "\"GET /api/topics/6/comments/list/?opinion=true&sort=latest HTTP/1.1\" 200 5384"}
{"timestamp": "2026-06-05 20:16:46,304", "level": "INFO", "logger_name": "core.api", "message": "API Request Started: GET /api/students/info", "request_id": "fffaef84-243f-4b04-9e0a-c464e6e07135", "user_id": null, "api_id": "auth-view", "correlation_id": "fffaef84-243f-4b04-9e0a-c464e6e07135"}
{"timestamp": "2026-06-05 20:16:46,304", "level": "INFO", "logger_name": "core.api.auth", "message": "=== [API CALL] GET /students/info ==="}
{"timestamp": "2026-06-05 20:16:46,306", "level": "INFO", "logger_name": "core.api", "message": "API Response Completed: 200", "request_id": "fffaef84-243f-4b04-9e0a-c464e6e07135", "user_id": null, "api_id": "auth-view", "duration_ms": 2.04, "correlation_id": "fffaef84-243f-4b04-9e0a-c464e6e07135"}
{"timestamp": "2026-06-05 20:16:46,306", "level": "INFO", "logger_name": "django.server", "message": "\"GET /api/students/info HTTP/1.1\" 200 256"}
{"timestamp": "2026-06-05 20:16:46,639", "level": "INFO", "logger_name": "core.api", "message": "API Request Started: GET /api/topics/active/", "request_id": "122e0806-d764-457a-9779-3596afd7a0ea", "user_id": null, "api_id": "topic_api-get_active_topic", "correlation_id": "122e0806-d764-457a-9779-3596afd7a0ea"}
{"timestamp": "2026-06-05 20:16:46,641", "level": "INFO", "logger_name": "core.api", "message": "API Response Completed: 200", "request_id": "122e0806-d764-457a-9779-3596afd7a0ea", "user_id": null, "api_id": "topic_api-get_active_topic", "duration_ms": 2.17, "correlation_id": "122e0806-d764-457a-9779-3596afd7a0ea"}
{"timestamp": "2026-06-05 20:16:46,642", "level": "INFO", "logger_name": "django.server", "message": "\"GET /api/topics/active/ HTTP/1.1\" 200 348"}
{"timestamp": "2026-06-05 20:16:46,647", "level": "INFO", "logger_name": "core.api", "message": "API Request Started: GET /api/students/info", "request_id": "faddd770-9082-46ab-9d5c-7d686c5af58f", "user_id": null, "api_id": "auth-view", "correlation_id": "faddd770-9082-46ab-9d5c-7d686c5af58f"}
{"timestamp": "2026-06-05 20:16:46,647", "level": "INFO", "logger_name": "core.api.auth", "message": "=== [API CALL] GET /students/info ==="}
{"timestamp": "2026-06-05 20:16:46,650", "level": "INFO", "logger_name": "core.api", "message": "API Response Completed: 200", "request_id": "faddd770-9082-46ab-9d5c-7d686c5af58f", "user_id": null, "api_id": "auth-view", "duration_ms": 3.34, "correlation_id": "faddd770-9082-46ab-9d5c-7d686c5af58f"}
{"timestamp": "2026-06-05 20:16:46,651", "level": "INFO", "logger_name": "django.server", "message": "\"GET /api/students/info HTTP/1.1\" 200 256"}
{"timestamp": "2026-06-05 20:16:46,684", "level": "INFO", "logger_name": "core.api", "message": "API Request Started: GET /api/topics/6/vote/stat/", "request_id": "72d067ce-58ec-48f9-8fe6-daf777b0e3ff", "user_id": null, "api_id": "topic_api-get_vote_stat", "correlation_id": "72d067ce-58ec-48f9-8fe6-daf777b0e3ff"}
{"timestamp": "2026-06-05 20:16:46,687", "level": "INFO", "logger_name": "core.api", "message": "API Response Completed: 200", "request_id": "72d067ce-58ec-48f9-8fe6-daf777b0e3ff", "user_id": null, "api_id": "topic_api-get_vote_stat", "duration_ms": 2.73, "correlation_id": "72d067ce-58ec-48f9-8fe6-daf777b0e3ff"}
{"timestamp": "2026-06-05 20:16:46,687", "level": "INFO", "logger_name": "django.server", "message": "\"GET /api/topics/6/vote/stat/ HTTP/1.1\" 200 97"}
{"timestamp": "2026-06-05 20:16:47,815", "level": "INFO", "logger_name": "core.api", "message": "API Request Started: GET /api/topics/", "request_id": "f4d4e4d9-6768-49bf-9a54-f0a809d53089", "user_id": null, "api_id": "topic_api-get_topic_list", "correlation_id": "f4d4e4d9-6768-49bf-9a54-f0a809d53089"}
{"timestamp": "2026-06-05 20:16:47,820", "level": "INFO", "logger_name": "core.api", "message": "API Response Completed: 200", "request_id": "f4d4e4d9-6768-49bf-9a54-f0a809d53089", "user_id": null, "api_id": "topic_api-get_topic_list", "duration_ms": 4.46, "correlation_id": "f4d4e4d9-6768-49bf-9a54-f0a809d53089"}
{"timestamp": "2026-06-05 20:16:47,820", "level": "INFO", "logger_name": "django.server", "message": "\"GET /api/topics/ HTTP/1.1\" 200 1864"}
{"timestamp": "2026-06-05 20:16:48,747", "level": "INFO", "logger_name": "core.api", "message": "API Request Started: GET /api/topics/6/comments/list/", "request_id": "50e9bc41-1614-423c-9284-57985bc5df4b", "user_id": null, "api_id": "topic_api-get_topic_comments", "correlation_id": "50e9bc41-1614-423c-9284-57985bc5df4b"}
{"timestamp": "2026-06-05 20:16:48,747", "level": "INFO", "logger_name": "core.api", "message": "API Request Started: GET /api/topics/6/comments/list/", "request_id": "634eaf54-edc3-46f4-b6b4-7df97c8b155f", "user_id": null, "api_id": "topic_api-get_topic_comments", "correlation_id": "634eaf54-edc3-46f4-b6b4-7df97c8b155f"}
{"timestamp": "2026-06-05 20:16:48,766", "level": "INFO", "logger_name": "core.api", "message": "API Response Completed: 200", "request_id": "50e9bc41-1614-423c-9284-57985bc5df4b", "user_id": null, "api_id": "topic_api-get_topic_comments", "duration_ms": 19.65, "correlation_id": "50e9bc41-1614-423c-9284-57985bc5df4b"}
{"timestamp": "2026-06-05 20:16:48,768", "level": "INFO", "logger_name": "core.api", "message": "API Response Completed: 200", "request_id": "634eaf54-edc3-46f4-b6b4-7df97c8b155f", "user_id": null, "api_id": "topic_api-get_topic_comments", "duration_ms": 20.34, "correlation_id": "634eaf54-edc3-46f4-b6b4-7df97c8b155f"}
{"timestamp": "2026-06-05 20:16:48,768", "level": "INFO", "logger_name": "django.server", "message": "\"GET /api/topics/6/comments/list/?opinion=false&sort=latest HTTP/1.1\" 200 5884"}
{"timestamp": "2026-06-05 20:16:48,769", "level": "INFO", "logger_name": "django.server", "message": "\"GET /api/topics/6/comments/list/?opinion=true&sort=latest HTTP/1.1\" 200 5384"}
{"timestamp": "2026-06-05 20:16:58,409", "level": "INFO", "logger_name": "core.api", "message": "API Request Started: GET /api/topics/6/vote/stat/", "request_id": "61b14b5b-4c77-406a-8636-c8b1a25becf6", "user_id": null, "api_id": "topic_api-get_vote_stat", "correlation_id": "61b14b5b-4c77-406a-8636-c8b1a25becf6"}
{"timestamp": "2026-06-05 20:16:58,412", "level": "INFO", "logger_name": "core.api", "message": "API Response Completed: 200", "request_id": "61b14b5b-4c77-406a-8636-c8b1a25becf6", "user_id": null, "api_id": "topic_api-get_vote_stat", "duration_ms": 2.59, "correlation_id": "61b14b5b-4c77-406a-8636-c8b1a25becf6"}
{"timestamp": "2026-06-05 20:16:58,412", "level": "INFO", "logger_name": "django.server", "message": "\"GET /api/topics/6/vote/stat/ HTTP/1.1\" 200 97"}
{"timestamp": "2026-06-05 20:17:08,412", "level": "INFO", "logger_name": "core.api", "message": "API Request Started: GET /api/topics/6/vote/stat/", "request_id": "49d7df82-f662-4735-b7c6-bdac9c680755", "user_id": null, "api_id": "topic_api-get_vote_stat", "correlation_id": "49d7df82-f662-4735-b7c6-bdac9c680755"}
{"timestamp": "2026-06-05 20:17:08,414", "level": "INFO", "logger_name": "core.api", "message": "API Response Completed: 200", "request_id": "49d7df82-f662-4735-b7c6-bdac9c680755", "user_id": null, "api_id": "topic_api-get_vote_stat", "duration_ms": 2.25, "correlation_id": "49d7df82-f662-4735-b7c6-bdac9c680755"}
{"timestamp": "2026-06-05 20:17:08,415", "level": "INFO", "logger_name": "django.server", "message": "\"GET /api/topics/6/vote/stat/ HTTP/1.1\" 200 97"}
{"timestamp": "2026-06-05 20:17:18,430", "level": "INFO", "logger_name": "core.api", "message": "API Request Started: GET /api/topics/6/vote/stat/", "request_id": "6fabb1e9-b0c4-4ad4-9fbc-f6bb3f85645a", "user_id": null, "api_id": "topic_api-get_vote_stat", "correlation_id": "6fabb1e9-b0c4-4ad4-9fbc-f6bb3f85645a"}
{"timestamp": "2026-06-05 20:17:18,432", "level": "INFO", "logger_name": "core.api", "message": "API Response Completed: 200", "request_id": "6fabb1e9-b0c4-4ad4-9fbc-f6bb3f85645a", "user_id": null, "api_id": "topic_api-get_vote_stat", "duration_ms": 2.33, "correlation_id": "6fabb1e9-b0c4-4ad4-9fbc-f6bb3f85645a"}
{"timestamp": "2026-06-05 20:17:18,433", "level": "INFO", "logger_name": "django.server", "message": "\"GET /api/topics/6/vote/stat/ HTTP/1.1\" 200 97"}
{"timestamp": "2026-06-05 20:17:28,387", "level": "INFO", "logger_name": "core.api", "message": "API Request Started: GET /api/topics/6/vote/stat/", "request_id": "5af9e80e-a923-4931-a55b-681d67c239e8", "user_id": null, "api_id": "topic_api-get_vote_stat", "correlation_id": "5af9e80e-a923-4931-a55b-681d67c239e8"}
{"timestamp": "2026-06-05 20:17:28,389", "level": "INFO", "logger_name": "core.api", "message": "API Response Completed: 200", "request_id": "5af9e80e-a923-4931-a55b-681d67c239e8", "user_id": null, "api_id": "topic_api-get_vote_stat", "duration_ms": 2.56, "correlation_id": "5af9e80e-a923-4931-a55b-681d67c239e8"}
{"timestamp": "2026-06-05 20:17:28,390", "level": "INFO", "logger_name": "django.server", "message": "\"GET /api/topics/6/vote/stat/ HTTP/1.1\" 200 97"}
{"timestamp": "2026-06-05 20:17:38,436", "level": "INFO", "logger_name": "core.api", "message": "API Request Started: GET /api/topics/6/vote/stat/", "request_id": "d0b459d8-919a-4df3-8524-5eeca33afd9f", "user_id": null, "api_id": "topic_api-get_vote_stat", "correlation_id": "d0b459d8-919a-4df3-8524-5eeca33afd9f"}
{"timestamp": "2026-06-05 20:17:38,438", "level": "INFO", "logger_name": "core.api", "message": "API Response Completed: 200", "request_id": "d0b459d8-919a-4df3-8524-5eeca33afd9f", "user_id": null, "api_id": "topic_api-get_vote_stat", "duration_ms": 2.52, "correlation_id": "d0b459d8-919a-4df3-8524-5eeca33afd9f"}
{"timestamp": "2026-06-05 20:17:38,438", "level": "INFO", "logger_name": "django.server", "message": "\"GET /api/topics/6/vote/stat/ HTTP/1.1\" 200 97"}
{"timestamp": "2026-06-05 20:17:47,542", "level": "INFO", "logger_name": "core.api", "message": "API Request Started: GET /api/topics/6/comments/list/", "request_id": "f7e1dfcd-1d29-47a5-a52c-3ea92d65c4ea", "user_id": null, "api_id": "topic_api-get_topic_comments", "correlation_id": "f7e1dfcd-1d29-47a5-a52c-3ea92d65c4ea"}
{"timestamp": "2026-06-05 20:17:47,550", "level": "INFO", "logger_name": "core.api", "message": "API Response Completed: 200", "request_id": "f7e1dfcd-1d29-47a5-a52c-3ea92d65c4ea", "user_id": null, "api_id": "topic_api-get_topic_comments", "duration_ms": 8.6, "correlation_id": "f7e1dfcd-1d29-47a5-a52c-3ea92d65c4ea"}
{"timestamp": "2026-06-05 20:17:47,551", "level": "INFO", "logger_name": "django.server", "message": "\"GET /api/topics/6/comments/list/?opinion=true&sort=latest&cursor=1360 HTTP/1.1\" 200 5499"}
{"timestamp": "2026-06-05 20:17:48,035", "level": "INFO", "logger_name": "core.api", "message": "API Request Started: GET /api/topics/6/comments/list/", "request_id": "05ef6945-95e7-4fb3-8357-e1d8bf527bb1", "user_id": null, "api_id": "topic_api-get_topic_comments", "correlation_id": "05ef6945-95e7-4fb3-8357-e1d8bf527bb1"}
{"timestamp": "2026-06-05 20:17:48,043", "level": "INFO", "logger_name": "core.api", "message": "API Response Completed: 200", "request_id": "05ef6945-95e7-4fb3-8357-e1d8bf527bb1", "user_id": null, "api_id": "topic_api-get_topic_comments", "duration_ms": 8.17, "correlation_id": "05ef6945-95e7-4fb3-8357-e1d8bf527bb1"}
{"timestamp": "2026-06-05 20:17:48,044", "level": "INFO", "logger_name": "django.server", "message": "\"GET /api/topics/6/comments/list/?opinion=true&sort=latest&cursor=1322 HTTP/1.1\" 200 5410"}
{"timestamp": "2026-06-05 20:17:48,432", "level": "INFO", "logger_name": "core.api", "message": "API Request Started: GET /api/topics/6/vote/stat/", "request_id": "0f49a337-4e1d-440b-85f2-d58e2585cf9e", "user_id": null, "api_id": "topic_api-get_vote_stat", "correlation_id": "0f49a337-4e1d-440b-85f2-d58e2585cf9e"}
{"timestamp": "2026-06-05 20:17:48,435", "level": "INFO", "logger_name": "core.api", "message": "API Response Completed: 200", "request_id": "0f49a337-4e1d-440b-85f2-d58e2585cf9e", "user_id": null, "api_id": "topic_api-get_vote_stat", "duration_ms": 2.39, "correlation_id": "0f49a337-4e1d-440b-85f2-d58e2585cf9e"}
{"timestamp": "2026-06-05 20:17:48,435", "level": "INFO", "logger_name": "django.server", "message": "\"GET /api/topics/6/vote/stat/ HTTP/1.1\" 200 97"}
{"timestamp": "2026-06-05 20:17:48,600", "level": "INFO", "logger_name": "core.api", "message": "API Request Started: GET /api/topics/6/comments/list/", "request_id": "fe9af676-5c01-4e04-bfcd-793e49c62482", "user_id": null, "api_id": "topic_api-get_topic_comments", "correlation_id": "fe9af676-5c01-4e04-bfcd-793e49c62482"}
{"timestamp": "2026-06-05 20:17:48,609", "level": "INFO", "logger_name": "core.api", "message": "API Response Completed: 200", "request_id": "fe9af676-5c01-4e04-bfcd-793e49c62482", "user_id": null, "api_id": "topic_api-get_topic_comments", "duration_ms": 8.88, "correlation_id": "fe9af676-5c01-4e04-bfcd-793e49c62482"}
{"timestamp": "2026-06-05 20:17:48,610", "level": "INFO", "logger_name": "django.server", "message": "\"GET /api/topics/6/comments/list/?opinion=true&sort=latest&cursor=1283 HTTP/1.1\" 200 5575"}
{"timestamp": "2026-06-05 20:17:48,688", "level": "INFO", "logger_name": "core.api", "message": "API Request Started: GET /api/topics/6/comments/list/", "request_id": "3ede7f9c-af87-480a-a993-ae1469e6b2d6", "user_id": null, "api_id": "topic_api-get_topic_comments", "correlation_id": "3ede7f9c-af87-480a-a993-ae1469e6b2d6"}
{"timestamp": "2026-06-05 20:17:48,694", "level": "INFO", "logger_name": "core.api", "message": "API Response Completed: 200", "request_id": "3ede7f9c-af87-480a-a993-ae1469e6b2d6", "user_id": null, "api_id": "topic_api-get_topic_comments", "duration_ms": 5.68, "correlation_id": "3ede7f9c-af87-480a-a993-ae1469e6b2d6"}
{"timestamp": "2026-06-05 20:17:48,695", "level": "INFO", "logger_name": "django.server", "message": "\"GET /api/topics/6/comments/list/?opinion=true&sort=latest&cursor=1247 HTTP/1.1\" 200 2039"}
{"timestamp": "2026-06-05 20:17:55,926", "level": "INFO", "logger_name": "core.api", "message": "API Request Started: POST /api/topics/6/comments/", "request_id": "4b5b699d-feb5-43a7-9a1f-e61ad7aa9e9f", "user_id": null, "api_id": "topic_api-create_topic_comment", "correlation_id": "4b5b699d-feb5-43a7-9a1f-e61ad7aa9e9f"}
{"timestamp": "2026-06-05 20:17:55,945", "level": "INFO", "logger_name": "core.api", "message": "API Response Completed: 201", "request_id": "4b5b699d-feb5-43a7-9a1f-e61ad7aa9e9f", "user_id": null, "api_id": "topic_api-create_topic_comment", "duration_ms": 20.13, "correlation_id": "4b5b699d-feb5-43a7-9a1f-e61ad7aa9e9f"}
{"timestamp": "2026-06-05 20:17:55,946", "level": "INFO", "logger_name": "django.server", "message": "\"POST /api/topics/6/comments/ HTTP/1.1\" 201 230"}
{"timestamp": "2026-06-05 20:17:58,419", "level": "INFO", "logger_name": "core.api", "message": "API Request Started: GET /api/topics/6/vote/stat/", "request_id": "1ce1c2db-eefe-430b-8590-11cd0a1123b8", "user_id": null, "api_id": "topic_api-get_vote_stat", "correlation_id": "1ce1c2db-eefe-430b-8590-11cd0a1123b8"}
{"timestamp": "2026-06-05 20:17:58,422", "level": "INFO", "logger_name": "core.api", "message": "API Response Completed: 200", "request_id": "1ce1c2db-eefe-430b-8590-11cd0a1123b8", "user_id": null, "api_id": "topic_api-get_vote_stat", "duration_ms": 2.39, "correlation_id": "1ce1c2db-eefe-430b-8590-11cd0a1123b8"}
{"timestamp": "2026-06-05 20:17:58,422", "level": "INFO", "logger_name": "django.server", "message": "\"GET /api/topics/6/vote/stat/ HTTP/1.1\" 200 97"}
{"timestamp": "2026-06-05 20:18:04,239", "level": "INFO", "logger_name": "core.api", "message": "API Request Started: GET /api/topics/6/comments/list/", "request_id": "75c96207-c17d-4460-94f5-31ee99a66a1f", "user_id": null, "api_id": "topic_api-get_topic_comments", "correlation_id": "75c96207-c17d-4460-94f5-31ee99a66a1f"}
{"timestamp": "2026-06-05 20:18:04,247", "level": "INFO", "logger_name": "core.api", "message": "API Response Completed: 200", "request_id": "75c96207-c17d-4460-94f5-31ee99a66a1f", "user_id": null, "api_id": "topic_api-get_topic_comments", "duration_ms": 8.4, "correlation_id": "75c96207-c17d-4460-94f5-31ee99a66a1f"}
{"timestamp": "2026-06-05 20:18:04,248", "level": "INFO", "logger_name": "django.server", "message": "\"GET /api/topics/6/comments/list/?opinion=false&sort=latest&cursor=1342 HTTP/1.1\" 200 5913"}
{"timestamp": "2026-06-05 20:18:08,434", "level": "INFO", "logger_name": "core.api", "message": "API Request Started: GET /api/topics/6/vote/stat/", "request_id": "ce2b70c2-0039-4d92-b87c-3cf0f44417c9", "user_id": null, "api_id": "topic_api-get_vote_stat", "correlation_id": "ce2b70c2-0039-4d92-b87c-3cf0f44417c9"}
{"timestamp": "2026-06-05 20:18:08,436", "level": "INFO", "logger_name": "core.api", "message": "API Response Completed: 200", "request_id": "ce2b70c2-0039-4d92-b87c-3cf0f44417c9", "user_id": null, "api_id": "topic_api-get_vote_stat", "duration_ms": 2.68, "correlation_id": "ce2b70c2-0039-4d92-b87c-3cf0f44417c9"}
{"timestamp": "2026-06-05 20:18:08,437", "level": "INFO", "logger_name": "django.server", "message": "\"GET /api/topics/6/vote/stat/ HTTP/1.1\" 200 97"}
{"timestamp": "2026-06-05 20:18:19,162", "level": "INFO", "logger_name": "core.api", "message": "API Request Started: GET /api/topics/6/vote/stat/", "request_id": "d3040fd1-03a8-46b8-9070-76a4bcea0755", "user_id": null, "api_id": "topic_api-get_vote_stat", "correlation_id": "d3040fd1-03a8-46b8-9070-76a4bcea0755"}
{"timestamp": "2026-06-05 20:18:19,164", "level": "INFO", "logger_name": "core.api", "message": "API Response Completed: 200", "request_id": "d3040fd1-03a8-46b8-9070-76a4bcea0755", "user_id": null, "api_id": "topic_api-get_vote_stat", "duration_ms": 2.46, "correlation_id": "d3040fd1-03a8-46b8-9070-76a4bcea0755"}
{"timestamp": "2026-06-05 20:18:19,164", "level": "INFO", "logger_name": "django.server", "message": "\"GET /api/topics/6/vote/stat/ HTTP/1.1\" 200 97"}
{"timestamp": "2026-06-05 20:18:29,158", "level": "INFO", "logger_name": "core.api", "message": "API Request Started: GET /api/topics/6/vote/stat/", "request_id": "03eba785-b20d-43f3-abde-436e49434650", "user_id": null, "api_id": "topic_api-get_vote_stat", "correlation_id": "03eba785-b20d-43f3-abde-436e49434650"}
{"timestamp": "2026-06-05 20:18:29,160", "level": "INFO", "logger_name": "core.api", "message": "API Response Completed: 200", "request_id": "03eba785-b20d-43f3-abde-436e49434650", "user_id": null, "api_id": "topic_api-get_vote_stat", "duration_ms": 2.59, "correlation_id": "03eba785-b20d-43f3-abde-436e49434650"}
{"timestamp": "2026-06-05 20:18:29,161", "level": "INFO", "logger_name": "django.server", "message": "\"GET /api/topics/6/vote/stat/ HTTP/1.1\" 200 97"}
{"timestamp": "2026-06-05 20:18:31,489", "level": "INFO", "logger_name": "core.api", "message": "API Request Started: GET /api/topics/6/comments/list/", "request_id": "228fd172-e8d5-4812-a930-5367d9edbc4e", "user_id": null, "api_id": "topic_api-get_topic_comments", "correlation_id": "228fd172-e8d5-4812-a930-5367d9edbc4e"}
{"timestamp": "2026-06-05 20:18:31,501", "level": "INFO", "logger_name": "core.api", "message": "API Response Completed: 200", "request_id": "228fd172-e8d5-4812-a930-5367d9edbc4e", "user_id": null, "api_id": "topic_api-get_topic_comments", "duration_ms": 11.12, "correlation_id": "228fd172-e8d5-4812-a930-5367d9edbc4e"}
{"timestamp": "2026-06-05 20:18:31,501", "level": "INFO", "logger_name": "django.server", "message": "\"GET /api/topics/6/comments/list/?opinion=true&sort=like HTTP/1.1\" 200 5389"}
{"timestamp": "2026-06-05 20:18:32,006", "level": "INFO", "logger_name": "core.api", "message": "API Request Started: GET /api/topics/6/comments/list/", "request_id": "3fbe70e9-8f01-4d83-b01d-798a5709e3f6", "user_id": null, "api_id": "topic_api-get_topic_comments", "correlation_id": "3fbe70e9-8f01-4d83-b01d-798a5709e3f6"}
{"timestamp": "2026-06-05 20:18:32,016", "level": "INFO", "logger_name": "core.api", "message": "API Response Completed: 200", "request_id": "3fbe70e9-8f01-4d83-b01d-798a5709e3f6", "user_id": null, "api_id": "topic_api-get_topic_comments", "duration_ms": 9.75, "correlation_id": "3fbe70e9-8f01-4d83-b01d-798a5709e3f6"}
{"timestamp": "2026-06-05 20:18:32,016", "level": "INFO", "logger_name": "django.server", "message": "\"GET /api/topics/6/comments/list/?opinion=true&sort=latest HTTP/1.1\" 200 5329"}
{"timestamp": "2026-06-05 20:18:33,066", "level": "INFO", "logger_name": "core.api", "message": "API Request Started: GET /api/topics/6/comments/list/", "request_id": "946c9149-95d9-4143-8781-f156df4166dc", "user_id": null, "api_id": "topic_api-get_topic_comments", "correlation_id": "946c9149-95d9-4143-8781-f156df4166dc"}
{"timestamp": "2026-06-05 20:18:33,074", "level": "INFO", "logger_name": "core.api", "message": "API Response Completed: 200", "request_id": "946c9149-95d9-4143-8781-f156df4166dc", "user_id": null, "api_id": "topic_api-get_topic_comments", "duration_ms": 8.56, "correlation_id": "946c9149-95d9-4143-8781-f156df4166dc"}
{"timestamp": "2026-06-05 20:18:33,075", "level": "INFO", "logger_name": "django.server", "message": "\"GET /api/topics/6/comments/list/?opinion=true&sort=like HTTP/1.1\" 200 5389"}
{"timestamp": "2026-06-05 20:18:33,586", "level": "INFO", "logger_name": "core.api", "message": "API Request Started: GET /api/topics/6/comments/list/", "request_id": "442e89a2-979a-45eb-a292-d33ec0514c7e", "user_id": null, "api_id": "topic_api-get_topic_comments", "correlation_id": "442e89a2-979a-45eb-a292-d33ec0514c7e"}
{"timestamp": "2026-06-05 20:18:33,595", "level": "INFO", "logger_name": "core.api", "message": "API Response Completed: 200", "request_id": "442e89a2-979a-45eb-a292-d33ec0514c7e", "user_id": null, "api_id": "topic_api-get_topic_comments", "duration_ms": 8.55, "correlation_id": "442e89a2-979a-45eb-a292-d33ec0514c7e"}
{"timestamp": "2026-06-05 20:18:33,596", "level": "INFO", "logger_name": "django.server", "message": "\"GET /api/topics/6/comments/list/?opinion=true&sort=latest HTTP/1.1\" 200 5329"}
{"timestamp": "2026-06-05 20:18:35,824", "level": "INFO", "logger_name": "core.api", "message": "API Request Started: DELETE /api/topics/comments/1955/", "request_id": "0d5be597-2cf4-4370-852e-ca73da49963a", "user_id": null, "api_id": "topic_api-manage_topic_comment", "correlation_id": "0d5be597-2cf4-4370-852e-ca73da49963a"}
{"timestamp": "2026-06-05 20:18:35,844", "level": "INFO", "logger_name": "core.api", "message": "API Response Completed: 200", "request_id": "0d5be597-2cf4-4370-852e-ca73da49963a", "user_id": null, "api_id": "topic_api-manage_topic_comment", "duration_ms": 19.86, "correlation_id": "0d5be597-2cf4-4370-852e-ca73da49963a"}
{"timestamp": "2026-06-05 20:18:35,844", "level": "INFO", "logger_name": "django.server", "message": "\"DELETE /api/topics/comments/1955/ HTTP/1.1\" 200 68"}
{"timestamp": "2026-06-05 20:18:38,739", "level": "INFO", "logger_name": "core.api", "message": "API Request Started: POST /api/topics/comments/1954/like/", "request_id": "6fcf9ea9-a55c-4ea0-9e0b-0cdf5bc72088", "user_id": null, "api_id": "topic_api-toggle_topic_comment_like", "correlation_id": "6fcf9ea9-a55c-4ea0-9e0b-0cdf5bc72088"}
{"timestamp": "2026-06-05 20:18:38,756", "level": "INFO", "logger_name": "core.api", "message": "API Response Completed: 200", "request_id": "6fcf9ea9-a55c-4ea0-9e0b-0cdf5bc72088", "user_id": null, "api_id": "topic_api-toggle_topic_comment_like", "duration_ms": 17.01, "correlation_id": "6fcf9ea9-a55c-4ea0-9e0b-0cdf5bc72088"}
{"timestamp": "2026-06-05 20:18:38,756", "level": "INFO", "logger_name": "django.server", "message": "\"POST /api/topics/comments/1954/like/ HTTP/1.1\" 200 67"}
{"timestamp": "2026-06-05 20:18:39,156", "level": "INFO", "logger_name": "core.api", "message": "API Request Started: GET /api/topics/6/vote/stat/", "request_id": "df8cd615-3791-4e36-b9ae-2ebfb9f56a6c", "user_id": null, "api_id": "topic_api-get_vote_stat", "correlation_id": "df8cd615-3791-4e36-b9ae-2ebfb9f56a6c"}
{"timestamp": "2026-06-05 20:18:39,159", "level": "INFO", "logger_name": "core.api", "message": "API Response Completed: 200", "request_id": "df8cd615-3791-4e36-b9ae-2ebfb9f56a6c", "user_id": null, "api_id": "topic_api-get_vote_stat", "duration_ms": 2.54, "correlation_id": "df8cd615-3791-4e36-b9ae-2ebfb9f56a6c"}
{"timestamp": "2026-06-05 20:18:39,159", "level": "INFO", "logger_name": "django.server", "message": "\"GET /api/topics/6/vote/stat/ HTTP/1.1\" 200 97"}
{"timestamp": "2026-06-05 20:18:39,436", "level": "INFO", "logger_name": "core.api", "message": "API Request Started: POST /api/topics/comments/1954/like/", "request_id": "e9540826-35e8-4bf1-8f38-68aa6af50403", "user_id": null, "api_id": "topic_api-toggle_topic_comment_like", "correlation_id": "e9540826-35e8-4bf1-8f38-68aa6af50403"}
{"timestamp": "2026-06-05 20:18:39,451", "level": "INFO", "logger_name": "core.api", "message": "API Response Completed: 200", "request_id": "e9540826-35e8-4bf1-8f38-68aa6af50403", "user_id": null, "api_id": "topic_api-toggle_topic_comment_like", "duration_ms": 15.38, "correlation_id": "e9540826-35e8-4bf1-8f38-68aa6af50403"}
{"timestamp": "2026-06-05 20:18:39,452", "level": "INFO", "logger_name": "django.server", "message": "\"POST /api/topics/comments/1954/like/ HTTP/1.1\" 200 69"}
{"timestamp": "2026-06-05 20:18:49,150", "level": "INFO", "logger_name": "core.api", "message": "API Request Started: GET /api/topics/6/vote/stat/", "request_id": "78086524-b4ae-4362-a521-1465fa0222a8", "user_id": null, "api_id": "topic_api-get_vote_stat", "correlation_id": "78086524-b4ae-4362-a521-1465fa0222a8"}
{"timestamp": "2026-06-05 20:18:49,153", "level": "INFO", "logger_name": "core.api", "message": "API Response Completed: 200", "request_id": "78086524-b4ae-4362-a521-1465fa0222a8", "user_id": null, "api_id": "topic_api-get_vote_stat", "duration_ms": 2.31, "correlation_id": "78086524-b4ae-4362-a521-1465fa0222a8"}
{"timestamp": "2026-06-05 20:18:49,153", "level": "INFO", "logger_name": "django.server", "message": "\"GET /api/topics/6/vote/stat/ HTTP/1.1\" 200 97"}
{"timestamp": "2026-06-05 20:19:00,628", "level": "INFO", "logger_name": "core.api", "message": "API Request Started: GET /api/topics/6/vote/stat/", "request_id": "90e90eda-24d5-4a8b-879c-8b2f420028e3", "user_id": null, "api_id": "topic_api-get_vote_stat", "correlation_id": "90e90eda-24d5-4a8b-879c-8b2f420028e3"}
{"timestamp": "2026-06-05 20:19:00,630", "level": "INFO", "logger_name": "core.api", "message": "API Response Completed: 200", "request_id": "90e90eda-24d5-4a8b-879c-8b2f420028e3", "user_id": null, "api_id": "topic_api-get_vote_stat", "duration_ms": 2.35, "correlation_id": "90e90eda-24d5-4a8b-879c-8b2f420028e3"}
{"timestamp": "2026-06-05 20:19:00,631", "level": "INFO", "logger_name": "django.server", "message": "\"GET /api/topics/6/vote/stat/ HTTP/1.1\" 200 97"}
{"timestamp": "2026-06-05 20:19:10,643", "level": "INFO", "logger_name": "core.api", "message": "API Request Started: GET /api/topics/6/vote/stat/", "request_id": "b512ab2b-8ec3-4524-9f50-4c1a6e433030", "user_id": null, "api_id": "topic_api-get_vote_stat", "correlation_id": "b512ab2b-8ec3-4524-9f50-4c1a6e433030"}
{"timestamp": "2026-06-05 20:19:10,646", "level": "INFO", "logger_name": "core.api", "message": "API Response Completed: 200", "request_id": "b512ab2b-8ec3-4524-9f50-4c1a6e433030", "user_id": null, "api_id": "topic_api-get_vote_stat", "duration_ms": 2.33, "correlation_id": "b512ab2b-8ec3-4524-9f50-4c1a6e433030"}
{"timestamp": "2026-06-05 20:19:10,646", "level": "INFO", "logger_name": "django.server", "message": "\"GET /api/topics/6/vote/stat/ HTTP/1.1\" 200 97"}
{"timestamp": "2026-06-05 20:19:20,642", "level": "INFO", "logger_name": "core.api", "message": "API Request Started: GET /api/topics/6/vote/stat/", "request_id": "bec209ef-fdf1-45d0-b3ac-3b80ca69b4d5", "user_id": null, "api_id": "topic_api-get_vote_stat", "correlation_id": "bec209ef-fdf1-45d0-b3ac-3b80ca69b4d5"}
{"timestamp": "2026-06-05 20:19:20,644", "level": "INFO", "logger_name": "core.api", "message": "API Response Completed: 200", "request_id": "bec209ef-fdf1-45d0-b3ac-3b80ca69b4d5", "user_id": null, "api_id": "topic_api-get_vote_stat", "duration_ms": 2.22, "correlation_id": "bec209ef-fdf1-45d0-b3ac-3b80ca69b4d5"}
{"timestamp": "2026-06-05 20:19:20,644", "level": "INFO", "logger_name": "django.server", "message": "\"GET /api/topics/6/vote/stat/ HTTP/1.1\" 200 97"}
{"timestamp": "2026-06-05 20:19:30,645", "level": "INFO", "logger_name": "core.api", "message": "API Request Started: GET /api/topics/6/vote/stat/", "request_id": "83b53642-2385-43c3-aa23-4dc597299445", "user_id": null, "api_id": "topic_api-get_vote_stat", "correlation_id": "83b53642-2385-43c3-aa23-4dc597299445"}
{"timestamp": "2026-06-05 20:19:30,647", "level": "INFO", "logger_name": "core.api", "message": "API Response Completed: 200", "request_id": "83b53642-2385-43c3-aa23-4dc597299445", "user_id": null, "api_id": "topic_api-get_vote_stat", "duration_ms": 2.15, "correlation_id": "83b53642-2385-43c3-aa23-4dc597299445"}
{"timestamp": "2026-06-05 20:19:30,647", "level": "INFO", "logger_name": "django.server", "message": "\"GET /api/topics/6/vote/stat/ HTTP/1.1\" 200 97"}
{"timestamp": "2026-06-05 20:19:40,638", "level": "INFO", "logger_name": "core.api", "message": "API Request Started: GET /api/topics/6/vote/stat/", "request_id": "11f84030-4dd8-4c23-b665-bbd18a0b7e2f", "user_id": null, "api_id": "topic_api-get_vote_stat", "correlation_id": "11f84030-4dd8-4c23-b665-bbd18a0b7e2f"}
{"timestamp": "2026-06-05 20:19:40,641", "level": "INFO", "logger_name": "core.api", "message": "API Response Completed: 200", "request_id": "11f84030-4dd8-4c23-b665-bbd18a0b7e2f", "user_id": null, "api_id": "topic_api-get_vote_stat", "duration_ms": 2.47, "correlation_id": "11f84030-4dd8-4c23-b665-bbd18a0b7e2f"}
{"timestamp": "2026-06-05 20:19:40,641", "level": "INFO", "logger_name": "django.server", "message": "\"GET /api/topics/6/vote/stat/ HTTP/1.1\" 200 97"}
{"timestamp": "2026-06-05 20:19:50,633", "level": "INFO", "logger_name": "core.api", "message": "API Request Started: GET /api/topics/6/vote/stat/", "request_id": "beed5305-90fc-4a76-826d-f6b435a47d31", "user_id": null, "api_id": "topic_api-get_vote_stat", "correlation_id": "beed5305-90fc-4a76-826d-f6b435a47d31"}
{"timestamp": "2026-06-05 20:19:50,635", "level": "INFO", "logger_name": "core.api", "message": "API Response Completed: 200", "request_id": "beed5305-90fc-4a76-826d-f6b435a47d31", "user_id": null, "api_id": "topic_api-get_vote_stat", "duration_ms": 2.24, "correlation_id": "beed5305-90fc-4a76-826d-f6b435a47d31"}
{"timestamp": "2026-06-05 20:19:50,636", "level": "INFO", "logger_name": "django.server", "message": "\"GET /api/topics/6/vote/stat/ HTTP/1.1\" 200 97"}
{"timestamp": "2026-06-05 20:20:00,635", "level": "INFO", "logger_name": "core.api", "message": "API Request Started: GET /api/topics/6/vote/stat/", "request_id": "a035a713-5c4f-43b0-9620-05feeceb5936", "user_id": null, "api_id": "topic_api-get_vote_stat", "correlation_id": "a035a713-5c4f-43b0-9620-05feeceb5936"}
{"timestamp": "2026-06-05 20:20:00,637", "level": "INFO", "logger_name": "core.api", "message": "API Response Completed: 200", "request_id": "a035a713-5c4f-43b0-9620-05feeceb5936", "user_id": null, "api_id": "topic_api-get_vote_stat", "duration_ms": 2.36, "correlation_id": "a035a713-5c4f-43b0-9620-05feeceb5936"}
{"timestamp": "2026-06-05 20:20:00,638", "level": "INFO", "logger_name": "django.server", "message": "\"GET /api/topics/6/vote/stat/ HTTP/1.1\" 200 97"}
{"timestamp": "2026-06-05 20:20:10,643", "level": "INFO", "logger_name": "core.api", "message": "API Request Started: GET /api/topics/6/vote/stat/", "request_id": "6c6d9b2b-d843-4f35-ac33-aac1868d0946", "user_id": null, "api_id": "topic_api-get_vote_stat", "correlation_id": "6c6d9b2b-d843-4f35-ac33-aac1868d0946"}
{"timestamp": "2026-06-05 20:20:10,645", "level": "INFO", "logger_name": "core.api", "message": "API Response Completed: 200", "request_id": "6c6d9b2b-d843-4f35-ac33-aac1868d0946", "user_id": null, "api_id": "topic_api-get_vote_stat", "duration_ms": 2.37, "correlation_id": "6c6d9b2b-d843-4f35-ac33-aac1868d0946"}
{"timestamp": "2026-06-05 20:20:10,646", "level": "INFO", "logger_name": "django.server", "message": "\"GET /api/topics/6/vote/stat/ HTTP/1.1\" 200 97"}
{"timestamp": "2026-06-05 20:20:20,628", "level": "INFO", "logger_name": "core.api", "message": "API Request Started: GET /api/topics/6/vote/stat/", "request_id": "f0281492-ddd1-4f07-ba2f-123acba63b6c", "user_id": null, "api_id": "topic_api-get_vote_stat", "correlation_id": "f0281492-ddd1-4f07-ba2f-123acba63b6c"}
{"timestamp": "2026-06-05 20:20:20,630", "level": "INFO", "logger_name": "core.api", "message": "API Response Completed: 200", "request_id": "f0281492-ddd1-4f07-ba2f-123acba63b6c", "user_id": null, "api_id": "topic_api-get_vote_stat", "duration_ms": 2.55, "correlation_id": "f0281492-ddd1-4f07-ba2f-123acba63b6c"}
{"timestamp": "2026-06-05 20:20:20,630", "level": "INFO", "logger_name": "django.server", "message": "\"GET /api/topics/6/vote/stat/ HTTP/1.1\" 200 97"}
{"timestamp": "2026-06-05 20:20:30,717", "level": "INFO", "logger_name": "core.api", "message": "API Request Started: GET /api/topics/6/vote/stat/", "request_id": "6fe1d26a-5372-4182-a793-37762d8c3ed1", "user_id": null, "api_id": "topic_api-get_vote_stat", "correlation_id": "6fe1d26a-5372-4182-a793-37762d8c3ed1"}
{"timestamp": "2026-06-05 20:20:30,719", "level": "INFO", "logger_name": "core.api", "message": "API Response Completed: 200", "request_id": "6fe1d26a-5372-4182-a793-37762d8c3ed1", "user_id": null, "api_id": "topic_api-get_vote_stat", "duration_ms": 2.2, "correlation_id": "6fe1d26a-5372-4182-a793-37762d8c3ed1"}
{"timestamp": "2026-06-05 20:20:30,720", "level": "INFO", "logger_name": "django.server", "message": "\"GET /api/topics/6/vote/stat/ HTTP/1.1\" 200 97"}
{"timestamp": "2026-06-05 20:20:40,645", "level": "INFO", "logger_name": "core.api", "message": "API Request Started: GET /api/topics/6/vote/stat/", "request_id": "fce6fe6d-fa82-40c1-83d6-894e83d6e201", "user_id": null, "api_id": "topic_api-get_vote_stat", "correlation_id": "fce6fe6d-fa82-40c1-83d6-894e83d6e201"}
{"timestamp": "2026-06-05 20:20:40,647", "level": "INFO", "logger_name": "core.api", "message": "API Response Completed: 200", "request_id": "fce6fe6d-fa82-40c1-83d6-894e83d6e201", "user_id": null, "api_id": "topic_api-get_vote_stat", "duration_ms": 2.34, "correlation_id": "fce6fe6d-fa82-40c1-83d6-894e83d6e201"}
{"timestamp": "2026-06-05 20:20:40,647", "level": "INFO", "logger_name": "django.server", "message": "\"GET /api/topics/6/vote/stat/ HTTP/1.1\" 200 97"}
{"timestamp": "2026-06-05 20:20:50,652", "level": "INFO", "logger_name": "core.api", "message": "API Request Started: GET /api/topics/6/vote/stat/", "request_id": "fc9e61de-7d82-4067-b723-c5ba606974d4", "user_id": null, "api_id": "topic_api-get_vote_stat", "correlation_id": "fc9e61de-7d82-4067-b723-c5ba606974d4"}
{"timestamp": "2026-06-05 20:20:50,655", "level": "INFO", "logger_name": "core.api", "message": "API Response Completed: 200", "request_id": "fc9e61de-7d82-4067-b723-c5ba606974d4", "user_id": null, "api_id": "topic_api-get_vote_stat", "duration_ms": 2.3, "correlation_id": "fc9e61de-7d82-4067-b723-c5ba606974d4"}
{"timestamp": "2026-06-05 20:20:50,655", "level": "INFO", "logger_name": "django.server", "message": "\"GET /api/topics/6/vote/stat/ HTTP/1.1\" 200 97"}
{"timestamp": "2026-06-05 20:21:00,642", "level": "INFO", "logger_name": "core.api", "message": "API Request Started: GET /api/topics/6/vote/stat/", "request_id": "cb9a01ec-fcb3-401d-a51c-02a9b055b654", "user_id": null, "api_id": "topic_api-get_vote_stat", "correlation_id": "cb9a01ec-fcb3-401d-a51c-02a9b055b654"}
{"timestamp": "2026-06-05 20:21:00,644", "level": "INFO", "logger_name": "core.api", "message": "API Response Completed: 200", "request_id": "cb9a01ec-fcb3-401d-a51c-02a9b055b654", "user_id": null, "api_id": "topic_api-get_vote_stat", "duration_ms": 2.27, "correlation_id": "cb9a01ec-fcb3-401d-a51c-02a9b055b654"}
{"timestamp": "2026-06-05 20:21:00,645", "level": "INFO", "logger_name": "django.server", "message": "\"GET /api/topics/6/vote/stat/ HTTP/1.1\" 200 97"}
{"timestamp": "2026-06-05 20:21:10,650", "level": "INFO", "logger_name": "core.api", "message": "API Request Started: GET /api/topics/6/vote/stat/", "request_id": "2404113b-3f13-4a7a-8378-039549d4af26", "user_id": null, "api_id": "topic_api-get_vote_stat", "correlation_id": "2404113b-3f13-4a7a-8378-039549d4af26"}
{"timestamp": "2026-06-05 20:21:10,652", "level": "INFO", "logger_name": "core.api", "message": "API Response Completed: 200", "request_id": "2404113b-3f13-4a7a-8378-039549d4af26", "user_id": null, "api_id": "topic_api-get_vote_stat", "duration_ms": 2.19, "correlation_id": "2404113b-3f13-4a7a-8378-039549d4af26"}
{"timestamp": "2026-06-05 20:21:10,652", "level": "INFO", "logger_name": "django.server", "message": "\"GET /api/topics/6/vote/stat/ HTTP/1.1\" 200 97"}
{"timestamp": "2026-06-05 20:21:20,642", "level": "INFO", "logger_name": "core.api", "message": "API Request Started: GET /api/topics/6/vote/stat/", "request_id": "37657691-18aa-418d-9c7a-998fd8557a43", "user_id": null, "api_id": "topic_api-get_vote_stat", "correlation_id": "37657691-18aa-418d-9c7a-998fd8557a43"}
{"timestamp": "2026-06-05 20:21:20,644", "level": "INFO", "logger_name": "core.api", "message": "API Response Completed: 200", "request_id": "37657691-18aa-418d-9c7a-998fd8557a43", "user_id": null, "api_id": "topic_api-get_vote_stat", "duration_ms": 2.21, "correlation_id": "37657691-18aa-418d-9c7a-998fd8557a43"}
{"timestamp": "2026-06-05 20:21:20,644", "level": "INFO", "logger_name": "django.server", "message": "\"GET /api/topics/6/vote/stat/ HTTP/1.1\" 200 97"}
{"timestamp": "2026-06-05 20:21:30,644", "level": "INFO", "logger_name": "core.api", "message": "API Request Started: GET /api/topics/6/vote/stat/", "request_id": "9666a887-fa65-4c57-84f3-13763ce955ab", "user_id": null, "api_id": "topic_api-get_vote_stat", "correlation_id": "9666a887-fa65-4c57-84f3-13763ce955ab"}
{"timestamp": "2026-06-05 20:21:30,646", "level": "INFO", "logger_name": "core.api", "message": "API Response Completed: 200", "request_id": "9666a887-fa65-4c57-84f3-13763ce955ab", "user_id": null, "api_id": "topic_api-get_vote_stat", "duration_ms": 2.42, "correlation_id": "9666a887-fa65-4c57-84f3-13763ce955ab"}
{"timestamp": "2026-06-05 20:21:30,646", "level": "INFO", "logger_name": "django.server", "message": "\"GET /api/topics/6/vote/stat/ HTTP/1.1\" 200 97"}
{"timestamp": "2026-06-05 20:21:40,659", "level": "INFO", "logger_name": "core.api", "message": "API Request Started: GET /api/topics/6/vote/stat/", "request_id": "eaaeccde-b8e6-4e13-959b-55598626e2bc", "user_id": null, "api_id": "topic_api-get_vote_stat", "correlation_id": "eaaeccde-b8e6-4e13-959b-55598626e2bc"}
{"timestamp": "2026-06-05 20:21:40,661", "level": "INFO", "logger_name": "core.api", "message": "API Response Completed: 200", "request_id": "eaaeccde-b8e6-4e13-959b-55598626e2bc", "user_id": null, "api_id": "topic_api-get_vote_stat", "duration_ms": 2.12, "correlation_id": "eaaeccde-b8e6-4e13-959b-55598626e2bc"}
{"timestamp": "2026-06-05 20:21:40,661", "level": "INFO", "logger_name": "django.server", "message": "\"GET /api/topics/6/vote/stat/ HTTP/1.1\" 200 97"}
{"timestamp": "2026-06-05 20:21:50,662", "level": "INFO", "logger_name": "core.api", "message": "API Request Started: GET /api/topics/6/vote/stat/", "request_id": "523a4d59-8ad5-4daa-bacf-8d9389930d94", "user_id": null, "api_id": "topic_api-get_vote_stat", "correlation_id": "523a4d59-8ad5-4daa-bacf-8d9389930d94"}
{"timestamp": "2026-06-05 20:21:50,665", "level": "INFO", "logger_name": "core.api", "message": "API Response Completed: 200", "request_id": "523a4d59-8ad5-4daa-bacf-8d9389930d94", "user_id": null, "api_id": "topic_api-get_vote_stat", "duration_ms": 2.68, "correlation_id": "523a4d59-8ad5-4daa-bacf-8d9389930d94"}
{"timestamp": "2026-06-05 20:21:50,665", "level": "INFO", "logger_name": "django.server", "message": "\"GET /api/topics/6/vote/stat/ HTTP/1.1\" 200 97"}
{"timestamp": "2026-06-05 20:22:00,630", "level": "INFO", "logger_name": "core.api", "message": "API Request Started: GET /api/topics/6/vote/stat/", "request_id": "d0ddcbf9-62e2-483f-8790-992da84098b7", "user_id": null, "api_id": "topic_api-get_vote_stat", "correlation_id": "d0ddcbf9-62e2-483f-8790-992da84098b7"}
{"timestamp": "2026-06-05 20:22:00,632", "level": "INFO", "logger_name": "core.api", "message": "API Response Completed: 200", "request_id": "d0ddcbf9-62e2-483f-8790-992da84098b7", "user_id": null, "api_id": "topic_api-get_vote_stat", "duration_ms": 2.2, "correlation_id": "d0ddcbf9-62e2-483f-8790-992da84098b7"}
{"timestamp": "2026-06-05 20:22:00,632", "level": "INFO", "logger_name": "django.server", "message": "\"GET /api/topics/6/vote/stat/ HTTP/1.1\" 200 97"}
{"timestamp": "2026-06-05 20:22:10,647", "level": "INFO", "logger_name": "core.api", "message": "API Request Started: GET /api/topics/6/vote/stat/", "request_id": "5c06e43d-faad-4db5-a384-75bb4141b9fd", "user_id": null, "api_id": "topic_api-get_vote_stat", "correlation_id": "5c06e43d-faad-4db5-a384-75bb4141b9fd"}
{"timestamp": "2026-06-05 20:22:10,649", "level": "INFO", "logger_name": "core.api", "message": "API Response Completed: 200", "request_id": "5c06e43d-faad-4db5-a384-75bb4141b9fd", "user_id": null, "api_id": "topic_api-get_vote_stat", "duration_ms": 2.44, "correlation_id": "5c06e43d-faad-4db5-a384-75bb4141b9fd"}
{"timestamp": "2026-06-05 20:22:10,650", "level": "INFO", "logger_name": "django.server", "message": "\"GET /api/topics/6/vote/stat/ HTTP/1.1\" 200 97"}
{"timestamp": "2026-06-05 20:22:20,642", "level": "INFO", "logger_name": "core.api", "message": "API Request Started: GET /api/topics/6/vote/stat/", "request_id": "d1e89636-f3ef-4672-ace1-b15c5d8c8d08", "user_id": null, "api_id": "topic_api-get_vote_stat", "correlation_id": "d1e89636-f3ef-4672-ace1-b15c5d8c8d08"}
{"timestamp": "2026-06-05 20:22:20,645", "level": "INFO", "logger_name": "core.api", "message": "API Response Completed: 200", "request_id": "d1e89636-f3ef-4672-ace1-b15c5d8c8d08", "user_id": null, "api_id": "topic_api-get_vote_stat", "duration_ms": 2.54, "correlation_id": "d1e89636-f3ef-4672-ace1-b15c5d8c8d08"}
{"timestamp": "2026-06-05 20:22:20,645", "level": "INFO", "logger_name": "django.server", "message": "\"GET /api/topics/6/vote/stat/ HTTP/1.1\" 200 97"}
{"timestamp": "2026-06-05 20:22:30,643", "level": "INFO", "logger_name": "core.api", "message": "API Request Started: GET /api/topics/6/vote/stat/", "request_id": "631124ac-8afe-4d3f-afbd-7b3182b13590", "user_id": null, "api_id": "topic_api-get_vote_stat", "correlation_id": "631124ac-8afe-4d3f-afbd-7b3182b13590"}
{"timestamp": "2026-06-05 20:22:30,646", "level": "INFO", "logger_name": "core.api", "message": "API Response Completed: 200", "request_id": "631124ac-8afe-4d3f-afbd-7b3182b13590", "user_id": null, "api_id": "topic_api-get_vote_stat", "duration_ms": 2.29, "correlation_id": "631124ac-8afe-4d3f-afbd-7b3182b13590"}
{"timestamp": "2026-06-05 20:22:30,646", "level": "INFO", "logger_name": "django.server", "message": "\"GET /api/topics/6/vote/stat/ HTTP/1.1\" 200 97"}
{"timestamp": "2026-06-05 20:22:40,645", "level": "INFO", "logger_name": "core.api", "message": "API Request Started: GET /api/topics/6/vote/stat/", "request_id": "04afb05c-bb5f-41a1-9dde-0da7105f54f2", "user_id": null, "api_id": "topic_api-get_vote_stat", "correlation_id": "04afb05c-bb5f-41a1-9dde-0da7105f54f2"}
{"timestamp": "2026-06-05 20:22:40,647", "level": "INFO", "logger_name": "core.api", "message": "API Response Completed: 200", "request_id": "04afb05c-bb5f-41a1-9dde-0da7105f54f2", "user_id": null, "api_id": "topic_api-get_vote_stat", "duration_ms": 2.52, "correlation_id": "04afb05c-bb5f-41a1-9dde-0da7105f54f2"}
{"timestamp": "2026-06-05 20:22:40,648", "level": "INFO", "logger_name": "django.server", "message": "\"GET /api/topics/6/vote/stat/ HTTP/1.1\" 200 97"}
{"timestamp": "2026-06-05 20:22:50,648", "level": "INFO", "logger_name": "core.api", "message": "API Request Started: GET /api/topics/6/vote/stat/", "request_id": "f81fdd70-ceeb-428f-a027-b922d185eeb4", "user_id": null, "api_id": "topic_api-get_vote_stat", "correlation_id": "f81fdd70-ceeb-428f-a027-b922d185eeb4"}
{"timestamp": "2026-06-05 20:22:50,650", "level": "INFO", "logger_name": "core.api", "message": "API Response Completed: 200", "request_id": "f81fdd70-ceeb-428f-a027-b922d185eeb4", "user_id": null, "api_id": "topic_api-get_vote_stat", "duration_ms": 2.34, "correlation_id": "f81fdd70-ceeb-428f-a027-b922d185eeb4"}
{"timestamp": "2026-06-05 20:22:50,651", "level": "INFO", "logger_name": "django.server", "message": "\"GET /api/topics/6/vote/stat/ HTTP/1.1\" 200 97"}
{"timestamp": "2026-06-05 20:23:00,628", "level": "INFO", "logger_name": "core.api", "message": "API Request Started: GET /api/topics/6/vote/stat/", "request_id": "c662ff0c-1b57-422a-97ae-e5fb30202b51", "user_id": null, "api_id": "topic_api-get_vote_stat", "correlation_id": "c662ff0c-1b57-422a-97ae-e5fb30202b51"}
{"timestamp": "2026-06-05 20:23:00,631", "level": "INFO", "logger_name": "core.api", "message": "API Response Completed: 200", "request_id": "c662ff0c-1b57-422a-97ae-e5fb30202b51", "user_id": null, "api_id": "topic_api-get_vote_stat", "duration_ms": 2.27, "correlation_id": "c662ff0c-1b57-422a-97ae-e5fb30202b51"}
{"timestamp": "2026-06-05 20:23:00,631", "level": "INFO", "logger_name": "django.server", "message": "\"GET /api/topics/6/vote/stat/ HTTP/1.1\" 200 97"}
{"timestamp": "2026-06-05 20:23:10,639", "level": "INFO", "logger_name": "core.api", "message": "API Request Started: GET /api/topics/6/vote/stat/", "request_id": "9f9a774c-22f6-480d-a047-89428a106a23", "user_id": null, "api_id": "topic_api-get_vote_stat", "correlation_id": "9f9a774c-22f6-480d-a047-89428a106a23"}
{"timestamp": "2026-06-05 20:23:10,641", "level": "INFO", "logger_name": "core.api", "message": "API Response Completed: 200", "request_id": "9f9a774c-22f6-480d-a047-89428a106a23", "user_id": null, "api_id": "topic_api-get_vote_stat", "duration_ms": 2.21, "correlation_id": "9f9a774c-22f6-480d-a047-89428a106a23"}
{"timestamp": "2026-06-05 20:23:10,642", "level": "INFO", "logger_name": "django.server", "message": "\"GET /api/topics/6/vote/stat/ HTTP/1.1\" 200 97"}
{"timestamp": "2026-06-05 20:23:20,645", "level": "INFO", "logger_name": "core.api", "message": "API Request Started: GET /api/topics/6/vote/stat/", "request_id": "fed3b6be-15ec-4208-ac1c-62eefe209e23", "user_id": null, "api_id": "topic_api-get_vote_stat", "correlation_id": "fed3b6be-15ec-4208-ac1c-62eefe209e23"}
{"timestamp": "2026-06-05 20:23:20,647", "level": "INFO", "logger_name": "core.api", "message": "API Response Completed: 200", "request_id": "fed3b6be-15ec-4208-ac1c-62eefe209e23", "user_id": null, "api_id": "topic_api-get_vote_stat", "duration_ms": 2.22, "correlation_id": "fed3b6be-15ec-4208-ac1c-62eefe209e23"}
{"timestamp": "2026-06-05 20:23:20,648", "level": "INFO", "logger_name": "django.server", "message": "\"GET /api/topics/6/vote/stat/ HTTP/1.1\" 200 97"}
{"timestamp": "2026-06-05 20:23:30,651", "level": "INFO", "logger_name": "core.api", "message": "API Request Started: GET /api/topics/6/vote/stat/", "request_id": "049d24d4-22b3-4fd8-bb2d-4b34a4231a19", "user_id": null, "api_id": "topic_api-get_vote_stat", "correlation_id": "049d24d4-22b3-4fd8-bb2d-4b34a4231a19"}
{"timestamp": "2026-06-05 20:23:30,653", "level": "INFO", "logger_name": "core.api", "message": "API Response Completed: 200", "request_id": "049d24d4-22b3-4fd8-bb2d-4b34a4231a19", "user_id": null, "api_id": "topic_api-get_vote_stat", "duration_ms": 2.06, "correlation_id": "049d24d4-22b3-4fd8-bb2d-4b34a4231a19"}
{"timestamp": "2026-06-05 20:23:30,653", "level": "INFO", "logger_name": "django.server", "message": "\"GET /api/topics/6/vote/stat/ HTTP/1.1\" 200 97"}
{"timestamp": "2026-06-05 20:23:40,644", "level": "INFO", "logger_name": "core.api", "message": "API Request Started: GET /api/topics/6/vote/stat/", "request_id": "e67c13de-1ca4-4877-8174-9daad950803d", "user_id": null, "api_id": "topic_api-get_vote_stat", "correlation_id": "e67c13de-1ca4-4877-8174-9daad950803d"}
{"timestamp": "2026-06-05 20:23:40,646", "level": "INFO", "logger_name": "core.api", "message": "API Response Completed: 200", "request_id": "e67c13de-1ca4-4877-8174-9daad950803d", "user_id": null, "api_id": "topic_api-get_vote_stat", "duration_ms": 2.08, "correlation_id": "e67c13de-1ca4-4877-8174-9daad950803d"}
{"timestamp": "2026-06-05 20:23:40,646", "level": "INFO", "logger_name": "django.server", "message": "\"GET /api/topics/6/vote/stat/ HTTP/1.1\" 200 97"}
{"timestamp": "2026-06-05 20:23:50,653", "level": "INFO", "logger_name": "core.api", "message": "API Request Started: GET /api/topics/6/vote/stat/", "request_id": "7e04f914-ee7a-4b87-8411-0d33143f9a2e", "user_id": null, "api_id": "topic_api-get_vote_stat", "correlation_id": "7e04f914-ee7a-4b87-8411-0d33143f9a2e"}
{"timestamp": "2026-06-05 20:23:50,656", "level": "INFO", "logger_name": "core.api", "message": "API Response Completed: 200", "request_id": "7e04f914-ee7a-4b87-8411-0d33143f9a2e", "user_id": null, "api_id": "topic_api-get_vote_stat", "duration_ms": 2.13, "correlation_id": "7e04f914-ee7a-4b87-8411-0d33143f9a2e"}
{"timestamp": "2026-06-05 20:23:50,656", "level": "INFO", "logger_name": "django.server", "message": "\"GET /api/topics/6/vote/stat/ HTTP/1.1\" 200 97"}
{"timestamp": "2026-06-05 20:24:00,627", "level": "INFO", "logger_name": "core.api", "message": "API Request Started: GET /api/topics/6/vote/stat/", "request_id": "22e4b9a8-c910-47cd-9678-af3a4d6f33f2", "user_id": null, "api_id": "topic_api-get_vote_stat", "correlation_id": "22e4b9a8-c910-47cd-9678-af3a4d6f33f2"}
{"timestamp": "2026-06-05 20:24:00,629", "level": "INFO", "logger_name": "core.api", "message": "API Response Completed: 200", "request_id": "22e4b9a8-c910-47cd-9678-af3a4d6f33f2", "user_id": null, "api_id": "topic_api-get_vote_stat", "duration_ms": 2.26, "correlation_id": "22e4b9a8-c910-47cd-9678-af3a4d6f33f2"}
{"timestamp": "2026-06-05 20:24:00,630", "level": "INFO", "logger_name": "django.server", "message": "\"GET /api/topics/6/vote/stat/ HTTP/1.1\" 200 97"}
{"timestamp": "2026-06-05 20:24:10,623", "level": "INFO", "logger_name": "core.api", "message": "API Request Started: GET /api/topics/6/vote/stat/", "request_id": "1ae4f5e8-df27-4d9b-aaa1-6680b0044517", "user_id": null, "api_id": "topic_api-get_vote_stat", "correlation_id": "1ae4f5e8-df27-4d9b-aaa1-6680b0044517"}
{"timestamp": "2026-06-05 20:24:10,625", "level": "INFO", "logger_name": "core.api", "message": "API Response Completed: 200", "request_id": "1ae4f5e8-df27-4d9b-aaa1-6680b0044517", "user_id": null, "api_id": "topic_api-get_vote_stat", "duration_ms": 2.43, "correlation_id": "1ae4f5e8-df27-4d9b-aaa1-6680b0044517"}
{"timestamp": "2026-06-05 20:24:10,626", "level": "INFO", "logger_name": "django.server", "message": "\"GET /api/topics/6/vote/stat/ HTTP/1.1\" 200 97"}
{"timestamp": "2026-06-05 20:24:20,631", "level": "INFO", "logger_name": "core.api", "message": "API Request Started: GET /api/topics/6/vote/stat/", "request_id": "cba6f34a-1b91-4a77-a0ec-551bd30e787b", "user_id": null, "api_id": "topic_api-get_vote_stat", "correlation_id": "cba6f34a-1b91-4a77-a0ec-551bd30e787b"}
{"timestamp": "2026-06-05 20:24:20,633", "level": "INFO", "logger_name": "core.api", "message": "API Response Completed: 200", "request_id": "cba6f34a-1b91-4a77-a0ec-551bd30e787b", "user_id": null, "api_id": "topic_api-get_vote_stat", "duration_ms": 2.34, "correlation_id": "cba6f34a-1b91-4a77-a0ec-551bd30e787b"}
{"timestamp": "2026-06-05 20:24:20,634", "level": "INFO", "logger_name": "django.server", "message": "\"GET /api/topics/6/vote/stat/ HTTP/1.1\" 200 97"}
{"timestamp": "2026-06-05 20:24:30,636", "level": "INFO", "logger_name": "core.api", "message": "API Request Started: GET /api/topics/6/vote/stat/", "request_id": "9e8e4354-a53f-4443-a23f-540baa3d802f", "user_id": null, "api_id": "topic_api-get_vote_stat", "correlation_id": "9e8e4354-a53f-4443-a23f-540baa3d802f"}
{"timestamp": "2026-06-05 20:24:30,638", "level": "INFO", "logger_name": "core.api", "message": "API Response Completed: 200", "request_id": "9e8e4354-a53f-4443-a23f-540baa3d802f", "user_id": null, "api_id": "topic_api-get_vote_stat", "duration_ms": 2.21, "correlation_id": "9e8e4354-a53f-4443-a23f-540baa3d802f"}
{"timestamp": "2026-06-05 20:24:30,639", "level": "INFO", "logger_name": "django.server", "message": "\"GET /api/topics/6/vote/stat/ HTTP/1.1\" 200 97"}
{"timestamp": "2026-06-05 20:24:40,628", "level": "INFO", "logger_name": "core.api", "message": "API Request Started: GET /api/topics/6/vote/stat/", "request_id": "29acffcf-d088-4c0e-a0eb-f4df2348cf95", "user_id": null, "api_id": "topic_api-get_vote_stat", "correlation_id": "29acffcf-d088-4c0e-a0eb-f4df2348cf95"}
{"timestamp": "2026-06-05 20:24:40,630", "level": "INFO", "logger_name": "core.api", "message": "API Response Completed: 200", "request_id": "29acffcf-d088-4c0e-a0eb-f4df2348cf95", "user_id": null, "api_id": "topic_api-get_vote_stat", "duration_ms": 2.16, "correlation_id": "29acffcf-d088-4c0e-a0eb-f4df2348cf95"}
{"timestamp": "2026-06-05 20:24:40,631", "level": "INFO", "logger_name": "django.server", "message": "\"GET /api/topics/6/vote/stat/ HTTP/1.1\" 200 97"}
{"timestamp": "2026-06-05 20:24:50,640", "level": "INFO", "logger_name": "core.api", "message": "API Request Started: GET /api/topics/6/vote/stat/", "request_id": "e297e29a-8da8-4788-a40e-5d5c77ff5eae", "user_id": null, "api_id": "topic_api-get_vote_stat", "correlation_id": "e297e29a-8da8-4788-a40e-5d5c77ff5eae"}
{"timestamp": "2026-06-05 20:24:50,643", "level": "INFO", "logger_name": "core.api", "message": "API Response Completed: 200", "request_id": "e297e29a-8da8-4788-a40e-5d5c77ff5eae", "user_id": null, "api_id": "topic_api-get_vote_stat", "duration_ms": 2.48, "correlation_id": "e297e29a-8da8-4788-a40e-5d5c77ff5eae"}
{"timestamp": "2026-06-05 20:24:50,643", "level": "INFO", "logger_name": "django.server", "message": "\"GET /api/topics/6/vote/stat/ HTTP/1.1\" 200 97"}
{"timestamp": "2026-06-05 20:25:00,628", "level": "INFO", "logger_name": "core.api", "message": "API Request Started: GET /api/topics/6/vote/stat/", "request_id": "7c06951b-2cd6-4e98-ad31-eca0f42782c8", "user_id": null, "api_id": "topic_api-get_vote_stat", "correlation_id": "7c06951b-2cd6-4e98-ad31-eca0f42782c8"}
{"timestamp": "2026-06-05 20:25:00,631", "level": "INFO", "logger_name": "core.api", "message": "API Response Completed: 200", "request_id": "7c06951b-2cd6-4e98-ad31-eca0f42782c8", "user_id": null, "api_id": "topic_api-get_vote_stat", "duration_ms": 3.09, "correlation_id": "7c06951b-2cd6-4e98-ad31-eca0f42782c8"}
{"timestamp": "2026-06-05 20:25:00,631", "level": "INFO", "logger_name": "django.server", "message": "\"GET /api/topics/6/vote/stat/ HTTP/1.1\" 200 97"}
{"timestamp": "2026-06-05 20:25:10,627", "level": "INFO", "logger_name": "core.api", "message": "API Request Started: GET /api/topics/6/vote/stat/", "request_id": "414b99c6-f3d6-49a8-bad0-c9a7c71e382d", "user_id": null, "api_id": "topic_api-get_vote_stat", "correlation_id": "414b99c6-f3d6-49a8-bad0-c9a7c71e382d"}
{"timestamp": "2026-06-05 20:25:10,629", "level": "INFO", "logger_name": "core.api", "message": "API Response Completed: 200", "request_id": "414b99c6-f3d6-49a8-bad0-c9a7c71e382d", "user_id": null, "api_id": "topic_api-get_vote_stat", "duration_ms": 2.5, "correlation_id": "414b99c6-f3d6-49a8-bad0-c9a7c71e382d"}
{"timestamp": "2026-06-05 20:25:10,630", "level": "INFO", "logger_name": "django.server", "message": "\"GET /api/topics/6/vote/stat/ HTTP/1.1\" 200 97"}
{"timestamp": "2026-06-05 20:25:20,628", "level": "INFO", "logger_name": "core.api", "message": "API Request Started: GET /api/topics/6/vote/stat/", "request_id": "32e9fd43-f71a-414f-bcb5-c428f8933993", "user_id": null, "api_id": "topic_api-get_vote_stat", "correlation_id": "32e9fd43-f71a-414f-bcb5-c428f8933993"}
{"timestamp": "2026-06-05 20:25:20,630", "level": "INFO", "logger_name": "core.api", "message": "API Response Completed: 200", "request_id": "32e9fd43-f71a-414f-bcb5-c428f8933993", "user_id": null, "api_id": "topic_api-get_vote_stat", "duration_ms": 2.25, "correlation_id": "32e9fd43-f71a-414f-bcb5-c428f8933993"}
{"timestamp": "2026-06-05 20:25:20,630", "level": "INFO", "logger_name": "django.server", "message": "\"GET /api/topics/6/vote/stat/ HTTP/1.1\" 200 97"}
{"timestamp": "2026-06-05 20:25:30,621", "level": "INFO", "logger_name": "core.api", "message": "API Request Started: GET /api/topics/6/vote/stat/", "request_id": "96f63724-cb67-4881-83e0-b3f188bf72ba", "user_id": null, "api_id": "topic_api-get_vote_stat", "correlation_id": "96f63724-cb67-4881-83e0-b3f188bf72ba"}
{"timestamp": "2026-06-05 20:25:30,624", "level": "INFO", "logger_name": "core.api", "message": "API Response Completed: 200", "request_id": "96f63724-cb67-4881-83e0-b3f188bf72ba", "user_id": null, "api_id": "topic_api-get_vote_stat", "duration_ms": 2.66, "correlation_id": "96f63724-cb67-4881-83e0-b3f188bf72ba"}
{"timestamp": "2026-06-05 20:25:30,624", "level": "INFO", "logger_name": "django.server", "message": "\"GET /api/topics/6/vote/stat/ HTTP/1.1\" 200 97"}
{"timestamp": "2026-06-05 20:25:40,644", "level": "INFO", "logger_name": "core.api", "message": "API Request Started: GET /api/topics/6/vote/stat/", "request_id": "e64cbba1-4113-4bc4-8d86-36c1e93f8e32", "user_id": null, "api_id": "topic_api-get_vote_stat", "correlation_id": "e64cbba1-4113-4bc4-8d86-36c1e93f8e32"}
{"timestamp": "2026-06-05 20:25:40,646", "level": "INFO", "logger_name": "core.api", "message": "API Response Completed: 200", "request_id": "e64cbba1-4113-4bc4-8d86-36c1e93f8e32", "user_id": null, "api_id": "topic_api-get_vote_stat", "duration_ms": 2.54, "correlation_id": "e64cbba1-4113-4bc4-8d86-36c1e93f8e32"}
{"timestamp": "2026-06-05 20:25:40,647", "level": "INFO", "logger_name": "django.server", "message": "\"GET /api/topics/6/vote/stat/ HTTP/1.1\" 200 97"}
{"timestamp": "2026-06-05 20:25:50,645", "level": "INFO", "logger_name": "core.api", "message": "API Request Started: GET /api/topics/6/vote/stat/", "request_id": "e34d1dd2-dac7-461f-8eef-20faa02b30ac", "user_id": null, "api_id": "topic_api-get_vote_stat", "correlation_id": "e34d1dd2-dac7-461f-8eef-20faa02b30ac"}
{"timestamp": "2026-06-05 20:25:50,647", "level": "INFO", "logger_name": "core.api", "message": "API Response Completed: 200", "request_id": "e34d1dd2-dac7-461f-8eef-20faa02b30ac", "user_id": null, "api_id": "topic_api-get_vote_stat", "duration_ms": 2.2, "correlation_id": "e34d1dd2-dac7-461f-8eef-20faa02b30ac"}
{"timestamp": "2026-06-05 20:25:50,647", "level": "INFO", "logger_name": "django.server", "message": "\"GET /api/topics/6/vote/stat/ HTTP/1.1\" 200 97"}
{"timestamp": "2026-06-05 20:26:00,641", "level": "INFO", "logger_name": "core.api", "message": "API Request Started: GET /api/topics/6/vote/stat/", "request_id": "63dcb123-e079-44cd-bb0b-4928d663bec2", "user_id": null, "api_id": "topic_api-get_vote_stat", "correlation_id": "63dcb123-e079-44cd-bb0b-4928d663bec2"}
{"timestamp": "2026-06-05 20:26:00,643", "level": "INFO", "logger_name": "core.api", "message": "API Response Completed: 200", "request_id": "63dcb123-e079-44cd-bb0b-4928d663bec2", "user_id": null, "api_id": "topic_api-get_vote_stat", "duration_ms": 2.57, "correlation_id": "63dcb123-e079-44cd-bb0b-4928d663bec2"}
{"timestamp": "2026-06-05 20:26:00,644", "level": "INFO", "logger_name": "django.server", "message": "\"GET /api/topics/6/vote/stat/ HTTP/1.1\" 200 97"}
{"timestamp": "2026-06-05 20:26:10,623", "level": "INFO", "logger_name": "core.api", "message": "API Request Started: GET /api/topics/6/vote/stat/", "request_id": "55625963-11d2-4d2e-8cac-56ab77675517", "user_id": null, "api_id": "topic_api-get_vote_stat", "correlation_id": "55625963-11d2-4d2e-8cac-56ab77675517"}
{"timestamp": "2026-06-05 20:26:10,625", "level": "INFO", "logger_name": "core.api", "message": "API Response Completed: 200", "request_id": "55625963-11d2-4d2e-8cac-56ab77675517", "user_id": null, "api_id": "topic_api-get_vote_stat", "duration_ms": 2.39, "correlation_id": "55625963-11d2-4d2e-8cac-56ab77675517"}
{"timestamp": "2026-06-05 20:26:10,626", "level": "INFO", "logger_name": "django.server", "message": "\"GET /api/topics/6/vote/stat/ HTTP/1.1\" 200 97"}
{"timestamp": "2026-06-05 20:26:20,639", "level": "INFO", "logger_name": "core.api", "message": "API Request Started: GET /api/topics/6/vote/stat/", "request_id": "0b4c4897-3c35-4a9a-9935-c49d12ad4b9c", "user_id": null, "api_id": "topic_api-get_vote_stat", "correlation_id": "0b4c4897-3c35-4a9a-9935-c49d12ad4b9c"}
{"timestamp": "2026-06-05 20:26:20,642", "level": "INFO", "logger_name": "core.api", "message": "API Response Completed: 200", "request_id": "0b4c4897-3c35-4a9a-9935-c49d12ad4b9c", "user_id": null, "api_id": "topic_api-get_vote_stat", "duration_ms": 2.79, "correlation_id": "0b4c4897-3c35-4a9a-9935-c49d12ad4b9c"}
{"timestamp": "2026-06-05 20:26:20,642", "level": "INFO", "logger_name": "django.server", "message": "\"GET /api/topics/6/vote/stat/ HTTP/1.1\" 200 97"}
{"timestamp": "2026-06-05 20:26:30,618", "level": "INFO", "logger_name": "core.api", "message": "API Request Started: GET /api/topics/6/vote/stat/", "request_id": "1c73a412-4666-420f-a23d-9ae37ab5a420", "user_id": null, "api_id": "topic_api-get_vote_stat", "correlation_id": "1c73a412-4666-420f-a23d-9ae37ab5a420"}
{"timestamp": "2026-06-05 20:26:30,621", "level": "INFO", "logger_name": "core.api", "message": "API Response Completed: 200", "request_id": "1c73a412-4666-420f-a23d-9ae37ab5a420", "user_id": null, "api_id": "topic_api-get_vote_stat", "duration_ms": 2.78, "correlation_id": "1c73a412-4666-420f-a23d-9ae37ab5a420"}
{"timestamp": "2026-06-05 20:26:30,622", "level": "INFO", "logger_name": "django.server", "message": "\"GET /api/topics/6/vote/stat/ HTTP/1.1\" 200 97"}
{"timestamp": "2026-06-05 20:26:40,643", "level": "INFO", "logger_name": "core.api", "message": "API Request Started: GET /api/topics/6/vote/stat/", "request_id": "fb7790c7-02da-496a-81cc-72c1f3861938", "user_id": null, "api_id": "topic_api-get_vote_stat", "correlation_id": "fb7790c7-02da-496a-81cc-72c1f3861938"}
{"timestamp": "2026-06-05 20:26:40,645", "level": "INFO", "logger_name": "core.api", "message": "API Response Completed: 200", "request_id": "fb7790c7-02da-496a-81cc-72c1f3861938", "user_id": null, "api_id": "topic_api-get_vote_stat", "duration_ms": 2.39, "correlation_id": "fb7790c7-02da-496a-81cc-72c1f3861938"}
{"timestamp": "2026-06-05 20:26:40,645", "level": "INFO", "logger_name": "django.server", "message": "\"GET /api/topics/6/vote/stat/ HTTP/1.1\" 200 97"}
{"timestamp": "2026-06-05 20:26:50,802", "level": "INFO", "logger_name": "core.api", "message": "API Request Started: GET /api/students/info", "request_id": "1f160a9f-cbef-4959-8d99-282b24444e4d", "user_id": null, "api_id": "auth-view", "correlation_id": "1f160a9f-cbef-4959-8d99-282b24444e4d"}
{"timestamp": "2026-06-05 20:26:50,802", "level": "INFO", "logger_name": "core.api.auth", "message": "=== [API CALL] GET /students/info ==="}
{"timestamp": "2026-06-05 20:26:50,804", "level": "INFO", "logger_name": "core.api", "message": "API Response Completed: 200", "request_id": "1f160a9f-cbef-4959-8d99-282b24444e4d", "user_id": null, "api_id": "auth-view", "duration_ms": 2.03, "correlation_id": "1f160a9f-cbef-4959-8d99-282b24444e4d"}
{"timestamp": "2026-06-05 20:26:50,804", "level": "INFO", "logger_name": "django.server", "message": "\"GET /api/students/info HTTP/1.1\" 200 256"}
{"timestamp": "2026-06-05 20:26:51,245", "level": "INFO", "logger_name": "core.api", "message": "API Request Started: GET /api/topics/active/", "request_id": "83a2c3f4-043b-4bcd-b79b-302e44044082", "user_id": null, "api_id": "topic_api-get_active_topic", "correlation_id": "83a2c3f4-043b-4bcd-b79b-302e44044082"}
{"timestamp": "2026-06-05 20:26:51,248", "level": "INFO", "logger_name": "core.api", "message": "API Response Completed: 200", "request_id": "83a2c3f4-043b-4bcd-b79b-302e44044082", "user_id": null, "api_id": "topic_api-get_active_topic", "duration_ms": 2.59, "correlation_id": "83a2c3f4-043b-4bcd-b79b-302e44044082"}
{"timestamp": "2026-06-05 20:26:51,248", "level": "INFO", "logger_name": "django.server", "message": "\"GET /api/topics/active/ HTTP/1.1\" 200 348"}
{"timestamp": "2026-06-05 20:26:51,314", "level": "INFO", "logger_name": "core.api", "message": "API Request Started: GET /api/students/info", "request_id": "3511724b-040d-4113-a4ba-863abf5bc1dc", "user_id": null, "api_id": "auth-view", "correlation_id": "3511724b-040d-4113-a4ba-863abf5bc1dc"}
{"timestamp": "2026-06-05 20:26:51,315", "level": "INFO", "logger_name": "core.api.auth", "message": "=== [API CALL] GET /students/info ==="}
{"timestamp": "2026-06-05 20:26:51,317", "level": "INFO", "logger_name": "core.api", "message": "API Response Completed: 200", "request_id": "3511724b-040d-4113-a4ba-863abf5bc1dc", "user_id": null, "api_id": "auth-view", "duration_ms": 2.93, "correlation_id": "3511724b-040d-4113-a4ba-863abf5bc1dc"}
{"timestamp": "2026-06-05 20:26:51,318", "level": "INFO", "logger_name": "core.api", "message": "API Request Started: GET /api/topics/6/vote/stat/", "request_id": "a6d68235-32cd-4c59-9014-ad1d3d3e4cc9", "user_id": null, "api_id": "topic_api-get_vote_stat", "correlation_id": "a6d68235-32cd-4c59-9014-ad1d3d3e4cc9"}
{"timestamp": "2026-06-05 20:26:51,318", "level": "INFO", "logger_name": "django.server", "message": "\"GET /api/students/info HTTP/1.1\" 200 256"}
{"timestamp": "2026-06-05 20:26:51,321", "level": "INFO", "logger_name": "core.api", "message": "API Response Completed: 200", "request_id": "a6d68235-32cd-4c59-9014-ad1d3d3e4cc9", "user_id": null, "api_id": "topic_api-get_vote_stat", "duration_ms": 3.08, "correlation_id": "a6d68235-32cd-4c59-9014-ad1d3d3e4cc9"}
{"timestamp": "2026-06-05 20:26:51,321", "level": "INFO", "logger_name": "django.server", "message": "\"GET /api/topics/6/vote/stat/ HTTP/1.1\" 200 97"}
{"timestamp": "2026-06-05 20:26:54,222", "level": "INFO", "logger_name": "core.api", "message": "API Request Started: GET /api/topics/", "request_id": "cccba0ba-e15f-4326-baed-e45a52b34e10", "user_id": null, "api_id": "topic_api-get_topic_list", "correlation_id": "cccba0ba-e15f-4326-baed-e45a52b34e10"}
{"timestamp": "2026-06-05 20:26:54,227", "level": "INFO", "logger_name": "core.api", "message": "API Response Completed: 200", "request_id": "cccba0ba-e15f-4326-baed-e45a52b34e10", "user_id": null, "api_id": "topic_api-get_topic_list", "duration_ms": 4.98, "correlation_id": "cccba0ba-e15f-4326-baed-e45a52b34e10"}
{"timestamp": "2026-06-05 20:26:54,228", "level": "INFO", "logger_name": "django.server", "message": "\"GET /api/topics/ HTTP/1.1\" 200 1864"}
{"timestamp": "2026-06-05 20:26:56,434", "level": "INFO", "logger_name": "core.api", "message": "API Request Started: GET /api/topics/6/comments/list/", "request_id": "3bdf5e1e-9358-4fa7-9971-3e0ca350c197", "user_id": null, "api_id": "topic_api-get_topic_comments", "correlation_id": "3bdf5e1e-9358-4fa7-9971-3e0ca350c197"}
{"timestamp": "2026-06-05 20:26:56,434", "level": "INFO", "logger_name": "core.api", "message": "API Request Started: GET /api/topics/6/comments/list/", "request_id": "52d0b3b1-93bb-4b4c-accd-93d9a285a48e", "user_id": null, "api_id": "topic_api-get_topic_comments", "correlation_id": "52d0b3b1-93bb-4b4c-accd-93d9a285a48e"}
{"timestamp": "2026-06-05 20:26:56,453", "level": "INFO", "logger_name": "core.api", "message": "API Response Completed: 200", "request_id": "3bdf5e1e-9358-4fa7-9971-3e0ca350c197", "user_id": null, "api_id": "topic_api-get_topic_comments", "duration_ms": 18.78, "correlation_id": "3bdf5e1e-9358-4fa7-9971-3e0ca350c197"}
{"timestamp": "2026-06-05 20:26:56,453", "level": "INFO", "logger_name": "core.api", "message": "API Response Completed: 200", "request_id": "52d0b3b1-93bb-4b4c-accd-93d9a285a48e", "user_id": null, "api_id": "topic_api-get_topic_comments", "duration_ms": 18.92, "correlation_id": "52d0b3b1-93bb-4b4c-accd-93d9a285a48e"}
{"timestamp": "2026-06-05 20:26:56,454", "level": "INFO", "logger_name": "django.server", "message": "\"GET /api/topics/6/comments/list/?opinion=true&sort=latest HTTP/1.1\" 200 5384"}
{"timestamp": "2026-06-05 20:26:56,454", "level": "INFO", "logger_name": "django.server", "message": "\"GET /api/topics/6/comments/list/?opinion=false&sort=latest HTTP/1.1\" 200 5884"}
{"timestamp": "2026-06-05 20:26:59,012", "level": "INFO", "logger_name": "core.api", "message": "API Request Started: GET /api/topics/6/comments/list/", "request_id": "6baf8f0e-d297-48c7-836c-d28cdefab0bb", "user_id": null, "api_id": "topic_api-get_topic_comments", "correlation_id": "6baf8f0e-d297-48c7-836c-d28cdefab0bb"}
{"timestamp": "2026-06-05 20:26:59,021", "level": "INFO", "logger_name": "core.api", "message": "API Response Completed: 200", "request_id": "6baf8f0e-d297-48c7-836c-d28cdefab0bb", "user_id": null, "api_id": "topic_api-get_topic_comments", "duration_ms": 8.75, "correlation_id": "6baf8f0e-d297-48c7-836c-d28cdefab0bb"}
{"timestamp": "2026-06-05 20:26:59,022", "level": "INFO", "logger_name": "django.server", "message": "\"GET /api/topics/6/comments/list/?opinion=true&sort=latest&cursor=1360 HTTP/1.1\" 200 5499"}
{"timestamp": "2026-06-05 20:27:02,777", "level": "INFO", "logger_name": "core.api", "message": "API Request Started: POST /api/topics/6/comments/", "request_id": "3aa87894-b50d-4651-9c92-3b5b2f5db078", "user_id": null, "api_id": "topic_api-create_topic_comment", "correlation_id": "3aa87894-b50d-4651-9c92-3b5b2f5db078"}
{"timestamp": "2026-06-05 20:27:02,793", "level": "INFO", "logger_name": "core.api", "message": "API Response Completed: 201", "request_id": "3aa87894-b50d-4651-9c92-3b5b2f5db078", "user_id": null, "api_id": "topic_api-create_topic_comment", "duration_ms": 30.03, "correlation_id": "3aa87894-b50d-4651-9c92-3b5b2f5db078"}
{"timestamp": "2026-06-05 20:27:02,794", "level": "INFO", "logger_name": "django.server", "message": "\"POST /api/topics/6/comments/ HTTP/1.1\" 201 231"}
{"timestamp": "2026-06-05 20:27:06,097", "level": "INFO", "logger_name": "core.api", "message": "API Request Started: GET /api/topics/6/vote/stat/", "request_id": "0ae81abd-308a-4072-9c58-e7991e9f3c7c", "user_id": null, "api_id": "topic_api-get_vote_stat", "correlation_id": "0ae81abd-308a-4072-9c58-e7991e9f3c7c"}
{"timestamp": "2026-06-05 20:27:06,099", "level": "INFO", "logger_name": "core.api", "message": "API Response Completed: 200", "request_id": "0ae81abd-308a-4072-9c58-e7991e9f3c7c", "user_id": null, "api_id": "topic_api-get_vote_stat", "duration_ms": 2.7, "correlation_id": "0ae81abd-308a-4072-9c58-e7991e9f3c7c"}
{"timestamp": "2026-06-05 20:27:06,100", "level": "INFO", "logger_name": "django.server", "message": "\"GET /api/topics/6/vote/stat/ HTTP/1.1\" 200 97"}
{"timestamp": "2026-06-05 20:27:21,470", "level": "INFO", "logger_name": "core.api", "message": "API Request Started: GET /api/topics/6/vote/stat/", "request_id": "a0c9f28f-6025-403f-961c-51ddd30004aa", "user_id": null, "api_id": "topic_api-get_vote_stat", "correlation_id": "a0c9f28f-6025-403f-961c-51ddd30004aa"}
{"timestamp": "2026-06-05 20:27:21,472", "level": "INFO", "logger_name": "core.api", "message": "API Response Completed: 200", "request_id": "a0c9f28f-6025-403f-961c-51ddd30004aa", "user_id": null, "api_id": "topic_api-get_vote_stat", "duration_ms": 2.31, "correlation_id": "a0c9f28f-6025-403f-961c-51ddd30004aa"}
{"timestamp": "2026-06-05 20:27:21,473", "level": "INFO", "logger_name": "django.server", "message": "\"GET /api/topics/6/vote/stat/ HTTP/1.1\" 200 97"}
{"timestamp": "2026-06-05 20:27:31,460", "level": "INFO", "logger_name": "core.api", "message": "API Request Started: GET /api/topics/6/vote/stat/", "request_id": "0b624645-d01d-4551-8fa1-5c284f19fcc5", "user_id": null, "api_id": "topic_api-get_vote_stat", "correlation_id": "0b624645-d01d-4551-8fa1-5c284f19fcc5"}
{"timestamp": "2026-06-05 20:27:31,463", "level": "INFO", "logger_name": "core.api", "message": "API Response Completed: 200", "request_id": "0b624645-d01d-4551-8fa1-5c284f19fcc5", "user_id": null, "api_id": "topic_api-get_vote_stat", "duration_ms": 2.36, "correlation_id": "0b624645-d01d-4551-8fa1-5c284f19fcc5"}
{"timestamp": "2026-06-05 20:27:31,463", "level": "INFO", "logger_name": "django.server", "message": "\"GET /api/topics/6/vote/stat/ HTTP/1.1\" 200 97"}
{"timestamp": "2026-06-05 20:27:41,468", "level": "INFO", "logger_name": "core.api", "message": "API Request Started: GET /api/topics/6/vote/stat/", "request_id": "cd759602-8413-4782-b568-c19efceffdcf", "user_id": null, "api_id": "topic_api-get_vote_stat", "correlation_id": "cd759602-8413-4782-b568-c19efceffdcf"}
{"timestamp": "2026-06-05 20:27:41,470", "level": "INFO", "logger_name": "core.api", "message": "API Response Completed: 200", "request_id": "cd759602-8413-4782-b568-c19efceffdcf", "user_id": null, "api_id": "topic_api-get_vote_stat", "duration_ms": 2.25, "correlation_id": "cd759602-8413-4782-b568-c19efceffdcf"}
{"timestamp": "2026-06-05 20:27:41,470", "level": "INFO", "logger_name": "django.server", "message": "\"GET /api/topics/6/vote/stat/ HTTP/1.1\" 200 97"}
{"timestamp": "2026-06-05 20:27:51,461", "level": "INFO", "logger_name": "core.api", "message": "API Request Started: GET /api/topics/6/vote/stat/", "request_id": "788f505c-f67f-44dd-a249-8bc3f25bb16d", "user_id": null, "api_id": "topic_api-get_vote_stat", "correlation_id": "788f505c-f67f-44dd-a249-8bc3f25bb16d"}
{"timestamp": "2026-06-05 20:27:51,465", "level": "INFO", "logger_name": "core.api", "message": "API Response Completed: 200", "request_id": "788f505c-f67f-44dd-a249-8bc3f25bb16d", "user_id": null, "api_id": "topic_api-get_vote_stat", "duration_ms": 4.28, "correlation_id": "788f505c-f67f-44dd-a249-8bc3f25bb16d"}
{"timestamp": "2026-06-05 20:27:51,466", "level": "INFO", "logger_name": "django.server", "message": "\"GET /api/topics/6/vote/stat/ HTTP/1.1\" 200 97"}
{"timestamp": "2026-06-05 20:28:01,462", "level": "INFO", "logger_name": "core.api", "message": "API Request Started: GET /api/topics/6/vote/stat/", "request_id": "50a58666-17fb-4cb8-ace2-9e1d3d14f98e", "user_id": null, "api_id": "topic_api-get_vote_stat", "correlation_id": "50a58666-17fb-4cb8-ace2-9e1d3d14f98e"}
{"timestamp": "2026-06-05 20:28:01,464", "level": "INFO", "logger_name": "core.api", "message": "API Response Completed: 200", "request_id": "50a58666-17fb-4cb8-ace2-9e1d3d14f98e", "user_id": null, "api_id": "topic_api-get_vote_stat", "duration_ms": 2.14, "correlation_id": "50a58666-17fb-4cb8-ace2-9e1d3d14f98e"}
{"timestamp": "2026-06-05 20:28:01,465", "level": "INFO", "logger_name": "django.server", "message": "\"GET /api/topics/6/vote/stat/ HTTP/1.1\" 200 97"}
{"timestamp": "2026-06-05 20:28:03,983", "level": "INFO", "logger_name": "core.api", "message": "API Request Started: GET /api/topics/6/comments/list/", "request_id": "7558f34f-7a01-4d03-ac6c-4fcd46a9c92d", "user_id": null, "api_id": "topic_api-get_topic_comments", "correlation_id": "7558f34f-7a01-4d03-ac6c-4fcd46a9c92d"}
{"timestamp": "2026-06-05 20:28:03,992", "level": "INFO", "logger_name": "core.api", "message": "API Response Completed: 200", "request_id": "7558f34f-7a01-4d03-ac6c-4fcd46a9c92d", "user_id": null, "api_id": "topic_api-get_topic_comments", "duration_ms": 9.1, "correlation_id": "7558f34f-7a01-4d03-ac6c-4fcd46a9c92d"}
{"timestamp": "2026-06-05 20:28:03,993", "level": "INFO", "logger_name": "django.server", "message": "\"GET /api/topics/6/comments/list/?opinion=true&sort=like HTTP/1.1\" 200 5389"}
{"timestamp": "2026-06-05 20:28:04,657", "level": "INFO", "logger_name": "core.api", "message": "API Request Started: GET /api/topics/6/comments/list/", "request_id": "4741f7b4-881e-492b-93b8-db05a2f301b5", "user_id": null, "api_id": "topic_api-get_topic_comments", "correlation_id": "4741f7b4-881e-492b-93b8-db05a2f301b5"}
{"timestamp": "2026-06-05 20:28:04,665", "level": "INFO", "logger_name": "core.api", "message": "API Response Completed: 200", "request_id": "4741f7b4-881e-492b-93b8-db05a2f301b5", "user_id": null, "api_id": "topic_api-get_topic_comments", "duration_ms": 8.11, "correlation_id": "4741f7b4-881e-492b-93b8-db05a2f301b5"}
{"timestamp": "2026-06-05 20:28:04,665", "level": "INFO", "logger_name": "django.server", "message": "\"GET /api/topics/6/comments/list/?opinion=true&sort=latest HTTP/1.1\" 200 5330"}
{"timestamp": "2026-06-05 20:28:11,473", "level": "INFO", "logger_name": "core.api", "message": "API Request Started: GET /api/topics/6/vote/stat/", "request_id": "95bd9c9e-d25f-46cc-8fb5-4f394b73badf", "user_id": null, "api_id": "topic_api-get_vote_stat", "correlation_id": "95bd9c9e-d25f-46cc-8fb5-4f394b73badf"}
{"timestamp": "2026-06-05 20:28:11,476", "level": "INFO", "logger_name": "core.api", "message": "API Response Completed: 200", "request_id": "95bd9c9e-d25f-46cc-8fb5-4f394b73badf", "user_id": null, "api_id": "topic_api-get_vote_stat", "duration_ms": 2.37, "correlation_id": "95bd9c9e-d25f-46cc-8fb5-4f394b73badf"}
{"timestamp": "2026-06-05 20:28:11,476", "level": "INFO", "logger_name": "django.server", "message": "\"GET /api/topics/6/vote/stat/ HTTP/1.1\" 200 97"}
{"timestamp": "2026-06-05 20:28:11,604", "level": "INFO", "logger_name": "core.api", "message": "API Request Started: GET /api/topics/6/comments/list/", "request_id": "27f57016-8cce-4076-9fab-daf6b3b4067b", "user_id": null, "api_id": "topic_api-get_topic_comments", "correlation_id": "27f57016-8cce-4076-9fab-daf6b3b4067b"}
{"timestamp": "2026-06-05 20:28:11,612", "level": "INFO", "logger_name": "core.api", "message": "API Response Completed: 200", "request_id": "27f57016-8cce-4076-9fab-daf6b3b4067b", "user_id": null, "api_id": "topic_api-get_topic_comments", "duration_ms": 8.46, "correlation_id": "27f57016-8cce-4076-9fab-daf6b3b4067b"}
{"timestamp": "2026-06-05 20:28:11,613", "level": "INFO", "logger_name": "django.server", "message": "\"GET /api/topics/6/comments/list/?opinion=true&sort=latest&cursor=1361 HTTP/1.1\" 200 5502"}
{"timestamp": "2026-06-05 20:28:14,588", "level": "INFO", "logger_name": "core.api", "message": "API Request Started: DELETE /api/topics/comments/1954/", "request_id": "2c1c5ed8-f2f3-46a5-a57a-2583c77be4b3", "user_id": null, "api_id": "topic_api-manage_topic_comment", "correlation_id": "2c1c5ed8-f2f3-46a5-a57a-2583c77be4b3"}
{"timestamp": "2026-06-05 20:28:14,604", "level": "INFO", "logger_name": "core.api", "message": "API Response Completed: 200", "request_id": "2c1c5ed8-f2f3-46a5-a57a-2583c77be4b3", "user_id": null, "api_id": "topic_api-manage_topic_comment", "duration_ms": 15.96, "correlation_id": "2c1c5ed8-f2f3-46a5-a57a-2583c77be4b3"}
{"timestamp": "2026-06-05 20:28:14,605", "level": "INFO", "logger_name": "django.server", "message": "\"DELETE /api/topics/comments/1954/ HTTP/1.1\" 200 68"}
{"timestamp": "2026-06-05 20:28:21,493", "level": "INFO", "logger_name": "core.api", "message": "API Request Started: GET /api/topics/6/vote/stat/", "request_id": "affd07f6-9a53-4009-a6c7-92994b46189d", "user_id": null, "api_id": "topic_api-get_vote_stat", "correlation_id": "affd07f6-9a53-4009-a6c7-92994b46189d"}
{"timestamp": "2026-06-05 20:28:21,495", "level": "INFO", "logger_name": "core.api", "message": "API Response Completed: 200", "request_id": "affd07f6-9a53-4009-a6c7-92994b46189d", "user_id": null, "api_id": "topic_api-get_vote_stat", "duration_ms": 2.24, "correlation_id": "affd07f6-9a53-4009-a6c7-92994b46189d"}
{"timestamp": "2026-06-05 20:28:21,495", "level": "INFO", "logger_name": "django.server", "message": "\"GET /api/topics/6/vote/stat/ HTTP/1.1\" 200 97"}
{"timestamp": "2026-06-05 20:28:31,458", "level": "INFO", "logger_name": "core.api", "message": "API Request Started: GET /api/topics/6/vote/stat/", "request_id": "a720d632-4fdd-4473-9f19-9e1a05e9d627", "user_id": null, "api_id": "topic_api-get_vote_stat", "correlation_id": "a720d632-4fdd-4473-9f19-9e1a05e9d627"}
{"timestamp": "2026-06-05 20:28:31,460", "level": "INFO", "logger_name": "core.api", "message": "API Response Completed: 200", "request_id": "a720d632-4fdd-4473-9f19-9e1a05e9d627", "user_id": null, "api_id": "topic_api-get_vote_stat", "duration_ms": 2.38, "correlation_id": "a720d632-4fdd-4473-9f19-9e1a05e9d627"}
{"timestamp": "2026-06-05 20:28:31,461", "level": "INFO", "logger_name": "django.server", "message": "\"GET /api/topics/6/vote/stat/ HTTP/1.1\" 200 97"}
{"timestamp": "2026-06-05 20:28:41,468", "level": "INFO", "logger_name": "core.api", "message": "API Request Started: GET /api/topics/6/vote/stat/", "request_id": "cfc69863-b9af-4aa1-b8f2-c244c12b43ff", "user_id": null, "api_id": "topic_api-get_vote_stat", "correlation_id": "cfc69863-b9af-4aa1-b8f2-c244c12b43ff"}
{"timestamp": "2026-06-05 20:28:41,471", "level": "INFO", "logger_name": "core.api", "message": "API Response Completed: 200", "request_id": "cfc69863-b9af-4aa1-b8f2-c244c12b43ff", "user_id": null, "api_id": "topic_api-get_vote_stat", "duration_ms": 2.59, "correlation_id": "cfc69863-b9af-4aa1-b8f2-c244c12b43ff"}
{"timestamp": "2026-06-05 20:28:41,471", "level": "INFO", "logger_name": "django.server", "message": "\"GET /api/topics/6/vote/stat/ HTTP/1.1\" 200 97"}
{"timestamp": "2026-06-05 20:28:51,472", "level": "INFO", "logger_name": "core.api", "message": "API Request Started: GET /api/topics/6/vote/stat/", "request_id": "ef68f433-2453-4bf1-bcdb-46bc9b49bbb8", "user_id": null, "api_id": "topic_api-get_vote_stat", "correlation_id": "ef68f433-2453-4bf1-bcdb-46bc9b49bbb8"}
{"timestamp": "2026-06-05 20:28:51,474", "level": "INFO", "logger_name": "core.api", "message": "API Response Completed: 200", "request_id": "ef68f433-2453-4bf1-bcdb-46bc9b49bbb8", "user_id": null, "api_id": "topic_api-get_vote_stat", "duration_ms": 2.47, "correlation_id": "ef68f433-2453-4bf1-bcdb-46bc9b49bbb8"}
{"timestamp": "2026-06-05 20:28:51,475", "level": "INFO", "logger_name": "django.server", "message": "\"GET /api/topics/6/vote/stat/ HTTP/1.1\" 200 97"}
{"timestamp": "2026-06-05 20:29:01,481", "level": "INFO", "logger_name": "core.api", "message": "API Request Started: GET /api/topics/6/vote/stat/", "request_id": "011789a5-c5fe-4149-903e-6f2d8abf48b3", "user_id": null, "api_id": "topic_api-get_vote_stat", "correlation_id": "011789a5-c5fe-4149-903e-6f2d8abf48b3"}
{"timestamp": "2026-06-05 20:29:01,484", "level": "INFO", "logger_name": "core.api", "message": "API Response Completed: 200", "request_id": "011789a5-c5fe-4149-903e-6f2d8abf48b3", "user_id": null, "api_id": "topic_api-get_vote_stat", "duration_ms": 2.31, "correlation_id": "011789a5-c5fe-4149-903e-6f2d8abf48b3"}
{"timestamp": "2026-06-05 20:29:01,484", "level": "INFO", "logger_name": "django.server", "message": "\"GET /api/topics/6/vote/stat/ HTTP/1.1\" 200 97"}
{"timestamp": "2026-06-05 20:29:11,461", "level": "INFO", "logger_name": "core.api", "message": "API Request Started: GET /api/topics/6/vote/stat/", "request_id": "f4a80c3d-a4c3-4dbb-b459-7e68cc8f72ce", "user_id": null, "api_id": "topic_api-get_vote_stat", "correlation_id": "f4a80c3d-a4c3-4dbb-b459-7e68cc8f72ce"}
{"timestamp": "2026-06-05 20:29:11,464", "level": "INFO", "logger_name": "core.api", "message": "API Response Completed: 200", "request_id": "f4a80c3d-a4c3-4dbb-b459-7e68cc8f72ce", "user_id": null, "api_id": "topic_api-get_vote_stat", "duration_ms": 2.47, "correlation_id": "f4a80c3d-a4c3-4dbb-b459-7e68cc8f72ce"}
{"timestamp": "2026-06-05 20:29:11,464", "level": "INFO", "logger_name": "django.server", "message": "\"GET /api/topics/6/vote/stat/ HTTP/1.1\" 200 97"}
{"timestamp": "2026-06-05 20:29:15,230", "level": "INFO", "logger_name": "core.api", "message": "API Request Started: GET /api/students/info", "request_id": "7313c454-0eed-4745-9a7a-19a28822b522", "user_id": null, "api_id": "auth-view", "correlation_id": "7313c454-0eed-4745-9a7a-19a28822b522"}
{"timestamp": "2026-06-05 20:29:15,230", "level": "INFO", "logger_name": "core.api.auth", "message": "=== [API CALL] GET /students/info ==="}
{"timestamp": "2026-06-05 20:29:15,232", "level": "INFO", "logger_name": "core.api", "message": "API Response Completed: 200", "request_id": "7313c454-0eed-4745-9a7a-19a28822b522", "user_id": null, "api_id": "auth-view", "duration_ms": 2.03, "correlation_id": "7313c454-0eed-4745-9a7a-19a28822b522"}
{"timestamp": "2026-06-05 20:29:15,232", "level": "INFO", "logger_name": "django.server", "message": "\"GET /api/students/info HTTP/1.1\" 200 256"}
{"timestamp": "2026-06-05 20:29:17,977", "level": "INFO", "logger_name": "core.api", "message": "API Request Started: GET /api/students/info", "request_id": "d705943b-5f33-4400-80f3-d0341b570a5e", "user_id": null, "api_id": "auth-view", "correlation_id": "d705943b-5f33-4400-80f3-d0341b570a5e"}
{"timestamp": "2026-06-05 20:29:17,978", "level": "INFO", "logger_name": "core.api.auth", "message": "=== [API CALL] GET /students/info ==="}
{"timestamp": "2026-06-05 20:29:17,979", "level": "INFO", "logger_name": "core.api", "message": "API Response Completed: 200", "request_id": "d705943b-5f33-4400-80f3-d0341b570a5e", "user_id": null, "api_id": "auth-view", "duration_ms": 2.24, "correlation_id": "d705943b-5f33-4400-80f3-d0341b570a5e"}
{"timestamp": "2026-06-05 20:29:17,980", "level": "INFO", "logger_name": "django.server", "message": "\"GET /api/students/info HTTP/1.1\" 200 256"}
{"timestamp": "2026-06-05 20:29:21,535", "level": "INFO", "logger_name": "core.api", "message": "API Request Started: GET /api/topics/6/vote/stat/", "request_id": "a3db3062-5045-4de7-a455-ef20d7779eec", "user_id": null, "api_id": "topic_api-get_vote_stat", "correlation_id": "a3db3062-5045-4de7-a455-ef20d7779eec"}
{"timestamp": "2026-06-05 20:29:21,538", "level": "INFO", "logger_name": "core.api", "message": "API Response Completed: 200", "request_id": "a3db3062-5045-4de7-a455-ef20d7779eec", "user_id": null, "api_id": "topic_api-get_vote_stat", "duration_ms": 2.35, "correlation_id": "a3db3062-5045-4de7-a455-ef20d7779eec"}
{"timestamp": "2026-06-05 20:29:21,538", "level": "INFO", "logger_name": "django.server", "message": "\"GET /api/topics/6/vote/stat/ HTTP/1.1\" 200 97"}
{"timestamp": "2026-06-05 20:29:23,043", "level": "INFO", "logger_name": "core.api", "message": "API Request Started: GET /api/students/info", "request_id": "06b151e4-6731-4450-88ad-2443aca57d6d", "user_id": null, "api_id": "auth-view", "correlation_id": "06b151e4-6731-4450-88ad-2443aca57d6d"}
{"timestamp": "2026-06-05 20:29:23,043", "level": "INFO", "logger_name": "core.api.auth", "message": "=== [API CALL] GET /students/info ==="}
{"timestamp": "2026-06-05 20:29:23,045", "level": "INFO", "logger_name": "core.api", "message": "API Response Completed: 200", "request_id": "06b151e4-6731-4450-88ad-2443aca57d6d", "user_id": null, "api_id": "auth-view", "duration_ms": 2.05, "correlation_id": "06b151e4-6731-4450-88ad-2443aca57d6d"}
{"timestamp": "2026-06-05 20:29:23,045", "level": "INFO", "logger_name": "django.server", "message": "\"GET /api/students/info HTTP/1.1\" 200 256"}
{"timestamp": "2026-06-05 20:29:27,834", "level": "INFO", "logger_name": "core.api", "message": "API Request Started: GET /api/students/info", "request_id": "534896ff-5dc2-4bc4-90ca-4ac630010dab", "user_id": null, "api_id": "auth-view", "correlation_id": "534896ff-5dc2-4bc4-90ca-4ac630010dab"}
{"timestamp": "2026-06-05 20:29:27,834", "level": "INFO", "logger_name": "core.api.auth", "message": "=== [API CALL] GET /students/info ==="}
{"timestamp": "2026-06-05 20:29:27,836", "level": "INFO", "logger_name": "core.api", "message": "API Response Completed: 200", "request_id": "534896ff-5dc2-4bc4-90ca-4ac630010dab", "user_id": null, "api_id": "auth-view", "duration_ms": 2.46, "correlation_id": "534896ff-5dc2-4bc4-90ca-4ac630010dab"}
{"timestamp": "2026-06-05 20:29:27,837", "level": "INFO", "logger_name": "django.server", "message": "\"GET /api/students/info HTTP/1.1\" 200 256"}
{"timestamp": "2026-06-05 20:29:31,478", "level": "INFO", "logger_name": "core.api", "message": "API Request Started: GET /api/topics/6/vote/stat/", "request_id": "a2b412f1-2ff1-48d7-a679-60f69e3bde1f", "user_id": null, "api_id": "topic_api-get_vote_stat", "correlation_id": "a2b412f1-2ff1-48d7-a679-60f69e3bde1f"}
{"timestamp": "2026-06-05 20:29:31,480", "level": "INFO", "logger_name": "core.api", "message": "API Response Completed: 200", "request_id": "a2b412f1-2ff1-48d7-a679-60f69e3bde1f", "user_id": null, "api_id": "topic_api-get_vote_stat", "duration_ms": 2.5, "correlation_id": "a2b412f1-2ff1-48d7-a679-60f69e3bde1f"}
{"timestamp": "2026-06-05 20:29:31,480", "level": "INFO", "logger_name": "django.server", "message": "\"GET /api/topics/6/vote/stat/ HTTP/1.1\" 200 97"}
{"timestamp": "2026-06-05 20:29:41,479", "level": "INFO", "logger_name": "core.api", "message": "API Request Started: GET /api/topics/6/vote/stat/", "request_id": "5c57a45b-ab15-4bd5-a100-1c1235769b1a", "user_id": null, "api_id": "topic_api-get_vote_stat", "correlation_id": "5c57a45b-ab15-4bd5-a100-1c1235769b1a"}
{"timestamp": "2026-06-05 20:29:41,481", "level": "INFO", "logger_name": "core.api", "message": "API Response Completed: 200", "request_id": "5c57a45b-ab15-4bd5-a100-1c1235769b1a", "user_id": null, "api_id": "topic_api-get_vote_stat", "duration_ms": 2.3, "correlation_id": "5c57a45b-ab15-4bd5-a100-1c1235769b1a"}
{"timestamp": "2026-06-05 20:29:41,482", "level": "INFO", "logger_name": "django.server", "message": "\"GET /api/topics/6/vote/stat/ HTTP/1.1\" 200 97"}
{"timestamp": "2026-06-05 20:29:51,528", "level": "INFO", "logger_name": "core.api", "message": "API Request Started: GET /api/topics/6/vote/stat/", "request_id": "04daa199-e128-4b2d-a7e8-37bc60540a69", "user_id": null, "api_id": "topic_api-get_vote_stat", "correlation_id": "04daa199-e128-4b2d-a7e8-37bc60540a69"}
{"timestamp": "2026-06-05 20:29:51,530", "level": "INFO", "logger_name": "core.api", "message": "API Response Completed: 200", "request_id": "04daa199-e128-4b2d-a7e8-37bc60540a69", "user_id": null, "api_id": "topic_api-get_vote_stat", "duration_ms": 2.4, "correlation_id": "04daa199-e128-4b2d-a7e8-37bc60540a69"}
{"timestamp": "2026-06-05 20:29:51,531", "level": "INFO", "logger_name": "django.server", "message": "\"GET /api/topics/6/vote/stat/ HTTP/1.1\" 200 97"}
{"timestamp": "2026-06-05 20:30:01,461", "level": "INFO", "logger_name": "core.api", "message": "API Request Started: GET /api/topics/6/vote/stat/", "request_id": "fa1b08e7-e027-4725-9f07-371a8b49cb5d", "user_id": null, "api_id": "topic_api-get_vote_stat", "correlation_id": "fa1b08e7-e027-4725-9f07-371a8b49cb5d"}
{"timestamp": "2026-06-05 20:30:01,463", "level": "INFO", "logger_name": "core.api", "message": "API Response Completed: 200", "request_id": "fa1b08e7-e027-4725-9f07-371a8b49cb5d", "user_id": null, "api_id": "topic_api-get_vote_stat", "duration_ms": 2.25, "correlation_id": "fa1b08e7-e027-4725-9f07-371a8b49cb5d"}
{"timestamp": "2026-06-05 20:30:01,463", "level": "INFO", "logger_name": "django.server", "message": "\"GET /api/topics/6/vote/stat/ HTTP/1.1\" 200 97"}
{"timestamp": "2026-06-05 20:30:11,482", "level": "INFO", "logger_name": "core.api", "message": "API Request Started: GET /api/topics/6/vote/stat/", "request_id": "a7d85aaf-d451-42c8-b40b-6411daed46f5", "user_id": null, "api_id": "topic_api-get_vote_stat", "correlation_id": "a7d85aaf-d451-42c8-b40b-6411daed46f5"}
{"timestamp": "2026-06-05 20:30:11,484", "level": "INFO", "logger_name": "core.api", "message": "API Response Completed: 200", "request_id": "a7d85aaf-d451-42c8-b40b-6411daed46f5", "user_id": null, "api_id": "topic_api-get_vote_stat", "duration_ms": 2.39, "correlation_id": "a7d85aaf-d451-42c8-b40b-6411daed46f5"}
{"timestamp": "2026-06-05 20:30:11,485", "level": "INFO", "logger_name": "django.server", "message": "\"GET /api/topics/6/vote/stat/ HTTP/1.1\" 200 97"}
{"timestamp": "2026-06-05 20:30:21,779", "level": "INFO", "logger_name": "core.api", "message": "API Request Started: GET /api/topics/6/vote/stat/", "request_id": "e1684206-5f08-4c2e-bdfd-ab44de6b3f8b", "user_id": null, "api_id": "topic_api-get_vote_stat", "correlation_id": "e1684206-5f08-4c2e-bdfd-ab44de6b3f8b"}
{"timestamp": "2026-06-05 20:30:21,782", "level": "INFO", "logger_name": "core.api", "message": "API Response Completed: 200", "request_id": "e1684206-5f08-4c2e-bdfd-ab44de6b3f8b", "user_id": null, "api_id": "topic_api-get_vote_stat", "duration_ms": 2.56, "correlation_id": "e1684206-5f08-4c2e-bdfd-ab44de6b3f8b"}
{"timestamp": "2026-06-05 20:30:21,782", "level": "INFO", "logger_name": "django.server", "message": "\"GET /api/topics/6/vote/stat/ HTTP/1.1\" 200 97"}
{"timestamp": "2026-06-05 20:30:22,077", "level": "INFO", "logger_name": "core.api", "message": "API Request Started: GET /api/students/info", "request_id": "e3a90224-86d8-4d64-9818-e872564b94b0", "user_id": null, "api_id": "auth-view", "correlation_id": "e3a90224-86d8-4d64-9818-e872564b94b0"}
{"timestamp": "2026-06-05 20:30:22,077", "level": "INFO", "logger_name": "core.api.auth", "message": "=== [API CALL] GET /students/info ==="}
{"timestamp": "2026-06-05 20:30:22,079", "level": "INFO", "logger_name": "core.api", "message": "API Response Completed: 200", "request_id": "e3a90224-86d8-4d64-9818-e872564b94b0", "user_id": null, "api_id": "auth-view", "duration_ms": 1.94, "correlation_id": "e3a90224-86d8-4d64-9818-e872564b94b0"}
{"timestamp": "2026-06-05 20:30:22,079", "level": "INFO", "logger_name": "django.server", "message": "\"GET /api/students/info HTTP/1.1\" 200 256"}
{"timestamp": "2026-06-05 20:30:31,481", "level": "INFO", "logger_name": "core.api", "message": "API Request Started: GET /api/topics/6/vote/stat/", "request_id": "52fae98b-c951-45ab-ad92-c268817dfb47", "user_id": null, "api_id": "topic_api-get_vote_stat", "correlation_id": "52fae98b-c951-45ab-ad92-c268817dfb47"}
{"timestamp": "2026-06-05 20:30:31,484", "level": "INFO", "logger_name": "core.api", "message": "API Response Completed: 200", "request_id": "52fae98b-c951-45ab-ad92-c268817dfb47", "user_id": null, "api_id": "topic_api-get_vote_stat", "duration_ms": 2.5, "correlation_id": "52fae98b-c951-45ab-ad92-c268817dfb47"}
{"timestamp": "2026-06-05 20:30:31,484", "level": "INFO", "logger_name": "django.server", "message": "\"GET /api/topics/6/vote/stat/ HTTP/1.1\" 200 97"}
{"timestamp": "2026-06-05 20:30:41,481", "level": "INFO", "logger_name": "core.api", "message": "API Request Started: GET /api/topics/6/vote/stat/", "request_id": "099f8ad3-46ed-4036-af4d-a4f9f452057a", "user_id": null, "api_id": "topic_api-get_vote_stat", "correlation_id": "099f8ad3-46ed-4036-af4d-a4f9f452057a"}
{"timestamp": "2026-06-05 20:30:41,484", "level": "INFO", "logger_name": "core.api", "message": "API Response Completed: 200", "request_id": "099f8ad3-46ed-4036-af4d-a4f9f452057a", "user_id": null, "api_id": "topic_api-get_vote_stat", "duration_ms": 2.9, "correlation_id": "099f8ad3-46ed-4036-af4d-a4f9f452057a"}
{"timestamp": "2026-06-05 20:30:41,484", "level": "INFO", "logger_name": "django.server", "message": "\"GET /api/topics/6/vote/stat/ HTTP/1.1\" 200 97"}
{"timestamp": "2026-06-05 20:30:51,489", "level": "INFO", "logger_name": "core.api", "message": "API Request Started: GET /api/topics/6/vote/stat/", "request_id": "bd9deebb-c4a4-42db-b5fe-69b7d8b6ad40", "user_id": null, "api_id": "topic_api-get_vote_stat", "correlation_id": "bd9deebb-c4a4-42db-b5fe-69b7d8b6ad40"}
{"timestamp": "2026-06-05 20:30:51,491", "level": "INFO", "logger_name": "core.api", "message": "API Response Completed: 200", "request_id": "bd9deebb-c4a4-42db-b5fe-69b7d8b6ad40", "user_id": null, "api_id": "topic_api-get_vote_stat", "duration_ms": 2.16, "correlation_id": "bd9deebb-c4a4-42db-b5fe-69b7d8b6ad40"}
{"timestamp": "2026-06-05 20:30:51,491", "level": "INFO", "logger_name": "django.server", "message": "\"GET /api/topics/6/vote/stat/ HTTP/1.1\" 200 97"}
{"timestamp": "2026-06-05 20:31:01,484", "level": "INFO", "logger_name": "core.api", "message": "API Request Started: GET /api/topics/6/vote/stat/", "request_id": "6d87fd65-75c0-483a-930a-d3cd1689818d", "user_id": null, "api_id": "topic_api-get_vote_stat", "correlation_id": "6d87fd65-75c0-483a-930a-d3cd1689818d"}
{"timestamp": "2026-06-05 20:31:01,487", "level": "INFO", "logger_name": "core.api", "message": "API Response Completed: 200", "request_id": "6d87fd65-75c0-483a-930a-d3cd1689818d", "user_id": null, "api_id": "topic_api-get_vote_stat", "duration_ms": 2.76, "correlation_id": "6d87fd65-75c0-483a-930a-d3cd1689818d"}
{"timestamp": "2026-06-05 20:31:01,487", "level": "INFO", "logger_name": "django.server", "message": "\"GET /api/topics/6/vote/stat/ HTTP/1.1\" 200 97"}
{"timestamp": "2026-06-05 20:31:05,784", "level": "INFO", "logger_name": "core.api", "message": "API Request Started: GET /api/students/info", "request_id": "ab834a96-1b56-4a76-9921-2dbca87a07b4", "user_id": null, "api_id": "auth-view", "correlation_id": "ab834a96-1b56-4a76-9921-2dbca87a07b4"}
{"timestamp": "2026-06-05 20:31:05,784", "level": "INFO", "logger_name": "core.api.auth", "message": "=== [API CALL] GET /students/info ==="}
{"timestamp": "2026-06-05 20:31:05,786", "level": "INFO", "logger_name": "core.api", "message": "API Response Completed: 200", "request_id": "ab834a96-1b56-4a76-9921-2dbca87a07b4", "user_id": null, "api_id": "auth-view", "duration_ms": 2.23, "correlation_id": "ab834a96-1b56-4a76-9921-2dbca87a07b4"}
{"timestamp": "2026-06-05 20:31:05,786", "level": "INFO", "logger_name": "django.server", "message": "\"GET /api/students/info HTTP/1.1\" 200 256"}
{"timestamp": "2026-06-05 20:31:11,482", "level": "INFO", "logger_name": "core.api", "message": "API Request Started: GET /api/topics/6/vote/stat/", "request_id": "f2e33f98-39db-422d-bba9-a42521f586c5", "user_id": null, "api_id": "topic_api-get_vote_stat", "correlation_id": "f2e33f98-39db-422d-bba9-a42521f586c5"}
{"timestamp": "2026-06-05 20:31:11,484", "level": "INFO", "logger_name": "core.api", "message": "API Response Completed: 200", "request_id": "f2e33f98-39db-422d-bba9-a42521f586c5", "user_id": null, "api_id": "topic_api-get_vote_stat", "duration_ms": 2.5, "correlation_id": "f2e33f98-39db-422d-bba9-a42521f586c5"}
{"timestamp": "2026-06-05 20:31:11,484", "level": "INFO", "logger_name": "django.server", "message": "\"GET /api/topics/6/vote/stat/ HTTP/1.1\" 200 97"}
{"timestamp": "2026-06-05 20:31:21,473", "level": "INFO", "logger_name": "core.api", "message": "API Request Started: GET /api/topics/6/vote/stat/", "request_id": "7340158b-60c9-4ca0-a7e1-acb6da4a083f", "user_id": null, "api_id": "topic_api-get_vote_stat", "correlation_id": "7340158b-60c9-4ca0-a7e1-acb6da4a083f"}
{"timestamp": "2026-06-05 20:31:21,475", "level": "INFO", "logger_name": "core.api", "message": "API Response Completed: 200", "request_id": "7340158b-60c9-4ca0-a7e1-acb6da4a083f", "user_id": null, "api_id": "topic_api-get_vote_stat", "duration_ms": 2.53, "correlation_id": "7340158b-60c9-4ca0-a7e1-acb6da4a083f"}
{"timestamp": "2026-06-05 20:31:21,475", "level": "INFO", "logger_name": "django.server", "message": "\"GET /api/topics/6/vote/stat/ HTTP/1.1\" 200 97"}
{"timestamp": "2026-06-05 20:31:31,474", "level": "INFO", "logger_name": "core.api", "message": "API Request Started: GET /api/topics/6/vote/stat/", "request_id": "99887ed1-d8fa-4814-91d9-75ec55d78852", "user_id": null, "api_id": "topic_api-get_vote_stat", "correlation_id": "99887ed1-d8fa-4814-91d9-75ec55d78852"}
{"timestamp": "2026-06-05 20:31:31,476", "level": "INFO", "logger_name": "core.api", "message": "API Response Completed: 200", "request_id": "99887ed1-d8fa-4814-91d9-75ec55d78852", "user_id": null, "api_id": "topic_api-get_vote_stat", "duration_ms": 2.6, "correlation_id": "99887ed1-d8fa-4814-91d9-75ec55d78852"}
{"timestamp": "2026-06-05 20:31:31,477", "level": "INFO", "logger_name": "django.server", "message": "\"GET /api/topics/6/vote/stat/ HTTP/1.1\" 200 97"}
{"timestamp": "2026-06-05 20:31:41,484", "level": "INFO", "logger_name": "core.api", "message": "API Request Started: GET /api/topics/6/vote/stat/", "request_id": "1a8b88af-0cac-45e0-892d-ca7b3774385e", "user_id": null, "api_id": "topic_api-get_vote_stat", "correlation_id": "1a8b88af-0cac-45e0-892d-ca7b3774385e"}
{"timestamp": "2026-06-05 20:31:41,487", "level": "INFO", "logger_name": "core.api", "message": "API Response Completed: 200", "request_id": "1a8b88af-0cac-45e0-892d-ca7b3774385e", "user_id": null, "api_id": "topic_api-get_vote_stat", "duration_ms": 2.28, "correlation_id": "1a8b88af-0cac-45e0-892d-ca7b3774385e"}
{"timestamp": "2026-06-05 20:31:41,487", "level": "INFO", "logger_name": "django.server", "message": "\"GET /api/topics/6/vote/stat/ HTTP/1.1\" 200 97"}
{"timestamp": "2026-06-05 20:31:51,505", "level": "INFO", "logger_name": "core.api", "message": "API Request Started: GET /api/topics/6/vote/stat/", "request_id": "6f6e4ac3-907d-4e49-bfa9-edecf91053d7", "user_id": null, "api_id": "topic_api-get_vote_stat", "correlation_id": "6f6e4ac3-907d-4e49-bfa9-edecf91053d7"}
{"timestamp": "2026-06-05 20:31:51,508", "level": "INFO", "logger_name": "core.api", "message": "API Response Completed: 200", "request_id": "6f6e4ac3-907d-4e49-bfa9-edecf91053d7", "user_id": null, "api_id": "topic_api-get_vote_stat", "duration_ms": 2.96, "correlation_id": "6f6e4ac3-907d-4e49-bfa9-edecf91053d7"}
{"timestamp": "2026-06-05 20:31:51,509", "level": "INFO", "logger_name": "django.server", "message": "\"GET /api/topics/6/vote/stat/ HTTP/1.1\" 200 97"}
{"timestamp": "2026-06-05 20:32:01,485", "level": "INFO", "logger_name": "core.api", "message": "API Request Started: GET /api/topics/6/vote/stat/", "request_id": "3eaf1ee4-f567-46f9-84c9-f529cf0e61a7", "user_id": null, "api_id": "topic_api-get_vote_stat", "correlation_id": "3eaf1ee4-f567-46f9-84c9-f529cf0e61a7"}
{"timestamp": "2026-06-05 20:32:01,487", "level": "INFO", "logger_name": "core.api", "message": "API Response Completed: 200", "request_id": "3eaf1ee4-f567-46f9-84c9-f529cf0e61a7", "user_id": null, "api_id": "topic_api-get_vote_stat", "duration_ms": 2.57, "correlation_id": "3eaf1ee4-f567-46f9-84c9-f529cf0e61a7"}
{"timestamp": "2026-06-05 20:32:01,488", "level": "INFO", "logger_name": "django.server", "message": "\"GET /api/topics/6/vote/stat/ HTTP/1.1\" 200 97"}
{"timestamp": "2026-06-05 20:32:11,530", "level": "INFO", "logger_name": "core.api", "message": "API Request Started: GET /api/topics/6/vote/stat/", "request_id": "0ddabc0e-60a0-40b8-b749-4bbb68af0360", "user_id": null, "api_id": "topic_api-get_vote_stat", "correlation_id": "0ddabc0e-60a0-40b8-b749-4bbb68af0360"}
{"timestamp": "2026-06-05 20:32:11,533", "level": "INFO", "logger_name": "core.api", "message": "API Response Completed: 200", "request_id": "0ddabc0e-60a0-40b8-b749-4bbb68af0360", "user_id": null, "api_id": "topic_api-get_vote_stat", "duration_ms": 2.43, "correlation_id": "0ddabc0e-60a0-40b8-b749-4bbb68af0360"}
{"timestamp": "2026-06-05 20:32:11,533", "level": "INFO", "logger_name": "django.server", "message": "\"GET /api/topics/6/vote/stat/ HTTP/1.1\" 200 97"}
{"timestamp": "2026-06-05 20:32:21,474", "level": "INFO", "logger_name": "core.api", "message": "API Request Started: GET /api/topics/6/vote/stat/", "request_id": "9ea2cb31-316d-43aa-ad22-76c5786f50fe", "user_id": null, "api_id": "topic_api-get_vote_stat", "correlation_id": "9ea2cb31-316d-43aa-ad22-76c5786f50fe"}
{"timestamp": "2026-06-05 20:32:21,476", "level": "INFO", "logger_name": "core.api", "message": "API Response Completed: 200", "request_id": "9ea2cb31-316d-43aa-ad22-76c5786f50fe", "user_id": null, "api_id": "topic_api-get_vote_stat", "duration_ms": 2.34, "correlation_id": "9ea2cb31-316d-43aa-ad22-76c5786f50fe"}
{"timestamp": "2026-06-05 20:32:21,476", "level": "INFO", "logger_name": "django.server", "message": "\"GET /api/topics/6/vote/stat/ HTTP/1.1\" 200 97"}
{"timestamp": "2026-06-05 20:32:31,509", "level": "INFO", "logger_name": "core.api", "message": "API Request Started: GET /api/topics/6/vote/stat/", "request_id": "79c3f40d-6dfc-4628-a88a-424daabaa7a0", "user_id": null, "api_id": "topic_api-get_vote_stat", "correlation_id": "79c3f40d-6dfc-4628-a88a-424daabaa7a0"}
{"timestamp": "2026-06-05 20:32:31,511", "level": "INFO", "logger_name": "core.api", "message": "API Response Completed: 200", "request_id": "79c3f40d-6dfc-4628-a88a-424daabaa7a0", "user_id": null, "api_id": "topic_api-get_vote_stat", "duration_ms": 2.27, "correlation_id": "79c3f40d-6dfc-4628-a88a-424daabaa7a0"}
{"timestamp": "2026-06-05 20:32:31,511", "level": "INFO", "logger_name": "django.server", "message": "\"GET /api/topics/6/vote/stat/ HTTP/1.1\" 200 97"}
{"timestamp": "2026-06-05 20:32:38,206", "level": "INFO", "logger_name": "core.api", "message": "API Request Started: GET /api/students/info", "request_id": "a7a5cc7b-caab-412c-a4e1-bda9c4506581", "user_id": null, "api_id": "auth-view", "correlation_id": "a7a5cc7b-caab-412c-a4e1-bda9c4506581"}
{"timestamp": "2026-06-05 20:32:38,206", "level": "INFO", "logger_name": "core.api.auth", "message": "=== [API CALL] GET /students/info ==="}
{"timestamp": "2026-06-05 20:32:38,207", "level": "INFO", "logger_name": "core.api", "message": "API Response Completed: 200", "request_id": "a7a5cc7b-caab-412c-a4e1-bda9c4506581", "user_id": null, "api_id": "auth-view", "duration_ms": 1.91, "correlation_id": "a7a5cc7b-caab-412c-a4e1-bda9c4506581"}
{"timestamp": "2026-06-05 20:32:38,208", "level": "INFO", "logger_name": "django.server", "message": "\"GET /api/students/info HTTP/1.1\" 200 256"}
{"timestamp": "2026-06-05 20:32:41,489", "level": "INFO", "logger_name": "core.api", "message": "API Request Started: GET /api/topics/6/vote/stat/", "request_id": "de7e1750-cd1e-4475-b72f-1643fce9de13", "user_id": null, "api_id": "topic_api-get_vote_stat", "correlation_id": "de7e1750-cd1e-4475-b72f-1643fce9de13"}
{"timestamp": "2026-06-05 20:32:41,491", "level": "INFO", "logger_name": "core.api", "message": "API Response Completed: 200", "request_id": "de7e1750-cd1e-4475-b72f-1643fce9de13", "user_id": null, "api_id": "topic_api-get_vote_stat", "duration_ms": 2.32, "correlation_id": "de7e1750-cd1e-4475-b72f-1643fce9de13"}
{"timestamp": "2026-06-05 20:32:41,491", "level": "INFO", "logger_name": "django.server", "message": "\"GET /api/topics/6/vote/stat/ HTTP/1.1\" 200 97"}
{"timestamp": "2026-06-05 20:32:51,493", "level": "INFO", "logger_name": "core.api", "message": "API Request Started: GET /api/topics/6/vote/stat/", "request_id": "c19dbbce-9eda-40d7-9ed2-d8fca4502fc2", "user_id": null, "api_id": "topic_api-get_vote_stat", "correlation_id": "c19dbbce-9eda-40d7-9ed2-d8fca4502fc2"}
{"timestamp": "2026-06-05 20:32:51,496", "level": "INFO", "logger_name": "core.api", "message": "API Response Completed: 200", "request_id": "c19dbbce-9eda-40d7-9ed2-d8fca4502fc2", "user_id": null, "api_id": "topic_api-get_vote_stat", "duration_ms": 3.51, "correlation_id": "c19dbbce-9eda-40d7-9ed2-d8fca4502fc2"}
{"timestamp": "2026-06-05 20:32:51,497", "level": "INFO", "logger_name": "django.server", "message": "\"GET /api/topics/6/vote/stat/ HTTP/1.1\" 200 97"}
{"timestamp": "2026-06-05 20:33:01,527", "level": "INFO", "logger_name": "core.api", "message": "API Request Started: GET /api/topics/6/vote/stat/", "request_id": "7a3dccf3-79b2-4255-877d-2cb375786de6", "user_id": null, "api_id": "topic_api-get_vote_stat", "correlation_id": "7a3dccf3-79b2-4255-877d-2cb375786de6"}
{"timestamp": "2026-06-05 20:33:01,529", "level": "INFO", "logger_name": "core.api", "message": "API Response Completed: 200", "request_id": "7a3dccf3-79b2-4255-877d-2cb375786de6", "user_id": null, "api_id": "topic_api-get_vote_stat", "duration_ms": 2.15, "correlation_id": "7a3dccf3-79b2-4255-877d-2cb375786de6"}
{"timestamp": "2026-06-05 20:33:01,529", "level": "INFO", "logger_name": "django.server", "message": "\"GET /api/topics/6/vote/stat/ HTTP/1.1\" 200 97"}
{"timestamp": "2026-06-05 20:33:11,488", "level": "INFO", "logger_name": "core.api", "message": "API Request Started: GET /api/topics/6/vote/stat/", "request_id": "f6cbd71a-315a-4759-8b0a-8f05abf1deb3", "user_id": null, "api_id": "topic_api-get_vote_stat", "correlation_id": "f6cbd71a-315a-4759-8b0a-8f05abf1deb3"}
{"timestamp": "2026-06-05 20:33:11,490", "level": "INFO", "logger_name": "core.api", "message": "API Response Completed: 200", "request_id": "f6cbd71a-315a-4759-8b0a-8f05abf1deb3", "user_id": null, "api_id": "topic_api-get_vote_stat", "duration_ms": 2.41, "correlation_id": "f6cbd71a-315a-4759-8b0a-8f05abf1deb3"}
{"timestamp": "2026-06-05 20:33:11,491", "level": "INFO", "logger_name": "django.server", "message": "\"GET /api/topics/6/vote/stat/ HTTP/1.1\" 200 97"}
{"timestamp": "2026-06-05 20:33:21,497", "level": "INFO", "logger_name": "core.api", "message": "API Request Started: GET /api/topics/6/vote/stat/", "request_id": "3f5a9179-0c59-4cfb-9497-bd51113a098c", "user_id": null, "api_id": "topic_api-get_vote_stat", "correlation_id": "3f5a9179-0c59-4cfb-9497-bd51113a098c"}
{"timestamp": "2026-06-05 20:33:21,499", "level": "INFO", "logger_name": "core.api", "message": "API Response Completed: 200", "request_id": "3f5a9179-0c59-4cfb-9497-bd51113a098c", "user_id": null, "api_id": "topic_api-get_vote_stat", "duration_ms": 2.46, "correlation_id": "3f5a9179-0c59-4cfb-9497-bd51113a098c"}
{"timestamp": "2026-06-05 20:33:21,500", "level": "INFO", "logger_name": "django.server", "message": "\"GET /api/topics/6/vote/stat/ HTTP/1.1\" 200 97"}
{"timestamp": "2026-06-05 20:33:31,511", "level": "INFO", "logger_name": "core.api", "message": "API Request Started: GET /api/topics/6/vote/stat/", "request_id": "22cab8ca-062f-4848-b633-387525d21a8d", "user_id": null, "api_id": "topic_api-get_vote_stat", "correlation_id": "22cab8ca-062f-4848-b633-387525d21a8d"}
{"timestamp": "2026-06-05 20:33:31,514", "level": "INFO", "logger_name": "core.api", "message": "API Response Completed: 200", "request_id": "22cab8ca-062f-4848-b633-387525d21a8d", "user_id": null, "api_id": "topic_api-get_vote_stat", "duration_ms": 2.9, "correlation_id": "22cab8ca-062f-4848-b633-387525d21a8d"}
{"timestamp": "2026-06-05 20:33:31,515", "level": "INFO", "logger_name": "django.server", "message": "\"GET /api/topics/6/vote/stat/ HTTP/1.1\" 200 97"}
{"timestamp": "2026-06-05 20:33:41,477", "level": "INFO", "logger_name": "core.api", "message": "API Request Started: GET /api/topics/6/vote/stat/", "request_id": "c73e686a-95e3-4172-9ef2-2f22c0f64dff", "user_id": null, "api_id": "topic_api-get_vote_stat", "correlation_id": "c73e686a-95e3-4172-9ef2-2f22c0f64dff"}
{"timestamp": "2026-06-05 20:33:41,480", "level": "INFO", "logger_name": "core.api", "message": "API Response Completed: 200", "request_id": "c73e686a-95e3-4172-9ef2-2f22c0f64dff", "user_id": null, "api_id": "topic_api-get_vote_stat", "duration_ms": 2.61, "correlation_id": "c73e686a-95e3-4172-9ef2-2f22c0f64dff"}
{"timestamp": "2026-06-05 20:33:41,480", "level": "INFO", "logger_name": "django.server", "message": "\"GET /api/topics/6/vote/stat/ HTTP/1.1\" 200 97"}
{"timestamp": "2026-06-05 20:33:51,480", "level": "INFO", "logger_name": "core.api", "message": "API Request Started: GET /api/topics/6/vote/stat/", "request_id": "2655335e-51d0-48ec-9d60-fadda1b51adc", "user_id": null, "api_id": "topic_api-get_vote_stat", "correlation_id": "2655335e-51d0-48ec-9d60-fadda1b51adc"}
{"timestamp": "2026-06-05 20:33:51,482", "level": "INFO", "logger_name": "core.api", "message": "API Response Completed: 200", "request_id": "2655335e-51d0-48ec-9d60-fadda1b51adc", "user_id": null, "api_id": "topic_api-get_vote_stat", "duration_ms": 2.46, "correlation_id": "2655335e-51d0-48ec-9d60-fadda1b51adc"}
{"timestamp": "2026-06-05 20:33:51,483", "level": "INFO", "logger_name": "django.server", "message": "\"GET /api/topics/6/vote/stat/ HTTP/1.1\" 200 97"}
{"timestamp": "2026-06-05 20:34:01,478", "level": "INFO", "logger_name": "core.api", "message": "API Request Started: GET /api/topics/6/vote/stat/", "request_id": "f032f75c-105a-480f-b7cd-1f63d1557339", "user_id": null, "api_id": "topic_api-get_vote_stat", "correlation_id": "f032f75c-105a-480f-b7cd-1f63d1557339"}
{"timestamp": "2026-06-05 20:34:01,480", "level": "INFO", "logger_name": "core.api", "message": "API Response Completed: 200", "request_id": "f032f75c-105a-480f-b7cd-1f63d1557339", "user_id": null, "api_id": "topic_api-get_vote_stat", "duration_ms": 2.23, "correlation_id": "f032f75c-105a-480f-b7cd-1f63d1557339"}
{"timestamp": "2026-06-05 20:34:01,481", "level": "INFO", "logger_name": "django.server", "message": "\"GET /api/topics/6/vote/stat/ HTTP/1.1\" 200 97"}
{"timestamp": "2026-06-05 20:34:11,527", "level": "INFO", "logger_name": "core.api", "message": "API Request Started: GET /api/topics/6/vote/stat/", "request_id": "53a4b283-9ac5-46d7-9f05-fd03d62e4141", "user_id": null, "api_id": "topic_api-get_vote_stat", "correlation_id": "53a4b283-9ac5-46d7-9f05-fd03d62e4141"}
{"timestamp": "2026-06-05 20:34:11,529", "level": "INFO", "logger_name": "core.api", "message": "API Response Completed: 200", "request_id": "53a4b283-9ac5-46d7-9f05-fd03d62e4141", "user_id": null, "api_id": "topic_api-get_vote_stat", "duration_ms": 2.75, "correlation_id": "53a4b283-9ac5-46d7-9f05-fd03d62e4141"}
{"timestamp": "2026-06-05 20:34:11,530", "level": "INFO", "logger_name": "django.server", "message": "\"GET /api/topics/6/vote/stat/ HTTP/1.1\" 200 97"}
{"timestamp": "2026-06-05 20:34:21,490", "level": "INFO", "logger_name": "core.api", "message": "API Request Started: GET /api/topics/6/vote/stat/", "request_id": "7fc67808-c692-4ce5-8aee-3edca1a8658d", "user_id": null, "api_id": "topic_api-get_vote_stat", "correlation_id": "7fc67808-c692-4ce5-8aee-3edca1a8658d"}
{"timestamp": "2026-06-05 20:34:21,492", "level": "INFO", "logger_name": "core.api", "message": "API Response Completed: 200", "request_id": "7fc67808-c692-4ce5-8aee-3edca1a8658d", "user_id": null, "api_id": "topic_api-get_vote_stat", "duration_ms": 2.25, "correlation_id": "7fc67808-c692-4ce5-8aee-3edca1a8658d"}
{"timestamp": "2026-06-05 20:34:21,492", "level": "INFO", "logger_name": "django.server", "message": "\"GET /api/topics/6/vote/stat/ HTTP/1.1\" 200 97"}
{"timestamp": "2026-06-05 20:34:31,505", "level": "INFO", "logger_name": "core.api", "message": "API Request Started: GET /api/topics/6/vote/stat/", "request_id": "6b00be8c-11f8-4817-a788-42445e52f1c7", "user_id": null, "api_id": "topic_api-get_vote_stat", "correlation_id": "6b00be8c-11f8-4817-a788-42445e52f1c7"}
{"timestamp": "2026-06-05 20:34:31,507", "level": "INFO", "logger_name": "core.api", "message": "API Response Completed: 200", "request_id": "6b00be8c-11f8-4817-a788-42445e52f1c7", "user_id": null, "api_id": "topic_api-get_vote_stat", "duration_ms": 2.31, "correlation_id": "6b00be8c-11f8-4817-a788-42445e52f1c7"}
{"timestamp": "2026-06-05 20:34:31,507", "level": "INFO", "logger_name": "django.server", "message": "\"GET /api/topics/6/vote/stat/ HTTP/1.1\" 200 97"}
{"timestamp": "2026-06-05 20:34:41,483", "level": "INFO", "logger_name": "core.api", "message": "API Request Started: GET /api/topics/6/vote/stat/", "request_id": "48917c00-f418-4fc5-a4b1-c7996865c491", "user_id": null, "api_id": "topic_api-get_vote_stat", "correlation_id": "48917c00-f418-4fc5-a4b1-c7996865c491"}
{"timestamp": "2026-06-05 20:34:41,485", "level": "INFO", "logger_name": "core.api", "message": "API Response Completed: 200", "request_id": "48917c00-f418-4fc5-a4b1-c7996865c491", "user_id": null, "api_id": "topic_api-get_vote_stat", "duration_ms": 2.23, "correlation_id": "48917c00-f418-4fc5-a4b1-c7996865c491"}
{"timestamp": "2026-06-05 20:34:41,486", "level": "INFO", "logger_name": "django.server", "message": "\"GET /api/topics/6/vote/stat/ HTTP/1.1\" 200 97"}
{"timestamp": "2026-06-05 20:34:51,501", "level": "INFO", "logger_name": "core.api", "message": "API Request Started: GET /api/topics/6/vote/stat/", "request_id": "87ba3d33-8d90-4e29-931b-80d5dedca575", "user_id": null, "api_id": "topic_api-get_vote_stat", "correlation_id": "87ba3d33-8d90-4e29-931b-80d5dedca575"}
{"timestamp": "2026-06-05 20:34:51,503", "level": "INFO", "logger_name": "core.api", "message": "API Response Completed: 200", "request_id": "87ba3d33-8d90-4e29-931b-80d5dedca575", "user_id": null, "api_id": "topic_api-get_vote_stat", "duration_ms": 2.46, "correlation_id": "87ba3d33-8d90-4e29-931b-80d5dedca575"}
{"timestamp": "2026-06-05 20:34:51,504", "level": "INFO", "logger_name": "django.server", "message": "\"GET /api/topics/6/vote/stat/ HTTP/1.1\" 200 97"}
{"timestamp": "2026-06-05 20:35:01,534", "level": "INFO", "logger_name": "core.api", "message": "API Request Started: GET /api/topics/6/vote/stat/", "request_id": "e99794ad-bcf9-4e12-b33b-eabd5187615c", "user_id": null, "api_id": "topic_api-get_vote_stat", "correlation_id": "e99794ad-bcf9-4e12-b33b-eabd5187615c"}
{"timestamp": "2026-06-05 20:35:01,537", "level": "INFO", "logger_name": "core.api", "message": "API Response Completed: 200", "request_id": "e99794ad-bcf9-4e12-b33b-eabd5187615c", "user_id": null, "api_id": "topic_api-get_vote_stat", "duration_ms": 2.72, "correlation_id": "e99794ad-bcf9-4e12-b33b-eabd5187615c"}
{"timestamp": "2026-06-05 20:35:01,537", "level": "INFO", "logger_name": "django.server", "message": "\"GET /api/topics/6/vote/stat/ HTTP/1.1\" 200 97"}
{"timestamp": "2026-06-05 20:35:02,083", "level": "INFO", "logger_name": "core.api", "message": "API Request Started: DELETE /api/topics/comments/1956/", "request_id": "0d3fa758-18e1-4cbe-8b39-be4d7d14e8db", "user_id": null, "api_id": "topic_api-manage_topic_comment", "correlation_id": "0d3fa758-18e1-4cbe-8b39-be4d7d14e8db"}
{"timestamp": "2026-06-05 20:35:02,100", "level": "INFO", "logger_name": "core.api", "message": "API Response Completed: 200", "request_id": "0d3fa758-18e1-4cbe-8b39-be4d7d14e8db", "user_id": null, "api_id": "topic_api-manage_topic_comment", "duration_ms": 16.41, "correlation_id": "0d3fa758-18e1-4cbe-8b39-be4d7d14e8db"}
{"timestamp": "2026-06-05 20:35:02,100", "level": "INFO", "logger_name": "django.server", "message": "\"DELETE /api/topics/comments/1956/ HTTP/1.1\" 200 68"}
{"timestamp": "2026-06-05 20:35:11,509", "level": "INFO", "logger_name": "core.api", "message": "API Request Started: GET /api/topics/6/vote/stat/", "request_id": "bcde5a2f-2257-4bec-87f8-27064f221e8d", "user_id": null, "api_id": "topic_api-get_vote_stat", "correlation_id": "bcde5a2f-2257-4bec-87f8-27064f221e8d"}
{"timestamp": "2026-06-05 20:35:11,512", "level": "INFO", "logger_name": "core.api", "message": "API Response Completed: 200", "request_id": "bcde5a2f-2257-4bec-87f8-27064f221e8d", "user_id": null, "api_id": "topic_api-get_vote_stat", "duration_ms": 2.36, "correlation_id": "bcde5a2f-2257-4bec-87f8-27064f221e8d"}
{"timestamp": "2026-06-05 20:35:11,512", "level": "INFO", "logger_name": "django.server", "message": "\"GET /api/topics/6/vote/stat/ HTTP/1.1\" 200 97"}
{"timestamp": "2026-06-05 20:35:21,506", "level": "INFO", "logger_name": "core.api", "message": "API Request Started: GET /api/topics/6/vote/stat/", "request_id": "81160548-a22c-4ec0-affb-262f1c1c2212", "user_id": null, "api_id": "topic_api-get_vote_stat", "correlation_id": "81160548-a22c-4ec0-affb-262f1c1c2212"}
{"timestamp": "2026-06-05 20:35:21,509", "level": "INFO", "logger_name": "core.api", "message": "API Response Completed: 200", "request_id": "81160548-a22c-4ec0-affb-262f1c1c2212", "user_id": null, "api_id": "topic_api-get_vote_stat", "duration_ms": 2.36, "correlation_id": "81160548-a22c-4ec0-affb-262f1c1c2212"}
{"timestamp": "2026-06-05 20:35:21,509", "level": "INFO", "logger_name": "django.server", "message": "\"GET /api/topics/6/vote/stat/ HTTP/1.1\" 200 97"}
{"timestamp": "2026-06-05 20:35:31,504", "level": "INFO", "logger_name": "core.api", "message": "API Request Started: GET /api/topics/6/vote/stat/", "request_id": "1ce49e8d-453d-49b3-98d8-48ecf73fe7bc", "user_id": null, "api_id": "topic_api-get_vote_stat", "correlation_id": "1ce49e8d-453d-49b3-98d8-48ecf73fe7bc"}
{"timestamp": "2026-06-05 20:35:31,506", "level": "INFO", "logger_name": "core.api", "message": "API Response Completed: 200", "request_id": "1ce49e8d-453d-49b3-98d8-48ecf73fe7bc", "user_id": null, "api_id": "topic_api-get_vote_stat", "duration_ms": 2.41, "correlation_id": "1ce49e8d-453d-49b3-98d8-48ecf73fe7bc"}
{"timestamp": "2026-06-05 20:35:31,507", "level": "INFO", "logger_name": "django.server", "message": "\"GET /api/topics/6/vote/stat/ HTTP/1.1\" 200 97"}
{"timestamp": "2026-06-05 20:35:36,476", "level": "INFO", "logger_name": "core.api", "message": "API Request Started: GET /api/topics/6/comments/list/", "request_id": "2326a305-41f3-4bac-8092-ea73a0f6f821", "user_id": null, "api_id": "topic_api-get_topic_comments", "correlation_id": "2326a305-41f3-4bac-8092-ea73a0f6f821"}
{"timestamp": "2026-06-05 20:35:36,486", "level": "INFO", "logger_name": "core.api", "message": "API Response Completed: 200", "request_id": "2326a305-41f3-4bac-8092-ea73a0f6f821", "user_id": null, "api_id": "topic_api-get_topic_comments", "duration_ms": 10.56, "correlation_id": "2326a305-41f3-4bac-8092-ea73a0f6f821"}
{"timestamp": "2026-06-05 20:35:36,487", "level": "INFO", "logger_name": "django.server", "message": "\"GET /api/topics/6/comments/list/?opinion=true&sort=latest&cursor=1323 HTTP/1.1\" 200 5366"}
{"timestamp": "2026-06-05 20:35:41,506", "level": "INFO", "logger_name": "core.api", "message": "API Request Started: GET /api/topics/6/vote/stat/", "request_id": "faddd2c9-e992-4b9b-aefe-709b27f83e2e", "user_id": null, "api_id": "topic_api-get_vote_stat", "correlation_id": "faddd2c9-e992-4b9b-aefe-709b27f83e2e"}
{"timestamp": "2026-06-05 20:35:41,508", "level": "INFO", "logger_name": "core.api", "message": "API Response Completed: 200", "request_id": "faddd2c9-e992-4b9b-aefe-709b27f83e2e", "user_id": null, "api_id": "topic_api-get_vote_stat", "duration_ms": 2.41, "correlation_id": "faddd2c9-e992-4b9b-aefe-709b27f83e2e"}
{"timestamp": "2026-06-05 20:35:41,509", "level": "INFO", "logger_name": "django.server", "message": "\"GET /api/topics/6/vote/stat/ HTTP/1.1\" 200 97"}
{"timestamp": "2026-06-05 20:35:56,870", "level": "INFO", "logger_name": "core.api", "message": "API Request Started: GET /api/topics/6/vote/stat/", "request_id": "b4ce2b0f-3b9c-4889-b784-83da9d0af805", "user_id": null, "api_id": "topic_api-get_vote_stat", "correlation_id": "b4ce2b0f-3b9c-4889-b784-83da9d0af805"}
{"timestamp": "2026-06-05 20:35:56,872", "level": "INFO", "logger_name": "core.api", "message": "API Response Completed: 200", "request_id": "b4ce2b0f-3b9c-4889-b784-83da9d0af805", "user_id": null, "api_id": "topic_api-get_vote_stat", "duration_ms": 2.88, "correlation_id": "b4ce2b0f-3b9c-4889-b784-83da9d0af805"}
{"timestamp": "2026-06-05 20:35:56,873", "level": "INFO", "logger_name": "django.server", "message": "\"GET /api/topics/6/vote/stat/ HTTP/1.1\" 200 97"}
{"timestamp": "2026-06-05 20:36:06,863", "level": "INFO", "logger_name": "core.api", "message": "API Request Started: GET /api/topics/6/vote/stat/", "request_id": "780c1fc9-254a-4ae6-9889-903e5415292e", "user_id": null, "api_id": "topic_api-get_vote_stat", "correlation_id": "780c1fc9-254a-4ae6-9889-903e5415292e"}
{"timestamp": "2026-06-05 20:36:06,866", "level": "INFO", "logger_name": "core.api", "message": "API Response Completed: 200", "request_id": "780c1fc9-254a-4ae6-9889-903e5415292e", "user_id": null, "api_id": "topic_api-get_vote_stat", "duration_ms": 3.03, "correlation_id": "780c1fc9-254a-4ae6-9889-903e5415292e"}
{"timestamp": "2026-06-05 20:36:06,867", "level": "INFO", "logger_name": "django.server", "message": "\"GET /api/topics/6/vote/stat/ HTTP/1.1\" 200 97"}
{"timestamp": "2026-06-05 20:36:16,816", "level": "INFO", "logger_name": "core.api", "message": "API Request Started: GET /api/topics/6/vote/stat/", "request_id": "457078dc-53a8-4758-b7bd-04567b30592a", "user_id": null, "api_id": "topic_api-get_vote_stat", "correlation_id": "457078dc-53a8-4758-b7bd-04567b30592a"}
{"timestamp": "2026-06-05 20:36:16,819", "level": "INFO", "logger_name": "core.api", "message": "API Response Completed: 200", "request_id": "457078dc-53a8-4758-b7bd-04567b30592a", "user_id": null, "api_id": "topic_api-get_vote_stat", "duration_ms": 2.59, "correlation_id": "457078dc-53a8-4758-b7bd-04567b30592a"}
{"timestamp": "2026-06-05 20:36:16,819", "level": "INFO", "logger_name": "django.server", "message": "\"GET /api/topics/6/vote/stat/ HTTP/1.1\" 200 97"}
{"timestamp": "2026-06-05 20:36:26,799", "level": "INFO", "logger_name": "core.api", "message": "API Request Started: GET /api/topics/6/vote/stat/", "request_id": "4b4fe224-49b9-401a-b615-c413dba8025b", "user_id": null, "api_id": "topic_api-get_vote_stat", "correlation_id": "4b4fe224-49b9-401a-b615-c413dba8025b"}
{"timestamp": "2026-06-05 20:36:26,801", "level": "INFO", "logger_name": "core.api", "message": "API Response Completed: 200", "request_id": "4b4fe224-49b9-401a-b615-c413dba8025b", "user_id": null, "api_id": "topic_api-get_vote_stat", "duration_ms": 2.4, "correlation_id": "4b4fe224-49b9-401a-b615-c413dba8025b"}
{"timestamp": "2026-06-05 20:36:26,802", "level": "INFO", "logger_name": "django.server", "message": "\"GET /api/topics/6/vote/stat/ HTTP/1.1\" 200 97"}
{"timestamp": "2026-06-05 20:36:36,800", "level": "INFO", "logger_name": "core.api", "message": "API Request Started: GET /api/topics/6/vote/stat/", "request_id": "916f7b6d-baec-4efd-b90a-b04282da51d3", "user_id": null, "api_id": "topic_api-get_vote_stat", "correlation_id": "916f7b6d-baec-4efd-b90a-b04282da51d3"}
{"timestamp": "2026-06-05 20:36:36,802", "level": "INFO", "logger_name": "core.api", "message": "API Response Completed: 200", "request_id": "916f7b6d-baec-4efd-b90a-b04282da51d3", "user_id": null, "api_id": "topic_api-get_vote_stat", "duration_ms": 2.36, "correlation_id": "916f7b6d-baec-4efd-b90a-b04282da51d3"}
{"timestamp": "2026-06-05 20:36:36,802", "level": "INFO", "logger_name": "django.server", "message": "\"GET /api/topics/6/vote/stat/ HTTP/1.1\" 200 97"}
{"timestamp": "2026-06-05 20:36:46,881", "level": "INFO", "logger_name": "core.api", "message": "API Request Started: GET /api/topics/6/vote/stat/", "request_id": "e5a0844c-7eaf-4c05-9e5c-5dd0ac7d43f7", "user_id": null, "api_id": "topic_api-get_vote_stat", "correlation_id": "e5a0844c-7eaf-4c05-9e5c-5dd0ac7d43f7"}
{"timestamp": "2026-06-05 20:36:46,883", "level": "INFO", "logger_name": "core.api", "message": "API Response Completed: 200", "request_id": "e5a0844c-7eaf-4c05-9e5c-5dd0ac7d43f7", "user_id": null, "api_id": "topic_api-get_vote_stat", "duration_ms": 2.22, "correlation_id": "e5a0844c-7eaf-4c05-9e5c-5dd0ac7d43f7"}
{"timestamp": "2026-06-05 20:36:46,884", "level": "INFO", "logger_name": "django.server", "message": "\"GET /api/topics/6/vote/stat/ HTTP/1.1\" 200 97"}
{"timestamp": "2026-06-05 20:36:57,074", "level": "INFO", "logger_name": "core.api", "message": "API Request Started: GET /api/topics/6/vote/stat/", "request_id": "9116680e-efc9-4c0e-bd76-533b63b40a3f", "user_id": null, "api_id": "topic_api-get_vote_stat", "correlation_id": "9116680e-efc9-4c0e-bd76-533b63b40a3f"}
{"timestamp": "2026-06-05 20:36:57,076", "level": "INFO", "logger_name": "core.api", "message": "API Response Completed: 200", "request_id": "9116680e-efc9-4c0e-bd76-533b63b40a3f", "user_id": null, "api_id": "topic_api-get_vote_stat", "duration_ms": 2.37, "correlation_id": "9116680e-efc9-4c0e-bd76-533b63b40a3f"}
{"timestamp": "2026-06-05 20:36:57,077", "level": "INFO", "logger_name": "django.server", "message": "\"GET /api/topics/6/vote/stat/ HTTP/1.1\" 200 97"}
{"timestamp": "2026-06-05 20:37:07,213", "level": "INFO", "logger_name": "core.api", "message": "API Request Started: GET /api/topics/6/vote/stat/", "request_id": "15e179a0-e9c6-4dca-9a66-27dcae8e482f", "user_id": null, "api_id": "topic_api-get_vote_stat", "correlation_id": "15e179a0-e9c6-4dca-9a66-27dcae8e482f"}
{"timestamp": "2026-06-05 20:37:07,215", "level": "INFO", "logger_name": "core.api", "message": "API Response Completed: 200", "request_id": "15e179a0-e9c6-4dca-9a66-27dcae8e482f", "user_id": null, "api_id": "topic_api-get_vote_stat", "duration_ms": 2.16, "correlation_id": "15e179a0-e9c6-4dca-9a66-27dcae8e482f"}
{"timestamp": "2026-06-05 20:37:07,215", "level": "INFO", "logger_name": "django.server", "message": "\"GET /api/topics/6/vote/stat/ HTTP/1.1\" 200 97"}
{"timestamp": "2026-06-05 20:37:16,857", "level": "INFO", "logger_name": "core.api", "message": "API Request Started: GET /api/topics/6/vote/stat/", "request_id": "bc4a8b5f-2d87-48f7-b0da-c0b4c0524891", "user_id": null, "api_id": "topic_api-get_vote_stat", "correlation_id": "bc4a8b5f-2d87-48f7-b0da-c0b4c0524891"}
{"timestamp": "2026-06-05 20:37:16,859", "level": "INFO", "logger_name": "core.api", "message": "API Response Completed: 200", "request_id": "bc4a8b5f-2d87-48f7-b0da-c0b4c0524891", "user_id": null, "api_id": "topic_api-get_vote_stat", "duration_ms": 2.18, "correlation_id": "bc4a8b5f-2d87-48f7-b0da-c0b4c0524891"}
{"timestamp": "2026-06-05 20:37:16,859", "level": "INFO", "logger_name": "django.server", "message": "\"GET /api/topics/6/vote/stat/ HTTP/1.1\" 200 97"}
{"timestamp": "2026-06-05 20:37:26,807", "level": "INFO", "logger_name": "core.api", "message": "API Request Started: GET /api/topics/6/vote/stat/", "request_id": "73a0ec0e-96e2-4bf6-b7b9-3c22317b0ec2", "user_id": null, "api_id": "topic_api-get_vote_stat", "correlation_id": "73a0ec0e-96e2-4bf6-b7b9-3c22317b0ec2"}
{"timestamp": "2026-06-05 20:37:26,809", "level": "INFO", "logger_name": "core.api", "message": "API Response Completed: 200", "request_id": "73a0ec0e-96e2-4bf6-b7b9-3c22317b0ec2", "user_id": null, "api_id": "topic_api-get_vote_stat", "duration_ms": 2.45, "correlation_id": "73a0ec0e-96e2-4bf6-b7b9-3c22317b0ec2"}
{"timestamp": "2026-06-05 20:37:26,809", "level": "INFO", "logger_name": "django.server", "message": "\"GET /api/topics/6/vote/stat/ HTTP/1.1\" 200 97"}
{"timestamp": "2026-06-05 20:37:36,817", "level": "INFO", "logger_name": "core.api", "message": "API Request Started: GET /api/topics/6/vote/stat/", "request_id": "d6b7a315-c6b0-49f8-8941-2e7342dc08ce", "user_id": null, "api_id": "topic_api-get_vote_stat", "correlation_id": "d6b7a315-c6b0-49f8-8941-2e7342dc08ce"}
{"timestamp": "2026-06-05 20:37:36,819", "level": "INFO", "logger_name": "core.api", "message": "API Response Completed: 200", "request_id": "d6b7a315-c6b0-49f8-8941-2e7342dc08ce", "user_id": null, "api_id": "topic_api-get_vote_stat", "duration_ms": 2.32, "correlation_id": "d6b7a315-c6b0-49f8-8941-2e7342dc08ce"}
{"timestamp": "2026-06-05 20:37:36,819", "level": "INFO", "logger_name": "django.server", "message": "\"GET /api/topics/6/vote/stat/ HTTP/1.1\" 200 97"}
{"timestamp": "2026-06-05 20:37:46,813", "level": "INFO", "logger_name": "core.api", "message": "API Request Started: GET /api/topics/6/vote/stat/", "request_id": "e1bf7863-08dc-476c-b372-525afd0f2904", "user_id": null, "api_id": "topic_api-get_vote_stat", "correlation_id": "e1bf7863-08dc-476c-b372-525afd0f2904"}
{"timestamp": "2026-06-05 20:37:46,817", "level": "INFO", "logger_name": "core.api", "message": "API Response Completed: 200", "request_id": "e1bf7863-08dc-476c-b372-525afd0f2904", "user_id": null, "api_id": "topic_api-get_vote_stat", "duration_ms": 4.39, "correlation_id": "e1bf7863-08dc-476c-b372-525afd0f2904"}
{"timestamp": "2026-06-05 20:37:46,818", "level": "INFO", "logger_name": "django.server", "message": "\"GET /api/topics/6/vote/stat/ HTTP/1.1\" 200 97"}
{"timestamp": "2026-06-05 20:37:56,823", "level": "INFO", "logger_name": "core.api", "message": "API Request Started: GET /api/topics/6/vote/stat/", "request_id": "abbd7519-c495-422f-8e37-9377936cc5a4", "user_id": null, "api_id": "topic_api-get_vote_stat", "correlation_id": "abbd7519-c495-422f-8e37-9377936cc5a4"}
{"timestamp": "2026-06-05 20:37:56,826", "level": "INFO", "logger_name": "core.api", "message": "API Response Completed: 200", "request_id": "abbd7519-c495-422f-8e37-9377936cc5a4", "user_id": null, "api_id": "topic_api-get_vote_stat", "duration_ms": 2.28, "correlation_id": "abbd7519-c495-422f-8e37-9377936cc5a4"}
{"timestamp": "2026-06-05 20:37:56,826", "level": "INFO", "logger_name": "django.server", "message": "\"GET /api/topics/6/vote/stat/ HTTP/1.1\" 200 97"}
{"timestamp": "2026-06-05 20:38:06,854", "level": "INFO", "logger_name": "core.api", "message": "API Request Started: GET /api/topics/6/vote/stat/", "request_id": "b952b1d3-6fe7-48e9-a8f8-aa3a9bcce441", "user_id": null, "api_id": "topic_api-get_vote_stat", "correlation_id": "b952b1d3-6fe7-48e9-a8f8-aa3a9bcce441"}
{"timestamp": "2026-06-05 20:38:06,856", "level": "INFO", "logger_name": "core.api", "message": "API Response Completed: 200", "request_id": "b952b1d3-6fe7-48e9-a8f8-aa3a9bcce441", "user_id": null, "api_id": "topic_api-get_vote_stat", "duration_ms": 2.28, "correlation_id": "b952b1d3-6fe7-48e9-a8f8-aa3a9bcce441"}
{"timestamp": "2026-06-05 20:38:06,857", "level": "INFO", "logger_name": "django.server", "message": "\"GET /api/topics/6/vote/stat/ HTTP/1.1\" 200 97"}
{"timestamp": "2026-06-05 20:38:16,847", "level": "INFO", "logger_name": "core.api", "message": "API Request Started: GET /api/topics/6/vote/stat/", "request_id": "ccf70a36-b920-43b7-a90a-2288a8ce0f9b", "user_id": null, "api_id": "topic_api-get_vote_stat", "correlation_id": "ccf70a36-b920-43b7-a90a-2288a8ce0f9b"}
{"timestamp": "2026-06-05 20:38:16,850", "level": "INFO", "logger_name": "core.api", "message": "API Response Completed: 200", "request_id": "ccf70a36-b920-43b7-a90a-2288a8ce0f9b", "user_id": null, "api_id": "topic_api-get_vote_stat", "duration_ms": 2.27, "correlation_id": "ccf70a36-b920-43b7-a90a-2288a8ce0f9b"}
{"timestamp": "2026-06-05 20:38:16,850", "level": "INFO", "logger_name": "django.server", "message": "\"GET /api/topics/6/vote/stat/ HTTP/1.1\" 200 97"}
{"timestamp": "2026-06-05 20:38:26,821", "level": "INFO", "logger_name": "core.api", "message": "API Request Started: GET /api/topics/6/vote/stat/", "request_id": "c4c8dece-d129-42aa-933b-534c2663f105", "user_id": null, "api_id": "topic_api-get_vote_stat", "correlation_id": "c4c8dece-d129-42aa-933b-534c2663f105"}
{"timestamp": "2026-06-05 20:38:26,824", "level": "INFO", "logger_name": "core.api", "message": "API Response Completed: 200", "request_id": "c4c8dece-d129-42aa-933b-534c2663f105", "user_id": null, "api_id": "topic_api-get_vote_stat", "duration_ms": 2.32, "correlation_id": "c4c8dece-d129-42aa-933b-534c2663f105"}
{"timestamp": "2026-06-05 20:38:26,824", "level": "INFO", "logger_name": "django.server", "message": "\"GET /api/topics/6/vote/stat/ HTTP/1.1\" 200 97"}
{"timestamp": "2026-06-05 20:38:36,828", "level": "INFO", "logger_name": "core.api", "message": "API Request Started: GET /api/topics/6/vote/stat/", "request_id": "cc72ce18-f473-4955-9669-1152a7d713e0", "user_id": null, "api_id": "topic_api-get_vote_stat", "correlation_id": "cc72ce18-f473-4955-9669-1152a7d713e0"}
{"timestamp": "2026-06-05 20:38:36,831", "level": "INFO", "logger_name": "core.api", "message": "API Response Completed: 200", "request_id": "cc72ce18-f473-4955-9669-1152a7d713e0", "user_id": null, "api_id": "topic_api-get_vote_stat", "duration_ms": 2.46, "correlation_id": "cc72ce18-f473-4955-9669-1152a7d713e0"}
{"timestamp": "2026-06-05 20:38:36,831", "level": "INFO", "logger_name": "django.server", "message": "\"GET /api/topics/6/vote/stat/ HTTP/1.1\" 200 97"}
{"timestamp": "2026-06-05 20:38:46,846", "level": "INFO", "logger_name": "core.api", "message": "API Request Started: GET /api/topics/6/vote/stat/", "request_id": "31f92a26-fa3d-4f06-a857-98e4ab9930a3", "user_id": null, "api_id": "topic_api-get_vote_stat", "correlation_id": "31f92a26-fa3d-4f06-a857-98e4ab9930a3"}
{"timestamp": "2026-06-05 20:38:46,848", "level": "INFO", "logger_name": "core.api", "message": "API Response Completed: 200", "request_id": "31f92a26-fa3d-4f06-a857-98e4ab9930a3", "user_id": null, "api_id": "topic_api-get_vote_stat", "duration_ms": 2.38, "correlation_id": "31f92a26-fa3d-4f06-a857-98e4ab9930a3"}
{"timestamp": "2026-06-05 20:38:46,848", "level": "INFO", "logger_name": "django.server", "message": "\"GET /api/topics/6/vote/stat/ HTTP/1.1\" 200 97"}
{"timestamp": "2026-06-05 20:38:56,843", "level": "INFO", "logger_name": "core.api", "message": "API Request Started: GET /api/topics/6/vote/stat/", "request_id": "4bff5466-c78f-4aa7-bf20-7266c385e97c", "user_id": null, "api_id": "topic_api-get_vote_stat", "correlation_id": "4bff5466-c78f-4aa7-bf20-7266c385e97c"}
{"timestamp": "2026-06-05 20:38:56,846", "level": "INFO", "logger_name": "core.api", "message": "API Response Completed: 200", "request_id": "4bff5466-c78f-4aa7-bf20-7266c385e97c", "user_id": null, "api_id": "topic_api-get_vote_stat", "duration_ms": 2.36, "correlation_id": "4bff5466-c78f-4aa7-bf20-7266c385e97c"}
{"timestamp": "2026-06-05 20:38:56,846", "level": "INFO", "logger_name": "django.server", "message": "\"GET /api/topics/6/vote/stat/ HTTP/1.1\" 200 97"}
{"timestamp": "2026-06-05 20:39:06,935", "level": "INFO", "logger_name": "core.api", "message": "API Request Started: GET /api/topics/6/vote/stat/", "request_id": "0668cc89-27e4-4aa6-b856-0531e2434f99", "user_id": null, "api_id": "topic_api-get_vote_stat", "correlation_id": "0668cc89-27e4-4aa6-b856-0531e2434f99"}
{"timestamp": "2026-06-05 20:39:06,938", "level": "INFO", "logger_name": "core.api", "message": "API Response Completed: 200", "request_id": "0668cc89-27e4-4aa6-b856-0531e2434f99", "user_id": null, "api_id": "topic_api-get_vote_stat", "duration_ms": 2.49, "correlation_id": "0668cc89-27e4-4aa6-b856-0531e2434f99"}
{"timestamp": "2026-06-05 20:39:06,938", "level": "INFO", "logger_name": "django.server", "message": "\"GET /api/topics/6/vote/stat/ HTTP/1.1\" 200 97"}
{"timestamp": "2026-06-05 20:39:16,849", "level": "INFO", "logger_name": "core.api", "message": "API Request Started: GET /api/topics/6/vote/stat/", "request_id": "0bbde88b-8e75-4e42-83ff-c5a465d68e7d", "user_id": null, "api_id": "topic_api-get_vote_stat", "correlation_id": "0bbde88b-8e75-4e42-83ff-c5a465d68e7d"}
{"timestamp": "2026-06-05 20:39:16,851", "level": "INFO", "logger_name": "core.api", "message": "API Response Completed: 200", "request_id": "0bbde88b-8e75-4e42-83ff-c5a465d68e7d", "user_id": null, "api_id": "topic_api-get_vote_stat", "duration_ms": 2.12, "correlation_id": "0bbde88b-8e75-4e42-83ff-c5a465d68e7d"}
{"timestamp": "2026-06-05 20:39:16,851", "level": "INFO", "logger_name": "django.server", "message": "\"GET /api/topics/6/vote/stat/ HTTP/1.1\" 200 97"}
{"timestamp": "2026-06-05 20:39:26,916", "level": "INFO", "logger_name": "core.api", "message": "API Request Started: GET /api/topics/6/vote/stat/", "request_id": "707e1388-ba07-4838-b023-3da48c16cee2", "user_id": null, "api_id": "topic_api-get_vote_stat", "correlation_id": "707e1388-ba07-4838-b023-3da48c16cee2"}
{"timestamp": "2026-06-05 20:39:26,918", "level": "INFO", "logger_name": "core.api", "message": "API Response Completed: 200", "request_id": "707e1388-ba07-4838-b023-3da48c16cee2", "user_id": null, "api_id": "topic_api-get_vote_stat", "duration_ms": 2.17, "correlation_id": "707e1388-ba07-4838-b023-3da48c16cee2"}
{"timestamp": "2026-06-05 20:39:26,919", "level": "INFO", "logger_name": "django.server", "message": "\"GET /api/topics/6/vote/stat/ HTTP/1.1\" 200 97"}
{"timestamp": "2026-06-05 20:39:36,916", "level": "INFO", "logger_name": "core.api", "message": "API Request Started: GET /api/topics/6/vote/stat/", "request_id": "fb1c9263-2abf-4d76-8c6a-4ec7b5fad868", "user_id": null, "api_id": "topic_api-get_vote_stat", "correlation_id": "fb1c9263-2abf-4d76-8c6a-4ec7b5fad868"}
{"timestamp": "2026-06-05 20:39:36,918", "level": "INFO", "logger_name": "core.api", "message": "API Response Completed: 200", "request_id": "fb1c9263-2abf-4d76-8c6a-4ec7b5fad868", "user_id": null, "api_id": "topic_api-get_vote_stat", "duration_ms": 2.63, "correlation_id": "fb1c9263-2abf-4d76-8c6a-4ec7b5fad868"}
{"timestamp": "2026-06-05 20:39:36,918", "level": "INFO", "logger_name": "django.server", "message": "\"GET /api/topics/6/vote/stat/ HTTP/1.1\" 200 97"}
{"timestamp": "2026-06-05 20:39:46,841", "level": "INFO", "logger_name": "core.api", "message": "API Request Started: GET /api/topics/6/vote/stat/", "request_id": "c03b2250-e4f5-43b6-8ae0-5d1536969860", "user_id": null, "api_id": "topic_api-get_vote_stat", "correlation_id": "c03b2250-e4f5-43b6-8ae0-5d1536969860"}
{"timestamp": "2026-06-05 20:39:46,843", "level": "INFO", "logger_name": "core.api", "message": "API Response Completed: 200", "request_id": "c03b2250-e4f5-43b6-8ae0-5d1536969860", "user_id": null, "api_id": "topic_api-get_vote_stat", "duration_ms": 2.31, "correlation_id": "c03b2250-e4f5-43b6-8ae0-5d1536969860"}
{"timestamp": "2026-06-05 20:39:46,843", "level": "INFO", "logger_name": "django.server", "message": "\"GET /api/topics/6/vote/stat/ HTTP/1.1\" 200 97"}
{"timestamp": "2026-06-05 20:39:56,838", "level": "INFO", "logger_name": "core.api", "message": "API Request Started: GET /api/topics/6/vote/stat/", "request_id": "31b92652-5cd0-412b-9627-5756686aa468", "user_id": null, "api_id": "topic_api-get_vote_stat", "correlation_id": "31b92652-5cd0-412b-9627-5756686aa468"}
{"timestamp": "2026-06-05 20:39:56,840", "level": "INFO", "logger_name": "core.api", "message": "API Response Completed: 200", "request_id": "31b92652-5cd0-412b-9627-5756686aa468", "user_id": null, "api_id": "topic_api-get_vote_stat", "duration_ms": 2.3, "correlation_id": "31b92652-5cd0-412b-9627-5756686aa468"}
{"timestamp": "2026-06-05 20:39:56,841", "level": "INFO", "logger_name": "django.server", "message": "\"GET /api/topics/6/vote/stat/ HTTP/1.1\" 200 97"}
{"timestamp": "2026-06-05 20:40:06,832", "level": "INFO", "logger_name": "core.api", "message": "API Request Started: GET /api/topics/6/vote/stat/", "request_id": "ab8a4746-71bb-43a8-ae47-3628bf6f412e", "user_id": null, "api_id": "topic_api-get_vote_stat", "correlation_id": "ab8a4746-71bb-43a8-ae47-3628bf6f412e"}
{"timestamp": "2026-06-05 20:40:06,834", "level": "INFO", "logger_name": "core.api", "message": "API Response Completed: 200", "request_id": "ab8a4746-71bb-43a8-ae47-3628bf6f412e", "user_id": null, "api_id": "topic_api-get_vote_stat", "duration_ms": 2.39, "correlation_id": "ab8a4746-71bb-43a8-ae47-3628bf6f412e"}
{"timestamp": "2026-06-05 20:40:06,834", "level": "INFO", "logger_name": "django.server", "message": "\"GET /api/topics/6/vote/stat/ HTTP/1.1\" 200 97"}
{"timestamp": "2026-06-05 20:40:16,823", "level": "INFO", "logger_name": "core.api", "message": "API Request Started: GET /api/topics/6/vote/stat/", "request_id": "1bb4b02f-28e0-4c2e-a4a0-4c8c03f6fbf2", "user_id": null, "api_id": "topic_api-get_vote_stat", "correlation_id": "1bb4b02f-28e0-4c2e-a4a0-4c8c03f6fbf2"}
{"timestamp": "2026-06-05 20:40:16,825", "level": "INFO", "logger_name": "core.api", "message": "API Response Completed: 200", "request_id": "1bb4b02f-28e0-4c2e-a4a0-4c8c03f6fbf2", "user_id": null, "api_id": "topic_api-get_vote_stat", "duration_ms": 2.29, "correlation_id": "1bb4b02f-28e0-4c2e-a4a0-4c8c03f6fbf2"}
{"timestamp": "2026-06-05 20:40:16,825", "level": "INFO", "logger_name": "django.server", "message": "\"GET /api/topics/6/vote/stat/ HTTP/1.1\" 200 97"}
{"timestamp": "2026-06-05 20:40:26,931", "level": "INFO", "logger_name": "core.api", "message": "API Request Started: GET /api/topics/6/vote/stat/", "request_id": "55dcf907-30b8-42a7-8dc9-cb58aa51962b", "user_id": null, "api_id": "topic_api-get_vote_stat", "correlation_id": "55dcf907-30b8-42a7-8dc9-cb58aa51962b"}
{"timestamp": "2026-06-05 20:40:26,934", "level": "INFO", "logger_name": "core.api", "message": "API Response Completed: 200", "request_id": "55dcf907-30b8-42a7-8dc9-cb58aa51962b", "user_id": null, "api_id": "topic_api-get_vote_stat", "duration_ms": 2.48, "correlation_id": "55dcf907-30b8-42a7-8dc9-cb58aa51962b"}
{"timestamp": "2026-06-05 20:40:26,934", "level": "INFO", "logger_name": "django.server", "message": "\"GET /api/topics/6/vote/stat/ HTTP/1.1\" 200 97"}
{"timestamp": "2026-06-05 20:40:36,833", "level": "INFO", "logger_name": "core.api", "message": "API Request Started: GET /api/topics/6/vote/stat/", "request_id": "de72660b-2750-44df-bf67-eee37ff80fcb", "user_id": null, "api_id": "topic_api-get_vote_stat", "correlation_id": "de72660b-2750-44df-bf67-eee37ff80fcb"}
{"timestamp": "2026-06-05 20:40:36,835", "level": "INFO", "logger_name": "core.api", "message": "API Response Completed: 200", "request_id": "de72660b-2750-44df-bf67-eee37ff80fcb", "user_id": null, "api_id": "topic_api-get_vote_stat", "duration_ms": 2.27, "correlation_id": "de72660b-2750-44df-bf67-eee37ff80fcb"}
{"timestamp": "2026-06-05 20:40:36,835", "level": "INFO", "logger_name": "django.server", "message": "\"GET /api/topics/6/vote/stat/ HTTP/1.1\" 200 97"}
{"timestamp": "2026-06-05 20:40:46,835", "level": "INFO", "logger_name": "core.api", "message": "API Request Started: GET /api/topics/6/vote/stat/", "request_id": "271a6ccd-46a5-4110-b811-005fd5e60a78", "user_id": null, "api_id": "topic_api-get_vote_stat", "correlation_id": "271a6ccd-46a5-4110-b811-005fd5e60a78"}
{"timestamp": "2026-06-05 20:40:46,838", "level": "INFO", "logger_name": "core.api", "message": "API Response Completed: 200", "request_id": "271a6ccd-46a5-4110-b811-005fd5e60a78", "user_id": null, "api_id": "topic_api-get_vote_stat", "duration_ms": 2.4, "correlation_id": "271a6ccd-46a5-4110-b811-005fd5e60a78"}
{"timestamp": "2026-06-05 20:40:46,838", "level": "INFO", "logger_name": "django.server", "message": "\"GET /api/topics/6/vote/stat/ HTTP/1.1\" 200 97"}
{"timestamp": "2026-06-05 20:40:49,389", "level": "INFO", "logger_name": "core.api", "message": "API Request Started: POST /api/topics/6/comments/", "request_id": "0548caec-e74f-450e-847d-5ec0caa44618", "user_id": null, "api_id": "topic_api-create_topic_comment", "correlation_id": "0548caec-e74f-450e-847d-5ec0caa44618"}
{"timestamp": "2026-06-05 20:40:49,433", "level": "INFO", "logger_name": "core.api", "message": "API Response Completed: 201", "request_id": "0548caec-e74f-450e-847d-5ec0caa44618", "user_id": null, "api_id": "topic_api-create_topic_comment", "duration_ms": 58.68, "correlation_id": "0548caec-e74f-450e-847d-5ec0caa44618"}
{"timestamp": "2026-06-05 20:40:49,434", "level": "INFO", "logger_name": "django.server", "message": "\"POST /api/topics/6/comments/ HTTP/1.1\" 201 233"}
{"timestamp": "2026-06-05 20:40:56,909", "level": "INFO", "logger_name": "core.api", "message": "API Request Started: GET /api/topics/6/vote/stat/", "request_id": "f804cf38-2b08-4985-9b7d-8628d8f6a38f", "user_id": null, "api_id": "topic_api-get_vote_stat", "correlation_id": "f804cf38-2b08-4985-9b7d-8628d8f6a38f"}
{"timestamp": "2026-06-05 20:40:56,912", "level": "INFO", "logger_name": "core.api", "message": "API Response Completed: 200", "request_id": "f804cf38-2b08-4985-9b7d-8628d8f6a38f", "user_id": null, "api_id": "topic_api-get_vote_stat", "duration_ms": 2.22, "correlation_id": "f804cf38-2b08-4985-9b7d-8628d8f6a38f"}
{"timestamp": "2026-06-05 20:40:56,912", "level": "INFO", "logger_name": "django.server", "message": "\"GET /api/topics/6/vote/stat/ HTTP/1.1\" 200 97"}
{"timestamp": "2026-06-05 20:41:07,460", "level": "INFO", "logger_name": "core.api", "message": "API Request Started: GET /api/topics/6/vote/stat/", "request_id": "4ef2e9d9-7454-4420-9ac0-5c007aaf4134", "user_id": null, "api_id": "topic_api-get_vote_stat", "correlation_id": "4ef2e9d9-7454-4420-9ac0-5c007aaf4134"}
{"timestamp": "2026-06-05 20:41:07,463", "level": "INFO", "logger_name": "core.api", "message": "API Response Completed: 200", "request_id": "4ef2e9d9-7454-4420-9ac0-5c007aaf4134", "user_id": null, "api_id": "topic_api-get_vote_stat", "duration_ms": 2.59, "correlation_id": "4ef2e9d9-7454-4420-9ac0-5c007aaf4134"}
{"timestamp": "2026-06-05 20:41:07,463", "level": "INFO", "logger_name": "django.server", "message": "\"GET /api/topics/6/vote/stat/ HTTP/1.1\" 200 97"}
{"timestamp": "2026-06-05 22:26:11,267", "level": "INFO", "logger_name": "core.api", "message": "API Request Started: GET /api/students/info", "request_id": "45426d29-13ae-462a-a77e-11898544cd19", "user_id": null, "api_id": "auth-view", "correlation_id": "45426d29-13ae-462a-a77e-11898544cd19"}
{"timestamp": "2026-06-05 22:26:11,268", "level": "INFO", "logger_name": "core.api.auth", "message": "=== [API CALL] GET /students/info ==="}
{"timestamp": "2026-06-05 22:26:11,270", "level": "INFO", "logger_name": "core.api", "message": "API Response Completed: 200", "request_id": "45426d29-13ae-462a-a77e-11898544cd19", "user_id": null, "api_id": "auth-view", "duration_ms": 2.95, "correlation_id": "45426d29-13ae-462a-a77e-11898544cd19"}
{"timestamp": "2026-06-05 22:26:11,271", "level": "INFO", "logger_name": "django.server", "message": "\"GET /api/students/info HTTP/1.1\" 200 256"}
{"timestamp": "2026-06-05 22:26:11,760", "level": "INFO", "logger_name": "core.api", "message": "API Request Started: GET /api/topics/active/", "request_id": "b30a96a6-5ead-45a1-982f-85a9c45644f0", "user_id": null, "api_id": "topic_api-get_active_topic", "correlation_id": "b30a96a6-5ead-45a1-982f-85a9c45644f0"}
{"timestamp": "2026-06-05 22:26:11,762", "level": "INFO", "logger_name": "core.api", "message": "API Response Completed: 200", "request_id": "b30a96a6-5ead-45a1-982f-85a9c45644f0", "user_id": null, "api_id": "topic_api-get_active_topic", "duration_ms": 2.05, "correlation_id": "b30a96a6-5ead-45a1-982f-85a9c45644f0"}
{"timestamp": "2026-06-05 22:26:11,763", "level": "INFO", "logger_name": "django.server", "message": "\"GET /api/topics/active/ HTTP/1.1\" 200 348"}
{"timestamp": "2026-06-05 22:26:11,823", "level": "INFO", "logger_name": "core.api", "message": "API Request Started: GET /api/topics/6/vote/stat/", "request_id": "f441eb38-0a92-4213-93ac-b909490d0eb7", "user_id": null, "api_id": "topic_api-get_vote_stat", "correlation_id": "f441eb38-0a92-4213-93ac-b909490d0eb7"}
{"timestamp": "2026-06-05 22:26:11,826", "level": "INFO", "logger_name": "core.api", "message": "API Response Completed: 200", "request_id": "f441eb38-0a92-4213-93ac-b909490d0eb7", "user_id": null, "api_id": "topic_api-get_vote_stat", "duration_ms": 2.6, "correlation_id": "f441eb38-0a92-4213-93ac-b909490d0eb7"}
{"timestamp": "2026-06-05 22:26:11,826", "level": "INFO", "logger_name": "django.server", "message": "\"GET /api/topics/6/vote/stat/ HTTP/1.1\" 200 97"}
{"timestamp": "2026-06-05 22:56:25,335", "level": "INFO", "logger_name": "core.api", "message": "API Request Started: GET /api/topics/", "request_id": "be00052c-a43a-44e0-90aa-bc6308740a7d", "user_id": null, "api_id": "topic_api-get_topic_list", "correlation_id": "be00052c-a43a-44e0-90aa-bc6308740a7d"}
{"timestamp": "2026-06-05 22:56:25,339", "level": "INFO", "logger_name": "core.api", "message": "API Response Completed: 200", "request_id": "be00052c-a43a-44e0-90aa-bc6308740a7d", "user_id": null, "api_id": "topic_api-get_topic_list", "duration_ms": 4.87, "correlation_id": "be00052c-a43a-44e0-90aa-bc6308740a7d"}
{"timestamp": "2026-06-05 22:56:25,340", "level": "INFO", "logger_name": "django.server", "message": "\"GET /api/topics/ HTTP/1.1\" 200 1864"}
{"timestamp": "2026-06-05 22:56:26,768", "level": "INFO", "logger_name": "core.api", "message": "API Request Started: GET /api/topics/6/comments/list/", "request_id": "a54b8784-bbb5-4d5a-9070-a2345c014cf6", "user_id": null, "api_id": "topic_api-get_topic_comments", "correlation_id": "a54b8784-bbb5-4d5a-9070-a2345c014cf6"}
{"timestamp": "2026-06-05 22:56:26,768", "level": "INFO", "logger_name": "core.api", "message": "API Request Started: GET /api/topics/6/comments/list/", "request_id": "f93f0467-04ad-47c5-a9f4-fac8477e55f0", "user_id": null, "api_id": "topic_api-get_topic_comments", "correlation_id": "f93f0467-04ad-47c5-a9f4-fac8477e55f0"}
{"timestamp": "2026-06-05 22:56:26,781", "level": "INFO", "logger_name": "core.api", "message": "API Response Completed: 200", "request_id": "a54b8784-bbb5-4d5a-9070-a2345c014cf6", "user_id": null, "api_id": "topic_api-get_topic_comments", "duration_ms": 13.28, "correlation_id": "a54b8784-bbb5-4d5a-9070-a2345c014cf6"}
{"timestamp": "2026-06-05 22:56:26,783", "level": "INFO", "logger_name": "django.server", "message": "\"GET /api/topics/6/comments/list/?opinion=true&sort=latest HTTP/1.1\" 200 5354"}
{"timestamp": "2026-06-05 22:56:26,784", "level": "INFO", "logger_name": "core.api", "message": "API Response Completed: 200", "request_id": "f93f0467-04ad-47c5-a9f4-fac8477e55f0", "user_id": null, "api_id": "topic_api-get_topic_comments", "duration_ms": 16.49, "correlation_id": "f93f0467-04ad-47c5-a9f4-fac8477e55f0"}
{"timestamp": "2026-06-05 22:56:26,786", "level": "INFO", "logger_name": "django.server", "message": "\"GET /api/topics/6/comments/list/?opinion=false&sort=latest HTTP/1.1\" 200 5884"}
{"timestamp": "2026-06-05 22:56:30,333", "level": "INFO", "logger_name": "core.api", "message": "API Request Started: GET /api/topics/6/comments/list/", "request_id": "d136ea01-b676-4d80-9d98-429a657edee7", "user_id": null, "api_id": "topic_api-get_topic_comments", "correlation_id": "d136ea01-b676-4d80-9d98-429a657edee7"}
{"timestamp": "2026-06-05 22:56:30,340", "level": "INFO", "logger_name": "core.api", "message": "API Response Completed: 200", "request_id": "d136ea01-b676-4d80-9d98-429a657edee7", "user_id": null, "api_id": "topic_api-get_topic_comments", "duration_ms": 7.71, "correlation_id": "d136ea01-b676-4d80-9d98-429a657edee7"}
{"timestamp": "2026-06-05 22:56:30,341", "level": "INFO", "logger_name": "django.server", "message": "\"GET /api/topics/6/comments/list/?opinion=true&sort=latest HTTP/1.1\" 200 5354"}
{"timestamp": "2026-06-05 22:56:30,818", "level": "INFO", "logger_name": "core.api", "message": "API Request Started: GET /api/topics/6/comments/list/", "request_id": "0b52ceaf-8a12-4145-8781-459acf5ff685", "user_id": null, "api_id": "topic_api-get_topic_comments", "correlation_id": "0b52ceaf-8a12-4145-8781-459acf5ff685"}
{"timestamp": "2026-06-05 22:56:30,826", "level": "INFO", "logger_name": "core.api", "message": "API Response Completed: 200", "request_id": "0b52ceaf-8a12-4145-8781-459acf5ff685", "user_id": null, "api_id": "topic_api-get_topic_comments", "duration_ms": 8.03, "correlation_id": "0b52ceaf-8a12-4145-8781-459acf5ff685"}
{"timestamp": "2026-06-05 22:56:30,827", "level": "INFO", "logger_name": "django.server", "message": "\"GET /api/topics/6/comments/list/?opinion=true&sort=latest HTTP/1.1\" 200 5354"}
{"timestamp": "2026-06-05 22:56:36,422", "level": "INFO", "logger_name": "core.api", "message": "API Request Started: GET /api/topics/6/vote/stat/", "request_id": "d81b3780-be69-4b9f-a703-725751849c92", "user_id": null, "api_id": "topic_api-get_vote_stat", "correlation_id": "d81b3780-be69-4b9f-a703-725751849c92"}
{"timestamp": "2026-06-05 22:56:36,424", "level": "INFO", "logger_name": "core.api", "message": "API Response Completed: 200", "request_id": "d81b3780-be69-4b9f-a703-725751849c92", "user_id": null, "api_id": "topic_api-get_vote_stat", "duration_ms": 2.18, "correlation_id": "d81b3780-be69-4b9f-a703-725751849c92"}
{"timestamp": "2026-06-05 22:56:36,424", "level": "INFO", "logger_name": "django.server", "message": "\"GET /api/topics/6/vote/stat/ HTTP/1.1\" 200 97"}
{"timestamp": "2026-06-05 22:56:40,430", "level": "INFO", "logger_name": "core.api", "message": "API Request Started: GET /api/topics/6/comments/list/", "request_id": "2c2ddd45-fa1f-40b8-82d5-def8a9223252", "user_id": null, "api_id": "topic_api-get_topic_comments", "correlation_id": "2c2ddd45-fa1f-40b8-82d5-def8a9223252"}
{"timestamp": "2026-06-05 22:56:40,438", "level": "INFO", "logger_name": "core.api", "message": "API Response Completed: 200", "request_id": "2c2ddd45-fa1f-40b8-82d5-def8a9223252", "user_id": null, "api_id": "topic_api-get_topic_comments", "duration_ms": 7.85, "correlation_id": "2c2ddd45-fa1f-40b8-82d5-def8a9223252"}
{"timestamp": "2026-06-05 22:56:40,438", "level": "INFO", "logger_name": "django.server", "message": "\"GET /api/topics/6/comments/list/?opinion=false&sort=latest HTTP/1.1\" 200 5884"}
{"timestamp": "2026-06-05 22:56:40,890", "level": "INFO", "logger_name": "core.api", "message": "API Request Started: GET /api/topics/6/comments/list/", "request_id": "7288d2b3-7ec1-4814-95c4-980159697ed9", "user_id": null, "api_id": "topic_api-get_topic_comments", "correlation_id": "7288d2b3-7ec1-4814-95c4-980159697ed9"}
{"timestamp": "2026-06-05 22:56:40,898", "level": "INFO", "logger_name": "core.api", "message": "API Response Completed: 200", "request_id": "7288d2b3-7ec1-4814-95c4-980159697ed9", "user_id": null, "api_id": "topic_api-get_topic_comments", "duration_ms": 8.25, "correlation_id": "7288d2b3-7ec1-4814-95c4-980159697ed9"}
{"timestamp": "2026-06-05 22:56:40,899", "level": "INFO", "logger_name": "django.server", "message": "\"GET /api/topics/6/comments/list/?opinion=false&sort=latest HTTP/1.1\" 200 5884"}
{"timestamp": "2026-06-05 22:56:44,433", "level": "INFO", "logger_name": "core.api", "message": "API Request Started: GET /api/topics/6/comments/list/", "request_id": "52a66cd6-d570-4528-8e80-7849f24f71ab", "user_id": null, "api_id": "topic_api-get_topic_comments", "correlation_id": "52a66cd6-d570-4528-8e80-7849f24f71ab"}
{"timestamp": "2026-06-05 22:56:44,440", "level": "INFO", "logger_name": "core.api", "message": "API Response Completed: 200", "request_id": "52a66cd6-d570-4528-8e80-7849f24f71ab", "user_id": null, "api_id": "topic_api-get_topic_comments", "duration_ms": 7.36, "correlation_id": "52a66cd6-d570-4528-8e80-7849f24f71ab"}
{"timestamp": "2026-06-05 22:56:44,441", "level": "INFO", "logger_name": "django.server", "message": "\"GET /api/topics/6/comments/list/?opinion=true&sort=latest HTTP/1.1\" 200 5354"}
{"timestamp": "2026-06-05 22:56:45,619", "level": "INFO", "logger_name": "core.api", "message": "API Request Started: GET /api/topics/6/comments/list/", "request_id": "09665d2c-f329-459d-94df-f20d339205ec", "user_id": null, "api_id": "topic_api-get_topic_comments", "correlation_id": "09665d2c-f329-459d-94df-f20d339205ec"}
{"timestamp": "2026-06-05 22:56:45,629", "level": "INFO", "logger_name": "core.api", "message": "API Response Completed: 200", "request_id": "09665d2c-f329-459d-94df-f20d339205ec", "user_id": null, "api_id": "topic_api-get_topic_comments", "duration_ms": 10.28, "correlation_id": "09665d2c-f329-459d-94df-f20d339205ec"}
{"timestamp": "2026-06-05 22:56:45,630", "level": "INFO", "logger_name": "django.server", "message": "\"GET /api/topics/6/comments/list/?opinion=true&sort=latest HTTP/1.1\" 200 5354"}
{"timestamp": "2026-06-05 22:56:46,414", "level": "INFO", "logger_name": "core.api", "message": "API Request Started: GET /api/topics/6/vote/stat/", "request_id": "4575aaac-3ac8-4e00-8352-375612341289", "user_id": null, "api_id": "topic_api-get_vote_stat", "correlation_id": "4575aaac-3ac8-4e00-8352-375612341289"}
{"timestamp": "2026-06-05 22:56:46,416", "level": "INFO", "logger_name": "core.api", "message": "API Response Completed: 200", "request_id": "4575aaac-3ac8-4e00-8352-375612341289", "user_id": null, "api_id": "topic_api-get_vote_stat", "duration_ms": 2.28, "correlation_id": "4575aaac-3ac8-4e00-8352-375612341289"}
{"timestamp": "2026-06-05 22:56:46,417", "level": "INFO", "logger_name": "django.server", "message": "\"GET /api/topics/6/vote/stat/ HTTP/1.1\" 200 97"}
{"timestamp": "2026-06-05 22:56:51,279", "level": "INFO", "logger_name": "core.api", "message": "API Request Started: DELETE /api/topics/comments/1957/", "request_id": "f984a079-ce72-45bc-ac45-43d23fd7547b", "user_id": null, "api_id": "topic_api-manage_topic_comment", "correlation_id": "f984a079-ce72-45bc-ac45-43d23fd7547b"}
{"timestamp": "2026-06-05 22:56:51,299", "level": "INFO", "logger_name": "core.api", "message": "API Response Completed: 200", "request_id": "f984a079-ce72-45bc-ac45-43d23fd7547b", "user_id": null, "api_id": "topic_api-manage_topic_comment", "duration_ms": 20.5, "correlation_id": "f984a079-ce72-45bc-ac45-43d23fd7547b"}
{"timestamp": "2026-06-05 22:56:51,300", "level": "INFO", "logger_name": "django.server", "message": "\"DELETE /api/topics/comments/1957/ HTTP/1.1\" 200 68"}
{"timestamp": "2026-06-05 22:56:53,604", "level": "INFO", "logger_name": "core.api", "message": "API Request Started: DELETE /api/topics/comments/1953/", "request_id": "02fabe0f-2445-4220-a76b-3838df3012bf", "user_id": null, "api_id": "topic_api-manage_topic_comment", "correlation_id": "02fabe0f-2445-4220-a76b-3838df3012bf"}
{"timestamp": "2026-06-05 22:56:53,622", "level": "INFO", "logger_name": "core.api", "message": "API Response Completed: 200", "request_id": "02fabe0f-2445-4220-a76b-3838df3012bf", "user_id": null, "api_id": "topic_api-manage_topic_comment", "duration_ms": 17.95, "correlation_id": "02fabe0f-2445-4220-a76b-3838df3012bf"}
{"timestamp": "2026-06-05 22:56:53,622", "level": "INFO", "logger_name": "django.server", "message": "\"DELETE /api/topics/comments/1953/ HTTP/1.1\" 200 68"}
{"timestamp": "2026-06-05 22:56:56,414", "level": "INFO", "logger_name": "core.api", "message": "API Request Started: GET /api/topics/6/vote/stat/", "request_id": "8d826836-04f1-4229-a462-6f7f191b982b", "user_id": null, "api_id": "topic_api-get_vote_stat", "correlation_id": "8d826836-04f1-4229-a462-6f7f191b982b"}
{"timestamp": "2026-06-05 22:56:56,416", "level": "INFO", "logger_name": "core.api", "message": "API Response Completed: 200", "request_id": "8d826836-04f1-4229-a462-6f7f191b982b", "user_id": null, "api_id": "topic_api-get_vote_stat", "duration_ms": 2.13, "correlation_id": "8d826836-04f1-4229-a462-6f7f191b982b"}
{"timestamp": "2026-06-05 22:56:56,416", "level": "INFO", "logger_name": "django.server", "message": "\"GET /api/topics/6/vote/stat/ HTTP/1.1\" 200 97"}
{"timestamp": "2026-06-05 22:57:06,406", "level": "INFO", "logger_name": "core.api", "message": "API Request Started: GET /api/topics/6/vote/stat/", "request_id": "1bd4314d-d3fb-4538-a490-c69e646235e3", "user_id": null, "api_id": "topic_api-get_vote_stat", "correlation_id": "1bd4314d-d3fb-4538-a490-c69e646235e3"}
{"timestamp": "2026-06-05 22:57:06,409", "level": "INFO", "logger_name": "core.api", "message": "API Response Completed: 200", "request_id": "1bd4314d-d3fb-4538-a490-c69e646235e3", "user_id": null, "api_id": "topic_api-get_vote_stat", "duration_ms": 2.29, "correlation_id": "1bd4314d-d3fb-4538-a490-c69e646235e3"}
{"timestamp": "2026-06-05 22:57:06,409", "level": "INFO", "logger_name": "django.server", "message": "\"GET /api/topics/6/vote/stat/ HTTP/1.1\" 200 97"}
{"timestamp": "2026-06-05 22:57:16,669", "level": "INFO", "logger_name": "core.api", "message": "API Request Started: GET /api/topics/6/vote/stat/", "request_id": "235f4c0e-6618-41b3-b4b0-7e4fbe8f0515", "user_id": null, "api_id": "topic_api-get_vote_stat", "correlation_id": "235f4c0e-6618-41b3-b4b0-7e4fbe8f0515"}
{"timestamp": "2026-06-05 22:57:16,673", "level": "INFO", "logger_name": "core.api", "message": "API Response Completed: 200", "request_id": "235f4c0e-6618-41b3-b4b0-7e4fbe8f0515", "user_id": null, "api_id": "topic_api-get_vote_stat", "duration_ms": 4.04, "correlation_id": "235f4c0e-6618-41b3-b4b0-7e4fbe8f0515"}
{"timestamp": "2026-06-05 22:57:16,674", "level": "INFO", "logger_name": "django.server", "message": "\"GET /api/topics/6/vote/stat/ HTTP/1.1\" 200 97"}
{"timestamp": "2026-06-05 22:57:26,406", "level": "INFO", "logger_name": "core.api", "message": "API Request Started: GET /api/topics/6/vote/stat/", "request_id": "bc5f1195-7651-496c-8712-6ef387a5a9d4", "user_id": null, "api_id": "topic_api-get_vote_stat", "correlation_id": "bc5f1195-7651-496c-8712-6ef387a5a9d4"}
{"timestamp": "2026-06-05 22:57:26,411", "level": "INFO", "logger_name": "core.api", "message": "API Response Completed: 200", "request_id": "bc5f1195-7651-496c-8712-6ef387a5a9d4", "user_id": null, "api_id": "topic_api-get_vote_stat", "duration_ms": 5.14, "correlation_id": "bc5f1195-7651-496c-8712-6ef387a5a9d4"}
{"timestamp": "2026-06-05 22:57:26,412", "level": "INFO", "logger_name": "django.server", "message": "\"GET /api/topics/6/vote/stat/ HTTP/1.1\" 200 97"}
{"timestamp": "2026-06-05 22:57:36,408", "level": "INFO", "logger_name": "core.api", "message": "API Request Started: GET /api/topics/6/vote/stat/", "request_id": "522151e5-1107-47a6-ae37-dfac9a9bad84", "user_id": null, "api_id": "topic_api-get_vote_stat", "correlation_id": "522151e5-1107-47a6-ae37-dfac9a9bad84"}
{"timestamp": "2026-06-05 22:57:36,411", "level": "INFO", "logger_name": "core.api", "message": "API Response Completed: 200", "request_id": "522151e5-1107-47a6-ae37-dfac9a9bad84", "user_id": null, "api_id": "topic_api-get_vote_stat", "duration_ms": 2.85, "correlation_id": "522151e5-1107-47a6-ae37-dfac9a9bad84"}
{"timestamp": "2026-06-05 22:57:36,411", "level": "INFO", "logger_name": "django.server", "message": "\"GET /api/topics/6/vote/stat/ HTTP/1.1\" 200 97"}
{"timestamp": "2026-06-05 22:57:46,404", "level": "INFO", "logger_name": "core.api", "message": "API Request Started: GET /api/topics/6/vote/stat/", "request_id": "ec306bec-9087-4986-bf7d-4f210b08ab17", "user_id": null, "api_id": "topic_api-get_vote_stat", "correlation_id": "ec306bec-9087-4986-bf7d-4f210b08ab17"}
{"timestamp": "2026-06-05 22:57:46,407", "level": "INFO", "logger_name": "core.api", "message": "API Response Completed: 200", "request_id": "ec306bec-9087-4986-bf7d-4f210b08ab17", "user_id": null, "api_id": "topic_api-get_vote_stat", "duration_ms": 3.17, "correlation_id": "ec306bec-9087-4986-bf7d-4f210b08ab17"}
{"timestamp": "2026-06-05 22:57:46,408", "level": "INFO", "logger_name": "django.server", "message": "\"GET /api/topics/6/vote/stat/ HTTP/1.1\" 200 97"}
{"timestamp": "2026-06-05 22:57:56,405", "level": "INFO", "logger_name": "core.api", "message": "API Request Started: GET /api/topics/6/vote/stat/", "request_id": "7215a342-e683-4dfc-8687-52cceb970cd0", "user_id": null, "api_id": "topic_api-get_vote_stat", "correlation_id": "7215a342-e683-4dfc-8687-52cceb970cd0"}
{"timestamp": "2026-06-05 22:57:56,408", "level": "INFO", "logger_name": "core.api", "message": "API Response Completed: 200", "request_id": "7215a342-e683-4dfc-8687-52cceb970cd0", "user_id": null, "api_id": "topic_api-get_vote_stat", "duration_ms": 3.84, "correlation_id": "7215a342-e683-4dfc-8687-52cceb970cd0"}
{"timestamp": "2026-06-05 22:57:56,409", "level": "INFO", "logger_name": "django.server", "message": "\"GET /api/topics/6/vote/stat/ HTTP/1.1\" 200 97"}
{"timestamp": "2026-06-05 22:58:06,410", "level": "INFO", "logger_name": "core.api", "message": "API Request Started: GET /api/topics/6/vote/stat/", "request_id": "af3d2ba1-82e9-4998-833a-59f7f381e9c2", "user_id": null, "api_id": "topic_api-get_vote_stat", "correlation_id": "af3d2ba1-82e9-4998-833a-59f7f381e9c2"}
{"timestamp": "2026-06-05 22:58:06,412", "level": "INFO", "logger_name": "core.api", "message": "API Response Completed: 200", "request_id": "af3d2ba1-82e9-4998-833a-59f7f381e9c2", "user_id": null, "api_id": "topic_api-get_vote_stat", "duration_ms": 2.61, "correlation_id": "af3d2ba1-82e9-4998-833a-59f7f381e9c2"}
{"timestamp": "2026-06-05 22:58:06,413", "level": "INFO", "logger_name": "django.server", "message": "\"GET /api/topics/6/vote/stat/ HTTP/1.1\" 200 97"}
{"timestamp": "2026-06-05 22:58:16,405", "level": "INFO", "logger_name": "core.api", "message": "API Request Started: GET /api/topics/6/vote/stat/", "request_id": "9639a7c0-a8b9-499d-8400-9e8c44d5b59e", "user_id": null, "api_id": "topic_api-get_vote_stat", "correlation_id": "9639a7c0-a8b9-499d-8400-9e8c44d5b59e"}
{"timestamp": "2026-06-05 22:58:16,407", "level": "INFO", "logger_name": "core.api", "message": "API Response Completed: 200", "request_id": "9639a7c0-a8b9-499d-8400-9e8c44d5b59e", "user_id": null, "api_id": "topic_api-get_vote_stat", "duration_ms": 2.24, "correlation_id": "9639a7c0-a8b9-499d-8400-9e8c44d5b59e"}
{"timestamp": "2026-06-05 22:58:16,407", "level": "INFO", "logger_name": "django.server", "message": "\"GET /api/topics/6/vote/stat/ HTTP/1.1\" 200 97"}
{"timestamp": "2026-06-05 22:58:26,408", "level": "INFO", "logger_name": "core.api", "message": "API Request Started: GET /api/topics/6/vote/stat/", "request_id": "3be07e5e-e08c-41b8-a60c-ce209f396dd4", "user_id": null, "api_id": "topic_api-get_vote_stat", "correlation_id": "3be07e5e-e08c-41b8-a60c-ce209f396dd4"}
{"timestamp": "2026-06-05 22:58:26,410", "level": "INFO", "logger_name": "core.api", "message": "API Response Completed: 200", "request_id": "3be07e5e-e08c-41b8-a60c-ce209f396dd4", "user_id": null, "api_id": "topic_api-get_vote_stat", "duration_ms": 2.2, "correlation_id": "3be07e5e-e08c-41b8-a60c-ce209f396dd4"}
{"timestamp": "2026-06-05 22:58:26,410", "level": "INFO", "logger_name": "django.server", "message": "\"GET /api/topics/6/vote/stat/ HTTP/1.1\" 200 97"}
{"timestamp": "2026-06-05 22:58:36,434", "level": "INFO", "logger_name": "core.api", "message": "API Request Started: GET /api/topics/6/vote/stat/", "request_id": "6e0f5c71-2a56-42ec-82fb-d71d5acd1774", "user_id": null, "api_id": "topic_api-get_vote_stat", "correlation_id": "6e0f5c71-2a56-42ec-82fb-d71d5acd1774"}
{"timestamp": "2026-06-05 22:58:36,437", "level": "INFO", "logger_name": "core.api", "message": "API Response Completed: 200", "request_id": "6e0f5c71-2a56-42ec-82fb-d71d5acd1774", "user_id": null, "api_id": "topic_api-get_vote_stat", "duration_ms": 3.24, "correlation_id": "6e0f5c71-2a56-42ec-82fb-d71d5acd1774"}
{"timestamp": "2026-06-05 22:58:36,438", "level": "INFO", "logger_name": "django.server", "message": "\"GET /api/topics/6/vote/stat/ HTTP/1.1\" 200 97"}
{"timestamp": "2026-06-05 22:58:46,429", "level": "INFO", "logger_name": "core.api", "message": "API Request Started: GET /api/topics/6/vote/stat/", "request_id": "dbdb1c7c-d3c2-4d44-8270-667f58ede5be", "user_id": null, "api_id": "topic_api-get_vote_stat", "correlation_id": "dbdb1c7c-d3c2-4d44-8270-667f58ede5be"}
{"timestamp": "2026-06-05 22:58:46,433", "level": "INFO", "logger_name": "core.api", "message": "API Response Completed: 200", "request_id": "dbdb1c7c-d3c2-4d44-8270-667f58ede5be", "user_id": null, "api_id": "topic_api-get_vote_stat", "duration_ms": 4.2, "correlation_id": "dbdb1c7c-d3c2-4d44-8270-667f58ede5be"}
{"timestamp": "2026-06-05 22:58:46,433", "level": "INFO", "logger_name": "django.server", "message": "\"GET /api/topics/6/vote/stat/ HTTP/1.1\" 200 97"}
{"timestamp": "2026-06-05 22:58:56,461", "level": "INFO", "logger_name": "core.api", "message": "API Request Started: GET /api/topics/6/vote/stat/", "request_id": "02d37a0d-df13-46d1-b02c-1254b44915e3", "user_id": null, "api_id": "topic_api-get_vote_stat", "correlation_id": "02d37a0d-df13-46d1-b02c-1254b44915e3"}
{"timestamp": "2026-06-05 22:58:56,466", "level": "INFO", "logger_name": "core.api", "message": "API Response Completed: 200", "request_id": "02d37a0d-df13-46d1-b02c-1254b44915e3", "user_id": null, "api_id": "topic_api-get_vote_stat", "duration_ms": 4.92, "correlation_id": "02d37a0d-df13-46d1-b02c-1254b44915e3"}
{"timestamp": "2026-06-05 22:58:56,467", "level": "INFO", "logger_name": "django.server", "message": "\"GET /api/topics/6/vote/stat/ HTTP/1.1\" 200 97"}
{"timestamp": "2026-06-05 22:59:06,416", "level": "INFO", "logger_name": "core.api", "message": "API Request Started: GET /api/topics/6/vote/stat/", "request_id": "a52d2ce8-b862-4024-ab3f-88e8064431e5", "user_id": null, "api_id": "topic_api-get_vote_stat", "correlation_id": "a52d2ce8-b862-4024-ab3f-88e8064431e5"}
{"timestamp": "2026-06-05 22:59:06,418", "level": "INFO", "logger_name": "core.api", "message": "API Response Completed: 200", "request_id": "a52d2ce8-b862-4024-ab3f-88e8064431e5", "user_id": null, "api_id": "topic_api-get_vote_stat", "duration_ms": 2.62, "correlation_id": "a52d2ce8-b862-4024-ab3f-88e8064431e5"}
{"timestamp": "2026-06-05 22:59:06,419", "level": "INFO", "logger_name": "django.server", "message": "\"GET /api/topics/6/vote/stat/ HTTP/1.1\" 200 97"}
{"timestamp": "2026-06-05 22:59:16,415", "level": "INFO", "logger_name": "core.api", "message": "API Request Started: GET /api/topics/6/vote/stat/", "request_id": "43606ac3-c006-4afb-967e-14fd2f39643e", "user_id": null, "api_id": "topic_api-get_vote_stat", "correlation_id": "43606ac3-c006-4afb-967e-14fd2f39643e"}
{"timestamp": "2026-06-05 22:59:16,417", "level": "INFO", "logger_name": "core.api", "message": "API Response Completed: 200", "request_id": "43606ac3-c006-4afb-967e-14fd2f39643e", "user_id": null, "api_id": "topic_api-get_vote_stat", "duration_ms": 2.3, "correlation_id": "43606ac3-c006-4afb-967e-14fd2f39643e"}
{"timestamp": "2026-06-05 22:59:16,417", "level": "INFO", "logger_name": "django.server", "message": "\"GET /api/topics/6/vote/stat/ HTTP/1.1\" 200 97"}
{"timestamp": "2026-06-05 22:59:26,429", "level": "INFO", "logger_name": "core.api", "message": "API Request Started: GET /api/topics/6/vote/stat/", "request_id": "0cfac540-6e18-4906-a4ea-3fff59544073", "user_id": null, "api_id": "topic_api-get_vote_stat", "correlation_id": "0cfac540-6e18-4906-a4ea-3fff59544073"}
{"timestamp": "2026-06-05 22:59:26,431", "level": "INFO", "logger_name": "core.api", "message": "API Response Completed: 200", "request_id": "0cfac540-6e18-4906-a4ea-3fff59544073", "user_id": null, "api_id": "topic_api-get_vote_stat", "duration_ms": 2.33, "correlation_id": "0cfac540-6e18-4906-a4ea-3fff59544073"}
{"timestamp": "2026-06-05 22:59:26,431", "level": "INFO", "logger_name": "django.server", "message": "\"GET /api/topics/6/vote/stat/ HTTP/1.1\" 200 97"}
{"timestamp": "2026-06-05 22:59:36,419", "level": "INFO", "logger_name": "core.api", "message": "API Request Started: GET /api/topics/6/vote/stat/", "request_id": "1a706ad1-007a-46ef-9dbe-718f9c652609", "user_id": null, "api_id": "topic_api-get_vote_stat", "correlation_id": "1a706ad1-007a-46ef-9dbe-718f9c652609"}
{"timestamp": "2026-06-05 22:59:36,424", "level": "INFO", "logger_name": "core.api", "message": "API Response Completed: 200", "request_id": "1a706ad1-007a-46ef-9dbe-718f9c652609", "user_id": null, "api_id": "topic_api-get_vote_stat", "duration_ms": 5.04, "correlation_id": "1a706ad1-007a-46ef-9dbe-718f9c652609"}
{"timestamp": "2026-06-05 22:59:36,425", "level": "INFO", "logger_name": "django.server", "message": "\"GET /api/topics/6/vote/stat/ HTTP/1.1\" 200 97"}
{"timestamp": "2026-06-05 22:59:46,435", "level": "INFO", "logger_name": "core.api", "message": "API Request Started: GET /api/topics/6/vote/stat/", "request_id": "d44e43b5-484b-4b65-bc12-f9f241d16f34", "user_id": null, "api_id": "topic_api-get_vote_stat", "correlation_id": "d44e43b5-484b-4b65-bc12-f9f241d16f34"}
{"timestamp": "2026-06-05 22:59:46,438", "level": "INFO", "logger_name": "core.api", "message": "API Response Completed: 200", "request_id": "d44e43b5-484b-4b65-bc12-f9f241d16f34", "user_id": null, "api_id": "topic_api-get_vote_stat", "duration_ms": 2.87, "correlation_id": "d44e43b5-484b-4b65-bc12-f9f241d16f34"}
{"timestamp": "2026-06-05 22:59:46,438", "level": "INFO", "logger_name": "django.server", "message": "\"GET /api/topics/6/vote/stat/ HTTP/1.1\" 200 97"}
{"timestamp": "2026-06-05 22:59:56,427", "level": "INFO", "logger_name": "core.api", "message": "API Request Started: GET /api/topics/6/vote/stat/", "request_id": "f4b6b9bb-3d9f-4bf8-a91e-0257b8600b41", "user_id": null, "api_id": "topic_api-get_vote_stat", "correlation_id": "f4b6b9bb-3d9f-4bf8-a91e-0257b8600b41"}
{"timestamp": "2026-06-05 22:59:56,429", "level": "INFO", "logger_name": "core.api", "message": "API Response Completed: 200", "request_id": "f4b6b9bb-3d9f-4bf8-a91e-0257b8600b41", "user_id": null, "api_id": "topic_api-get_vote_stat", "duration_ms": 2.18, "correlation_id": "f4b6b9bb-3d9f-4bf8-a91e-0257b8600b41"}
{"timestamp": "2026-06-05 22:59:56,429", "level": "INFO", "logger_name": "django.server", "message": "\"GET /api/topics/6/vote/stat/ HTTP/1.1\" 200 97"}
{"timestamp": "2026-06-05 23:00:06,415", "level": "INFO", "logger_name": "core.api", "message": "API Request Started: GET /api/topics/6/vote/stat/", "request_id": "7f21c67e-81dd-4705-bd51-0e412c468eac", "user_id": null, "api_id": "topic_api-get_vote_stat", "correlation_id": "7f21c67e-81dd-4705-bd51-0e412c468eac"}
{"timestamp": "2026-06-05 23:00:06,418", "level": "INFO", "logger_name": "core.api", "message": "API Response Completed: 200", "request_id": "7f21c67e-81dd-4705-bd51-0e412c468eac", "user_id": null, "api_id": "topic_api-get_vote_stat", "duration_ms": 3.23, "correlation_id": "7f21c67e-81dd-4705-bd51-0e412c468eac"}
{"timestamp": "2026-06-05 23:00:06,418", "level": "INFO", "logger_name": "django.server", "message": "\"GET /api/topics/6/vote/stat/ HTTP/1.1\" 200 97"}
{"timestamp": "2026-06-05 23:00:16,435", "level": "INFO", "logger_name": "core.api", "message": "API Request Started: GET /api/topics/6/vote/stat/", "request_id": "cde2fb1a-8631-4766-81cf-7d99bc15b74f", "user_id": null, "api_id": "topic_api-get_vote_stat", "correlation_id": "cde2fb1a-8631-4766-81cf-7d99bc15b74f"}
{"timestamp": "2026-06-05 23:00:16,437", "level": "INFO", "logger_name": "core.api", "message": "API Response Completed: 200", "request_id": "cde2fb1a-8631-4766-81cf-7d99bc15b74f", "user_id": null, "api_id": "topic_api-get_vote_stat", "duration_ms": 2.3, "correlation_id": "cde2fb1a-8631-4766-81cf-7d99bc15b74f"}
{"timestamp": "2026-06-05 23:00:16,437", "level": "INFO", "logger_name": "django.server", "message": "\"GET /api/topics/6/vote/stat/ HTTP/1.1\" 200 97"}
{"timestamp": "2026-06-05 23:00:26,440", "level": "INFO", "logger_name": "core.api", "message": "API Request Started: GET /api/topics/6/vote/stat/", "request_id": "d00e4817-4811-4999-8de8-e1dff49906da", "user_id": null, "api_id": "topic_api-get_vote_stat", "correlation_id": "d00e4817-4811-4999-8de8-e1dff49906da"}
{"timestamp": "2026-06-05 23:00:26,442", "level": "INFO", "logger_name": "core.api", "message": "API Response Completed: 200", "request_id": "d00e4817-4811-4999-8de8-e1dff49906da", "user_id": null, "api_id": "topic_api-get_vote_stat", "duration_ms": 2.29, "correlation_id": "d00e4817-4811-4999-8de8-e1dff49906da"}
{"timestamp": "2026-06-05 23:00:26,442", "level": "INFO", "logger_name": "django.server", "message": "\"GET /api/topics/6/vote/stat/ HTTP/1.1\" 200 97"}
{"timestamp": "2026-06-05 23:00:36,419", "level": "INFO", "logger_name": "core.api", "message": "API Request Started: GET /api/topics/6/vote/stat/", "request_id": "f1cd9e04-c094-4282-ab02-e7a9c771ab83", "user_id": null, "api_id": "topic_api-get_vote_stat", "correlation_id": "f1cd9e04-c094-4282-ab02-e7a9c771ab83"}
{"timestamp": "2026-06-05 23:00:36,423", "level": "INFO", "logger_name": "core.api", "message": "API Response Completed: 200", "request_id": "f1cd9e04-c094-4282-ab02-e7a9c771ab83", "user_id": null, "api_id": "topic_api-get_vote_stat", "duration_ms": 4.1, "correlation_id": "f1cd9e04-c094-4282-ab02-e7a9c771ab83"}
{"timestamp": "2026-06-05 23:00:36,423", "level": "INFO", "logger_name": "django.server", "message": "\"GET /api/topics/6/vote/stat/ HTTP/1.1\" 200 97"}
{"timestamp": "2026-06-05 23:00:46,435", "level": "INFO", "logger_name": "core.api", "message": "API Request Started: GET /api/topics/6/vote/stat/", "request_id": "e2b32701-9036-4691-b929-d418385042a4", "user_id": null, "api_id": "topic_api-get_vote_stat", "correlation_id": "e2b32701-9036-4691-b929-d418385042a4"}
{"timestamp": "2026-06-05 23:00:46,439", "level": "INFO", "logger_name": "core.api", "message": "API Response Completed: 200", "request_id": "e2b32701-9036-4691-b929-d418385042a4", "user_id": null, "api_id": "topic_api-get_vote_stat", "duration_ms": 4.84, "correlation_id": "e2b32701-9036-4691-b929-d418385042a4"}
{"timestamp": "2026-06-05 23:00:46,440", "level": "INFO", "logger_name": "django.server", "message": "\"GET /api/topics/6/vote/stat/ HTTP/1.1\" 200 97"}
{"timestamp": "2026-06-05 23:00:56,403", "level": "INFO", "logger_name": "core.api", "message": "API Request Started: GET /api/topics/6/vote/stat/", "request_id": "a26fd278-b0ed-4c01-9df0-b9c55320c984", "user_id": null, "api_id": "topic_api-get_vote_stat", "correlation_id": "a26fd278-b0ed-4c01-9df0-b9c55320c984"}
{"timestamp": "2026-06-05 23:00:56,406", "level": "INFO", "logger_name": "core.api", "message": "API Response Completed: 200", "request_id": "a26fd278-b0ed-4c01-9df0-b9c55320c984", "user_id": null, "api_id": "topic_api-get_vote_stat", "duration_ms": 2.21, "correlation_id": "a26fd278-b0ed-4c01-9df0-b9c55320c984"}
{"timestamp": "2026-06-05 23:00:56,406", "level": "INFO", "logger_name": "django.server", "message": "\"GET /api/topics/6/vote/stat/ HTTP/1.1\" 200 97"}
{"timestamp": "2026-06-05 23:01:06,400", "level": "INFO", "logger_name": "core.api", "message": "API Request Started: GET /api/topics/6/vote/stat/", "request_id": "7f9c939b-ca19-4a42-8c5b-90eae2db9caf", "user_id": null, "api_id": "topic_api-get_vote_stat", "correlation_id": "7f9c939b-ca19-4a42-8c5b-90eae2db9caf"}
{"timestamp": "2026-06-05 23:01:06,404", "level": "INFO", "logger_name": "core.api", "message": "API Response Completed: 200", "request_id": "7f9c939b-ca19-4a42-8c5b-90eae2db9caf", "user_id": null, "api_id": "topic_api-get_vote_stat", "duration_ms": 3.76, "correlation_id": "7f9c939b-ca19-4a42-8c5b-90eae2db9caf"}
{"timestamp": "2026-06-05 23:01:06,404", "level": "INFO", "logger_name": "django.server", "message": "\"GET /api/topics/6/vote/stat/ HTTP/1.1\" 200 97"}
{"timestamp": "2026-06-05 23:01:16,413", "level": "INFO", "logger_name": "core.api", "message": "API Request Started: GET /api/topics/6/vote/stat/", "request_id": "5125c2bd-b7ea-4ed7-8968-0d60f66fa777", "user_id": null, "api_id": "topic_api-get_vote_stat", "correlation_id": "5125c2bd-b7ea-4ed7-8968-0d60f66fa777"}
{"timestamp": "2026-06-05 23:01:16,416", "level": "INFO", "logger_name": "core.api", "message": "API Response Completed: 200", "request_id": "5125c2bd-b7ea-4ed7-8968-0d60f66fa777", "user_id": null, "api_id": "topic_api-get_vote_stat", "duration_ms": 2.84, "correlation_id": "5125c2bd-b7ea-4ed7-8968-0d60f66fa777"}
{"timestamp": "2026-06-05 23:01:16,416", "level": "INFO", "logger_name": "django.server", "message": "\"GET /api/topics/6/vote/stat/ HTTP/1.1\" 200 97"}
{"timestamp": "2026-06-05 23:01:26,398", "level": "INFO", "logger_name": "core.api", "message": "API Request Started: GET /api/topics/6/vote/stat/", "request_id": "d4bcbce9-4e88-4560-a713-5a7460fc66fd", "user_id": null, "api_id": "topic_api-get_vote_stat", "correlation_id": "d4bcbce9-4e88-4560-a713-5a7460fc66fd"}
{"timestamp": "2026-06-05 23:01:26,401", "level": "INFO", "logger_name": "core.api", "message": "API Response Completed: 200", "request_id": "d4bcbce9-4e88-4560-a713-5a7460fc66fd", "user_id": null, "api_id": "topic_api-get_vote_stat", "duration_ms": 3.07, "correlation_id": "d4bcbce9-4e88-4560-a713-5a7460fc66fd"}
{"timestamp": "2026-06-05 23:01:26,402", "level": "INFO", "logger_name": "django.server", "message": "\"GET /api/topics/6/vote/stat/ HTTP/1.1\" 200 97"}
{"timestamp": "2026-06-05 23:01:36,397", "level": "INFO", "logger_name": "core.api", "message": "API Request Started: GET /api/topics/6/vote/stat/", "request_id": "e59b9cf4-a894-4020-82af-fc06f7cbd7a0", "user_id": null, "api_id": "topic_api-get_vote_stat", "correlation_id": "e59b9cf4-a894-4020-82af-fc06f7cbd7a0"}
{"timestamp": "2026-06-05 23:01:36,403", "level": "INFO", "logger_name": "core.api", "message": "API Response Completed: 200", "request_id": "e59b9cf4-a894-4020-82af-fc06f7cbd7a0", "user_id": null, "api_id": "topic_api-get_vote_stat", "duration_ms": 5.15, "correlation_id": "e59b9cf4-a894-4020-82af-fc06f7cbd7a0"}
{"timestamp": "2026-06-05 23:01:36,403", "level": "INFO", "logger_name": "django.server", "message": "\"GET /api/topics/6/vote/stat/ HTTP/1.1\" 200 97"}
{"timestamp": "2026-06-05 23:01:46,425", "level": "INFO", "logger_name": "core.api", "message": "API Request Started: GET /api/topics/6/vote/stat/", "request_id": "3713f8eb-5363-4159-91d0-cf1634a56871", "user_id": null, "api_id": "topic_api-get_vote_stat", "correlation_id": "3713f8eb-5363-4159-91d0-cf1634a56871"}
{"timestamp": "2026-06-05 23:01:46,428", "level": "INFO", "logger_name": "core.api", "message": "API Response Completed: 200", "request_id": "3713f8eb-5363-4159-91d0-cf1634a56871", "user_id": null, "api_id": "topic_api-get_vote_stat", "duration_ms": 2.84, "correlation_id": "3713f8eb-5363-4159-91d0-cf1634a56871"}
{"timestamp": "2026-06-05 23:01:46,428", "level": "INFO", "logger_name": "django.server", "message": "\"GET /api/topics/6/vote/stat/ HTTP/1.1\" 200 97"}
{"timestamp": "2026-06-05 23:01:56,426", "level": "INFO", "logger_name": "core.api", "message": "API Request Started: GET /api/topics/6/vote/stat/", "request_id": "332a2644-7de7-4e57-8ac2-b36eb6ef62fe", "user_id": null, "api_id": "topic_api-get_vote_stat", "correlation_id": "332a2644-7de7-4e57-8ac2-b36eb6ef62fe"}
{"timestamp": "2026-06-05 23:01:56,428", "level": "INFO", "logger_name": "core.api", "message": "API Response Completed: 200", "request_id": "332a2644-7de7-4e57-8ac2-b36eb6ef62fe", "user_id": null, "api_id": "topic_api-get_vote_stat", "duration_ms": 2.1, "correlation_id": "332a2644-7de7-4e57-8ac2-b36eb6ef62fe"}
{"timestamp": "2026-06-05 23:01:56,428", "level": "INFO", "logger_name": "django.server", "message": "\"GET /api/topics/6/vote/stat/ HTTP/1.1\" 200 97"}
{"timestamp": "2026-06-05 23:02:06,407", "level": "INFO", "logger_name": "core.api", "message": "API Request Started: GET /api/topics/6/vote/stat/", "request_id": "8ea59f0e-45f4-4845-9a35-3d4d301ef9d9", "user_id": null, "api_id": "topic_api-get_vote_stat", "correlation_id": "8ea59f0e-45f4-4845-9a35-3d4d301ef9d9"}
{"timestamp": "2026-06-05 23:02:06,410", "level": "INFO", "logger_name": "core.api", "message": "API Response Completed: 200", "request_id": "8ea59f0e-45f4-4845-9a35-3d4d301ef9d9", "user_id": null, "api_id": "topic_api-get_vote_stat", "duration_ms": 2.69, "correlation_id": "8ea59f0e-45f4-4845-9a35-3d4d301ef9d9"}
{"timestamp": "2026-06-05 23:02:06,410", "level": "INFO", "logger_name": "django.server", "message": "\"GET /api/topics/6/vote/stat/ HTTP/1.1\" 200 97"}
{"timestamp": "2026-06-05 23:02:16,402", "level": "INFO", "logger_name": "core.api", "message": "API Request Started: GET /api/topics/6/vote/stat/", "request_id": "fcf1c38d-e478-49be-a841-5956df104e83", "user_id": null, "api_id": "topic_api-get_vote_stat", "correlation_id": "fcf1c38d-e478-49be-a841-5956df104e83"}
{"timestamp": "2026-06-05 23:02:16,404", "level": "INFO", "logger_name": "core.api", "message": "API Response Completed: 200", "request_id": "fcf1c38d-e478-49be-a841-5956df104e83", "user_id": null, "api_id": "topic_api-get_vote_stat", "duration_ms": 2.2, "correlation_id": "fcf1c38d-e478-49be-a841-5956df104e83"}
{"timestamp": "2026-06-05 23:02:16,405", "level": "INFO", "logger_name": "django.server", "message": "\"GET /api/topics/6/vote/stat/ HTTP/1.1\" 200 97"}
{"timestamp": "2026-06-05 23:02:26,430", "level": "INFO", "logger_name": "core.api", "message": "API Request Started: GET /api/topics/6/vote/stat/", "request_id": "4c77235f-b39a-4e1c-90bf-81ef7c273efc", "user_id": null, "api_id": "topic_api-get_vote_stat", "correlation_id": "4c77235f-b39a-4e1c-90bf-81ef7c273efc"}
{"timestamp": "2026-06-05 23:02:26,433", "level": "INFO", "logger_name": "core.api", "message": "API Response Completed: 200", "request_id": "4c77235f-b39a-4e1c-90bf-81ef7c273efc", "user_id": null, "api_id": "topic_api-get_vote_stat", "duration_ms": 2.93, "correlation_id": "4c77235f-b39a-4e1c-90bf-81ef7c273efc"}
{"timestamp": "2026-06-05 23:02:26,434", "level": "INFO", "logger_name": "django.server", "message": "\"GET /api/topics/6/vote/stat/ HTTP/1.1\" 200 97"}
{"timestamp": "2026-06-05 23:02:36,412", "level": "INFO", "logger_name": "core.api", "message": "API Request Started: GET /api/topics/6/vote/stat/", "request_id": "f8063fbf-3f02-4eff-b457-ad8f9288f62f", "user_id": null, "api_id": "topic_api-get_vote_stat", "correlation_id": "f8063fbf-3f02-4eff-b457-ad8f9288f62f"}
{"timestamp": "2026-06-05 23:02:36,417", "level": "INFO", "logger_name": "core.api", "message": "API Response Completed: 200", "request_id": "f8063fbf-3f02-4eff-b457-ad8f9288f62f", "user_id": null, "api_id": "topic_api-get_vote_stat", "duration_ms": 4.81, "correlation_id": "f8063fbf-3f02-4eff-b457-ad8f9288f62f"}
{"timestamp": "2026-06-05 23:02:36,417", "level": "INFO", "logger_name": "django.server", "message": "\"GET /api/topics/6/vote/stat/ HTTP/1.1\" 200 97"}
{"timestamp": "2026-06-05 23:02:46,430", "level": "INFO", "logger_name": "core.api", "message": "API Request Started: GET /api/topics/6/vote/stat/", "request_id": "0127d61c-84df-4011-a23c-9737e042e3bb", "user_id": null, "api_id": "topic_api-get_vote_stat", "correlation_id": "0127d61c-84df-4011-a23c-9737e042e3bb"}
{"timestamp": "2026-06-05 23:02:46,434", "level": "INFO", "logger_name": "core.api", "message": "API Response Completed: 200", "request_id": "0127d61c-84df-4011-a23c-9737e042e3bb", "user_id": null, "api_id": "topic_api-get_vote_stat", "duration_ms": 4.01, "correlation_id": "0127d61c-84df-4011-a23c-9737e042e3bb"}
{"timestamp": "2026-06-05 23:02:46,435", "level": "INFO", "logger_name": "django.server", "message": "\"GET /api/topics/6/vote/stat/ HTTP/1.1\" 200 97"}
{"timestamp": "2026-06-05 23:02:56,408", "level": "INFO", "logger_name": "core.api", "message": "API Request Started: GET /api/topics/6/vote/stat/", "request_id": "94b55edd-4fc2-4421-98c5-15d7cd3def21", "user_id": null, "api_id": "topic_api-get_vote_stat", "correlation_id": "94b55edd-4fc2-4421-98c5-15d7cd3def21"}
{"timestamp": "2026-06-05 23:02:56,410", "level": "INFO", "logger_name": "core.api", "message": "API Response Completed: 200", "request_id": "94b55edd-4fc2-4421-98c5-15d7cd3def21", "user_id": null, "api_id": "topic_api-get_vote_stat", "duration_ms": 2.35, "correlation_id": "94b55edd-4fc2-4421-98c5-15d7cd3def21"}
{"timestamp": "2026-06-05 23:02:56,411", "level": "INFO", "logger_name": "django.server", "message": "\"GET /api/topics/6/vote/stat/ HTTP/1.1\" 200 97"}
{"timestamp": "2026-06-05 23:03:06,420", "level": "INFO", "logger_name": "core.api", "message": "API Request Started: GET /api/topics/6/vote/stat/", "request_id": "2e4f0d7a-278c-4f0e-b70c-8add3bd9d216", "user_id": null, "api_id": "topic_api-get_vote_stat", "correlation_id": "2e4f0d7a-278c-4f0e-b70c-8add3bd9d216"}
{"timestamp": "2026-06-05 23:03:06,425", "level": "INFO", "logger_name": "core.api", "message": "API Response Completed: 200", "request_id": "2e4f0d7a-278c-4f0e-b70c-8add3bd9d216", "user_id": null, "api_id": "topic_api-get_vote_stat", "duration_ms": 4.91, "correlation_id": "2e4f0d7a-278c-4f0e-b70c-8add3bd9d216"}
{"timestamp": "2026-06-05 23:03:06,425", "level": "INFO", "logger_name": "django.server", "message": "\"GET /api/topics/6/vote/stat/ HTTP/1.1\" 200 97"}
{"timestamp": "2026-06-05 23:03:16,401", "level": "INFO", "logger_name": "core.api", "message": "API Request Started: GET /api/topics/6/vote/stat/", "request_id": "192172ea-b0b8-408e-878d-10c550b84151", "user_id": null, "api_id": "topic_api-get_vote_stat", "correlation_id": "192172ea-b0b8-408e-878d-10c550b84151"}
{"timestamp": "2026-06-05 23:03:16,403", "level": "INFO", "logger_name": "core.api", "message": "API Response Completed: 200", "request_id": "192172ea-b0b8-408e-878d-10c550b84151", "user_id": null, "api_id": "topic_api-get_vote_stat", "duration_ms": 2.31, "correlation_id": "192172ea-b0b8-408e-878d-10c550b84151"}
{"timestamp": "2026-06-05 23:03:16,404", "level": "INFO", "logger_name": "django.server", "message": "\"GET /api/topics/6/vote/stat/ HTTP/1.1\" 200 97"}
{"timestamp": "2026-06-05 23:03:26,413", "level": "INFO", "logger_name": "core.api", "message": "API Request Started: GET /api/topics/6/vote/stat/", "request_id": "28ea0500-75d4-4570-b381-30a8ec911127", "user_id": null, "api_id": "topic_api-get_vote_stat", "correlation_id": "28ea0500-75d4-4570-b381-30a8ec911127"}
{"timestamp": "2026-06-05 23:03:26,418", "level": "INFO", "logger_name": "core.api", "message": "API Response Completed: 200", "request_id": "28ea0500-75d4-4570-b381-30a8ec911127", "user_id": null, "api_id": "topic_api-get_vote_stat", "duration_ms": 5.12, "correlation_id": "28ea0500-75d4-4570-b381-30a8ec911127"}
{"timestamp": "2026-06-05 23:03:26,419", "level": "INFO", "logger_name": "django.server", "message": "\"GET /api/topics/6/vote/stat/ HTTP/1.1\" 200 97"}
{"timestamp": "2026-06-05 23:03:36,445", "level": "INFO", "logger_name": "core.api", "message": "API Request Started: GET /api/topics/6/vote/stat/", "request_id": "738fd9da-4aca-4b93-ad33-0e6a84f5a37c", "user_id": null, "api_id": "topic_api-get_vote_stat", "correlation_id": "738fd9da-4aca-4b93-ad33-0e6a84f5a37c"}
{"timestamp": "2026-06-05 23:03:36,447", "level": "INFO", "logger_name": "core.api", "message": "API Response Completed: 200", "request_id": "738fd9da-4aca-4b93-ad33-0e6a84f5a37c", "user_id": null, "api_id": "topic_api-get_vote_stat", "duration_ms": 2.35, "correlation_id": "738fd9da-4aca-4b93-ad33-0e6a84f5a37c"}
{"timestamp": "2026-06-05 23:03:36,448", "level": "INFO", "logger_name": "django.server", "message": "\"GET /api/topics/6/vote/stat/ HTTP/1.1\" 200 97"}
{"timestamp": "2026-06-05 23:03:46,429", "level": "INFO", "logger_name": "core.api", "message": "API Request Started: GET /api/topics/6/vote/stat/", "request_id": "ad9cbb05-878b-4c1e-8753-2738c64152df", "user_id": null, "api_id": "topic_api-get_vote_stat", "correlation_id": "ad9cbb05-878b-4c1e-8753-2738c64152df"}
{"timestamp": "2026-06-05 23:03:46,431", "level": "INFO", "logger_name": "core.api", "message": "API Response Completed: 200", "request_id": "ad9cbb05-878b-4c1e-8753-2738c64152df", "user_id": null, "api_id": "topic_api-get_vote_stat", "duration_ms": 2.3, "correlation_id": "ad9cbb05-878b-4c1e-8753-2738c64152df"}
{"timestamp": "2026-06-05 23:03:46,432", "level": "INFO", "logger_name": "django.server", "message": "\"GET /api/topics/6/vote/stat/ HTTP/1.1\" 200 97"}
{"timestamp": "2026-06-05 23:03:56,432", "level": "INFO", "logger_name": "core.api", "message": "API Request Started: GET /api/topics/6/vote/stat/", "request_id": "d239502a-fdab-4379-a944-2a1f5c03cd27", "user_id": null, "api_id": "topic_api-get_vote_stat", "correlation_id": "d239502a-fdab-4379-a944-2a1f5c03cd27"}
{"timestamp": "2026-06-05 23:03:56,437", "level": "INFO", "logger_name": "core.api", "message": "API Response Completed: 200", "request_id": "d239502a-fdab-4379-a944-2a1f5c03cd27", "user_id": null, "api_id": "topic_api-get_vote_stat", "duration_ms": 4.68, "correlation_id": "d239502a-fdab-4379-a944-2a1f5c03cd27"}
{"timestamp": "2026-06-05 23:03:56,437", "level": "INFO", "logger_name": "django.server", "message": "\"GET /api/topics/6/vote/stat/ HTTP/1.1\" 200 97"}
{"timestamp": "2026-06-05 23:04:06,413", "level": "INFO", "logger_name": "core.api", "message": "API Request Started: GET /api/topics/6/vote/stat/", "request_id": "7e2698ba-610f-4aa2-b7d8-429858f91821", "user_id": null, "api_id": "topic_api-get_vote_stat", "correlation_id": "7e2698ba-610f-4aa2-b7d8-429858f91821"}
{"timestamp": "2026-06-05 23:04:06,415", "level": "INFO", "logger_name": "core.api", "message": "API Response Completed: 200", "request_id": "7e2698ba-610f-4aa2-b7d8-429858f91821", "user_id": null, "api_id": "topic_api-get_vote_stat", "duration_ms": 2.14, "correlation_id": "7e2698ba-610f-4aa2-b7d8-429858f91821"}
{"timestamp": "2026-06-05 23:04:06,415", "level": "INFO", "logger_name": "django.server", "message": "\"GET /api/topics/6/vote/stat/ HTTP/1.1\" 200 97"}
{"timestamp": "2026-06-05 23:04:16,416", "level": "INFO", "logger_name": "core.api", "message": "API Request Started: GET /api/topics/6/vote/stat/", "request_id": "98cac704-ad85-4054-b3a5-b8db248b07cb", "user_id": null, "api_id": "topic_api-get_vote_stat", "correlation_id": "98cac704-ad85-4054-b3a5-b8db248b07cb"}
{"timestamp": "2026-06-05 23:04:16,421", "level": "INFO", "logger_name": "core.api", "message": "API Response Completed: 200", "request_id": "98cac704-ad85-4054-b3a5-b8db248b07cb", "user_id": null, "api_id": "topic_api-get_vote_stat", "duration_ms": 4.83, "correlation_id": "98cac704-ad85-4054-b3a5-b8db248b07cb"}
{"timestamp": "2026-06-05 23:04:16,422", "level": "INFO", "logger_name": "django.server", "message": "\"GET /api/topics/6/vote/stat/ HTTP/1.1\" 200 97"}
{"timestamp": "2026-06-05 23:04:26,415", "level": "INFO", "logger_name": "core.api", "message": "API Request Started: GET /api/topics/6/vote/stat/", "request_id": "848e662c-fbfe-467b-a807-8577138a31b4", "user_id": null, "api_id": "topic_api-get_vote_stat", "correlation_id": "848e662c-fbfe-467b-a807-8577138a31b4"}
{"timestamp": "2026-06-05 23:04:26,417", "level": "INFO", "logger_name": "core.api", "message": "API Response Completed: 200", "request_id": "848e662c-fbfe-467b-a807-8577138a31b4", "user_id": null, "api_id": "topic_api-get_vote_stat", "duration_ms": 2.21, "correlation_id": "848e662c-fbfe-467b-a807-8577138a31b4"}
{"timestamp": "2026-06-05 23:04:26,417", "level": "INFO", "logger_name": "django.server", "message": "\"GET /api/topics/6/vote/stat/ HTTP/1.1\" 200 97"}
{"timestamp": "2026-06-05 23:04:36,428", "level": "INFO", "logger_name": "core.api", "message": "API Request Started: GET /api/topics/6/vote/stat/", "request_id": "29ba0880-dea6-4784-b821-26e55a184e87", "user_id": null, "api_id": "topic_api-get_vote_stat", "correlation_id": "29ba0880-dea6-4784-b821-26e55a184e87"}
{"timestamp": "2026-06-05 23:04:36,434", "level": "INFO", "logger_name": "core.api", "message": "API Response Completed: 200", "request_id": "29ba0880-dea6-4784-b821-26e55a184e87", "user_id": null, "api_id": "topic_api-get_vote_stat", "duration_ms": 5.46, "correlation_id": "29ba0880-dea6-4784-b821-26e55a184e87"}
{"timestamp": "2026-06-05 23:04:36,434", "level": "INFO", "logger_name": "django.server", "message": "\"GET /api/topics/6/vote/stat/ HTTP/1.1\" 200 97"}
{"timestamp": "2026-06-05 23:04:46,404", "level": "INFO", "logger_name": "core.api", "message": "API Request Started: GET /api/topics/6/vote/stat/", "request_id": "e2a24acb-5e33-41f8-b2e9-860ab12c6274", "user_id": null, "api_id": "topic_api-get_vote_stat", "correlation_id": "e2a24acb-5e33-41f8-b2e9-860ab12c6274"}
{"timestamp": "2026-06-05 23:04:46,406", "level": "INFO", "logger_name": "core.api", "message": "API Response Completed: 200", "request_id": "e2a24acb-5e33-41f8-b2e9-860ab12c6274", "user_id": null, "api_id": "topic_api-get_vote_stat", "duration_ms": 2.23, "correlation_id": "e2a24acb-5e33-41f8-b2e9-860ab12c6274"}
{"timestamp": "2026-06-05 23:04:46,406", "level": "INFO", "logger_name": "django.server", "message": "\"GET /api/topics/6/vote/stat/ HTTP/1.1\" 200 97"}
{"timestamp": "2026-06-05 23:04:56,471", "level": "INFO", "logger_name": "core.api", "message": "API Request Started: GET /api/topics/6/vote/stat/", "request_id": "7bc33ec4-a957-4867-a0c5-7a347f24270c", "user_id": null, "api_id": "topic_api-get_vote_stat", "correlation_id": "7bc33ec4-a957-4867-a0c5-7a347f24270c"}
{"timestamp": "2026-06-05 23:04:56,475", "level": "INFO", "logger_name": "core.api", "message": "API Response Completed: 200", "request_id": "7bc33ec4-a957-4867-a0c5-7a347f24270c", "user_id": null, "api_id": "topic_api-get_vote_stat", "duration_ms": 3.99, "correlation_id": "7bc33ec4-a957-4867-a0c5-7a347f24270c"}
{"timestamp": "2026-06-05 23:04:56,476", "level": "INFO", "logger_name": "django.server", "message": "\"GET /api/topics/6/vote/stat/ HTTP/1.1\" 200 97"}
{"timestamp": "2026-06-05 23:05:06,414", "level": "INFO", "logger_name": "core.api", "message": "API Request Started: GET /api/topics/6/vote/stat/", "request_id": "ab7168a9-9d75-4c67-b3ae-20004f03e534", "user_id": null, "api_id": "topic_api-get_vote_stat", "correlation_id": "ab7168a9-9d75-4c67-b3ae-20004f03e534"}
{"timestamp": "2026-06-05 23:05:06,416", "level": "INFO", "logger_name": "core.api", "message": "API Response Completed: 200", "request_id": "ab7168a9-9d75-4c67-b3ae-20004f03e534", "user_id": null, "api_id": "topic_api-get_vote_stat", "duration_ms": 2.71, "correlation_id": "ab7168a9-9d75-4c67-b3ae-20004f03e534"}
{"timestamp": "2026-06-05 23:05:06,417", "level": "INFO", "logger_name": "django.server", "message": "\"GET /api/topics/6/vote/stat/ HTTP/1.1\" 200 97"}
{"timestamp": "2026-06-05 23:05:16,408", "level": "INFO", "logger_name": "core.api", "message": "API Request Started: GET /api/topics/6/vote/stat/", "request_id": "f683e683-cf7e-44c7-aca9-cd3e9dce8f74", "user_id": null, "api_id": "topic_api-get_vote_stat", "correlation_id": "f683e683-cf7e-44c7-aca9-cd3e9dce8f74"}
{"timestamp": "2026-06-05 23:05:16,410", "level": "INFO", "logger_name": "core.api", "message": "API Response Completed: 200", "request_id": "f683e683-cf7e-44c7-aca9-cd3e9dce8f74", "user_id": null, "api_id": "topic_api-get_vote_stat", "duration_ms": 2.35, "correlation_id": "f683e683-cf7e-44c7-aca9-cd3e9dce8f74"}
{"timestamp": "2026-06-05 23:05:16,411", "level": "INFO", "logger_name": "django.server", "message": "\"GET /api/topics/6/vote/stat/ HTTP/1.1\" 200 97"}
{"timestamp": "2026-06-05 23:05:26,413", "level": "INFO", "logger_name": "core.api", "message": "API Request Started: GET /api/topics/6/vote/stat/", "request_id": "3eb5a261-39a3-450b-8bc2-2a38ee7d687a", "user_id": null, "api_id": "topic_api-get_vote_stat", "correlation_id": "3eb5a261-39a3-450b-8bc2-2a38ee7d687a"}
{"timestamp": "2026-06-05 23:05:26,416", "level": "INFO", "logger_name": "core.api", "message": "API Response Completed: 200", "request_id": "3eb5a261-39a3-450b-8bc2-2a38ee7d687a", "user_id": null, "api_id": "topic_api-get_vote_stat", "duration_ms": 3.22, "correlation_id": "3eb5a261-39a3-450b-8bc2-2a38ee7d687a"}
{"timestamp": "2026-06-05 23:05:26,417", "level": "INFO", "logger_name": "django.server", "message": "\"GET /api/topics/6/vote/stat/ HTTP/1.1\" 200 97"}
{"timestamp": "2026-06-05 23:05:36,426", "level": "INFO", "logger_name": "core.api", "message": "API Request Started: GET /api/topics/6/vote/stat/", "request_id": "8e43fdbd-3bcb-43a0-9610-575387b2e6f6", "user_id": null, "api_id": "topic_api-get_vote_stat", "correlation_id": "8e43fdbd-3bcb-43a0-9610-575387b2e6f6"}
{"timestamp": "2026-06-05 23:05:36,430", "level": "INFO", "logger_name": "core.api", "message": "API Response Completed: 200", "request_id": "8e43fdbd-3bcb-43a0-9610-575387b2e6f6", "user_id": null, "api_id": "topic_api-get_vote_stat", "duration_ms": 4.56, "correlation_id": "8e43fdbd-3bcb-43a0-9610-575387b2e6f6"}
{"timestamp": "2026-06-05 23:05:36,431", "level": "INFO", "logger_name": "django.server", "message": "\"GET /api/topics/6/vote/stat/ HTTP/1.1\" 200 97"}
{"timestamp": "2026-06-05 23:05:46,419", "level": "INFO", "logger_name": "core.api", "message": "API Request Started: GET /api/topics/6/vote/stat/", "request_id": "ff5a54ab-0fd0-43a8-8d81-cfe33fb49a44", "user_id": null, "api_id": "topic_api-get_vote_stat", "correlation_id": "ff5a54ab-0fd0-43a8-8d81-cfe33fb49a44"}
{"timestamp": "2026-06-05 23:05:46,421", "level": "INFO", "logger_name": "core.api", "message": "API Response Completed: 200", "request_id": "ff5a54ab-0fd0-43a8-8d81-cfe33fb49a44", "user_id": null, "api_id": "topic_api-get_vote_stat", "duration_ms": 2.37, "correlation_id": "ff5a54ab-0fd0-43a8-8d81-cfe33fb49a44"}
{"timestamp": "2026-06-05 23:05:46,422", "level": "INFO", "logger_name": "django.server", "message": "\"GET /api/topics/6/vote/stat/ HTTP/1.1\" 200 97"}
{"timestamp": "2026-06-05 23:05:56,396", "level": "INFO", "logger_name": "core.api", "message": "API Request Started: GET /api/topics/6/vote/stat/", "request_id": "64f385ad-90ec-4644-88e5-3a8d32e9770a", "user_id": null, "api_id": "topic_api-get_vote_stat", "correlation_id": "64f385ad-90ec-4644-88e5-3a8d32e9770a"}
{"timestamp": "2026-06-05 23:05:56,398", "level": "INFO", "logger_name": "core.api", "message": "API Response Completed: 200", "request_id": "64f385ad-90ec-4644-88e5-3a8d32e9770a", "user_id": null, "api_id": "topic_api-get_vote_stat", "duration_ms": 2.13, "correlation_id": "64f385ad-90ec-4644-88e5-3a8d32e9770a"}
{"timestamp": "2026-06-05 23:05:56,398", "level": "INFO", "logger_name": "django.server", "message": "\"GET /api/topics/6/vote/stat/ HTTP/1.1\" 200 97"}
{"timestamp": "2026-06-05 23:06:06,401", "level": "INFO", "logger_name": "core.api", "message": "API Request Started: GET /api/topics/6/vote/stat/", "request_id": "07552a0b-9a80-4a4e-be32-9e1d5fdc24d3", "user_id": null, "api_id": "topic_api-get_vote_stat", "correlation_id": "07552a0b-9a80-4a4e-be32-9e1d5fdc24d3"}
{"timestamp": "2026-06-05 23:06:06,405", "level": "INFO", "logger_name": "core.api", "message": "API Response Completed: 200", "request_id": "07552a0b-9a80-4a4e-be32-9e1d5fdc24d3", "user_id": null, "api_id": "topic_api-get_vote_stat", "duration_ms": 4.01, "correlation_id": "07552a0b-9a80-4a4e-be32-9e1d5fdc24d3"}
{"timestamp": "2026-06-05 23:06:06,406", "level": "INFO", "logger_name": "django.server", "message": "\"GET /api/topics/6/vote/stat/ HTTP/1.1\" 200 97"}
{"timestamp": "2026-06-05 23:06:16,435", "level": "INFO", "logger_name": "core.api", "message": "API Request Started: GET /api/topics/6/vote/stat/", "request_id": "155d3601-72be-4aba-9919-21701ece190e", "user_id": null, "api_id": "topic_api-get_vote_stat", "correlation_id": "155d3601-72be-4aba-9919-21701ece190e"}
{"timestamp": "2026-06-05 23:06:16,438", "level": "INFO", "logger_name": "core.api", "message": "API Response Completed: 200", "request_id": "155d3601-72be-4aba-9919-21701ece190e", "user_id": null, "api_id": "topic_api-get_vote_stat", "duration_ms": 3.02, "correlation_id": "155d3601-72be-4aba-9919-21701ece190e"}
{"timestamp": "2026-06-05 23:06:16,438", "level": "INFO", "logger_name": "django.server", "message": "\"GET /api/topics/6/vote/stat/ HTTP/1.1\" 200 97"}
{"timestamp": "2026-06-05 23:06:26,407", "level": "INFO", "logger_name": "core.api", "message": "API Request Started: GET /api/topics/6/vote/stat/", "request_id": "498c4d98-622a-414c-a9af-c0b084a663d5", "user_id": null, "api_id": "topic_api-get_vote_stat", "correlation_id": "498c4d98-622a-414c-a9af-c0b084a663d5"}
{"timestamp": "2026-06-05 23:06:26,409", "level": "INFO", "logger_name": "core.api", "message": "API Response Completed: 200", "request_id": "498c4d98-622a-414c-a9af-c0b084a663d5", "user_id": null, "api_id": "topic_api-get_vote_stat", "duration_ms": 2.02, "correlation_id": "498c4d98-622a-414c-a9af-c0b084a663d5"}
{"timestamp": "2026-06-05 23:06:26,409", "level": "INFO", "logger_name": "django.server", "message": "\"GET /api/topics/6/vote/stat/ HTTP/1.1\" 200 97"}
{"timestamp": "2026-06-05 23:06:36,401", "level": "INFO", "logger_name": "core.api", "message": "API Request Started: GET /api/topics/6/vote/stat/", "request_id": "b0302f0e-2a8e-45a3-8674-379a323f5538", "user_id": null, "api_id": "topic_api-get_vote_stat", "correlation_id": "b0302f0e-2a8e-45a3-8674-379a323f5538"}
{"timestamp": "2026-06-05 23:06:36,403", "level": "INFO", "logger_name": "core.api", "message": "API Response Completed: 200", "request_id": "b0302f0e-2a8e-45a3-8674-379a323f5538", "user_id": null, "api_id": "topic_api-get_vote_stat", "duration_ms": 2.14, "correlation_id": "b0302f0e-2a8e-45a3-8674-379a323f5538"}
{"timestamp": "2026-06-05 23:06:36,404", "level": "INFO", "logger_name": "django.server", "message": "\"GET /api/topics/6/vote/stat/ HTTP/1.1\" 200 97"}
{"timestamp": "2026-06-05 23:06:46,407", "level": "INFO", "logger_name": "core.api", "message": "API Request Started: GET /api/topics/6/vote/stat/", "request_id": "1a9ad603-e1fa-49b4-a723-9a68a1902ca0", "user_id": null, "api_id": "topic_api-get_vote_stat", "correlation_id": "1a9ad603-e1fa-49b4-a723-9a68a1902ca0"}
{"timestamp": "2026-06-05 23:06:46,409", "level": "INFO", "logger_name": "core.api", "message": "API Response Completed: 200", "request_id": "1a9ad603-e1fa-49b4-a723-9a68a1902ca0", "user_id": null, "api_id": "topic_api-get_vote_stat", "duration_ms": 2.29, "correlation_id": "1a9ad603-e1fa-49b4-a723-9a68a1902ca0"}
{"timestamp": "2026-06-05 23:06:46,410", "level": "INFO", "logger_name": "django.server", "message": "\"GET /api/topics/6/vote/stat/ HTTP/1.1\" 200 97"}
{"timestamp": "2026-06-05 23:06:56,408", "level": "INFO", "logger_name": "core.api", "message": "API Request Started: GET /api/topics/6/vote/stat/", "request_id": "8417ba26-4b59-45cf-98be-0d597dff163c", "user_id": null, "api_id": "topic_api-get_vote_stat", "correlation_id": "8417ba26-4b59-45cf-98be-0d597dff163c"}
{"timestamp": "2026-06-05 23:06:56,410", "level": "INFO", "logger_name": "core.api", "message": "API Response Completed: 200", "request_id": "8417ba26-4b59-45cf-98be-0d597dff163c", "user_id": null, "api_id": "topic_api-get_vote_stat", "duration_ms": 2.29, "correlation_id": "8417ba26-4b59-45cf-98be-0d597dff163c"}
{"timestamp": "2026-06-05 23:06:56,410", "level": "INFO", "logger_name": "django.server", "message": "\"GET /api/topics/6/vote/stat/ HTTP/1.1\" 200 97"}
{"timestamp": "2026-06-05 23:07:06,425", "level": "INFO", "logger_name": "core.api", "message": "API Request Started: GET /api/topics/6/vote/stat/", "request_id": "5dc27ad3-5924-4f14-93c3-dff49a7f9275", "user_id": null, "api_id": "topic_api-get_vote_stat", "correlation_id": "5dc27ad3-5924-4f14-93c3-dff49a7f9275"}
{"timestamp": "2026-06-05 23:07:06,429", "level": "INFO", "logger_name": "core.api", "message": "API Response Completed: 200", "request_id": "5dc27ad3-5924-4f14-93c3-dff49a7f9275", "user_id": null, "api_id": "topic_api-get_vote_stat", "duration_ms": 3.34, "correlation_id": "5dc27ad3-5924-4f14-93c3-dff49a7f9275"}
{"timestamp": "2026-06-05 23:07:06,429", "level": "INFO", "logger_name": "django.server", "message": "\"GET /api/topics/6/vote/stat/ HTTP/1.1\" 200 97"}
{"timestamp": "2026-06-05 23:07:16,429", "level": "INFO", "logger_name": "core.api", "message": "API Request Started: GET /api/topics/6/vote/stat/", "request_id": "ce1de314-3664-4764-890d-f5d77b9ef106", "user_id": null, "api_id": "topic_api-get_vote_stat", "correlation_id": "ce1de314-3664-4764-890d-f5d77b9ef106"}
{"timestamp": "2026-06-05 23:07:16,432", "level": "INFO", "logger_name": "core.api", "message": "API Response Completed: 200", "request_id": "ce1de314-3664-4764-890d-f5d77b9ef106", "user_id": null, "api_id": "topic_api-get_vote_stat", "duration_ms": 2.98, "correlation_id": "ce1de314-3664-4764-890d-f5d77b9ef106"}
{"timestamp": "2026-06-05 23:07:16,433", "level": "INFO", "logger_name": "django.server", "message": "\"GET /api/topics/6/vote/stat/ HTTP/1.1\" 200 97"}
{"timestamp": "2026-06-05 23:07:26,406", "level": "INFO", "logger_name": "core.api", "message": "API Request Started: GET /api/topics/6/vote/stat/", "request_id": "e93422df-7100-4f63-a8ca-5af748319dd5", "user_id": null, "api_id": "topic_api-get_vote_stat", "correlation_id": "e93422df-7100-4f63-a8ca-5af748319dd5"}
{"timestamp": "2026-06-05 23:07:26,410", "level": "INFO", "logger_name": "core.api", "message": "API Response Completed: 200", "request_id": "e93422df-7100-4f63-a8ca-5af748319dd5", "user_id": null, "api_id": "topic_api-get_vote_stat", "duration_ms": 3.62, "correlation_id": "e93422df-7100-4f63-a8ca-5af748319dd5"}
{"timestamp": "2026-06-05 23:07:26,410", "level": "INFO", "logger_name": "django.server", "message": "\"GET /api/topics/6/vote/stat/ HTTP/1.1\" 200 97"}
{"timestamp": "2026-06-05 23:07:36,426", "level": "INFO", "logger_name": "core.api", "message": "API Request Started: GET /api/topics/6/vote/stat/", "request_id": "b586b8a6-6fd6-4871-9db8-3152a5c806c1", "user_id": null, "api_id": "topic_api-get_vote_stat", "correlation_id": "b586b8a6-6fd6-4871-9db8-3152a5c806c1"}
{"timestamp": "2026-06-05 23:07:36,428", "level": "INFO", "logger_name": "core.api", "message": "API Response Completed: 200", "request_id": "b586b8a6-6fd6-4871-9db8-3152a5c806c1", "user_id": null, "api_id": "topic_api-get_vote_stat", "duration_ms": 2.05, "correlation_id": "b586b8a6-6fd6-4871-9db8-3152a5c806c1"}
{"timestamp": "2026-06-05 23:07:36,429", "level": "INFO", "logger_name": "django.server", "message": "\"GET /api/topics/6/vote/stat/ HTTP/1.1\" 200 97"}
{"timestamp": "2026-06-05 23:07:46,437", "level": "INFO", "logger_name": "core.api", "message": "API Request Started: GET /api/topics/6/vote/stat/", "request_id": "d006203c-a48f-4248-8b61-66f5a546f006", "user_id": null, "api_id": "topic_api-get_vote_stat", "correlation_id": "d006203c-a48f-4248-8b61-66f5a546f006"}
{"timestamp": "2026-06-05 23:07:46,439", "level": "INFO", "logger_name": "core.api", "message": "API Response Completed: 200", "request_id": "d006203c-a48f-4248-8b61-66f5a546f006", "user_id": null, "api_id": "topic_api-get_vote_stat", "duration_ms": 2.11, "correlation_id": "d006203c-a48f-4248-8b61-66f5a546f006"}
{"timestamp": "2026-06-05 23:07:46,440", "level": "INFO", "logger_name": "django.server", "message": "\"GET /api/topics/6/vote/stat/ HTTP/1.1\" 200 97"}
{"timestamp": "2026-06-05 23:07:56,429", "level": "INFO", "logger_name": "core.api", "message": "API Request Started: GET /api/topics/6/vote/stat/", "request_id": "5e059eea-8e7a-4c48-b3a8-23448b6bb464", "user_id": null, "api_id": "topic_api-get_vote_stat", "correlation_id": "5e059eea-8e7a-4c48-b3a8-23448b6bb464"}
{"timestamp": "2026-06-05 23:07:56,431", "level": "INFO", "logger_name": "core.api", "message": "API Response Completed: 200", "request_id": "5e059eea-8e7a-4c48-b3a8-23448b6bb464", "user_id": null, "api_id": "topic_api-get_vote_stat", "duration_ms": 2.23, "correlation_id": "5e059eea-8e7a-4c48-b3a8-23448b6bb464"}
{"timestamp": "2026-06-05 23:07:56,431", "level": "INFO", "logger_name": "django.server", "message": "\"GET /api/topics/6/vote/stat/ HTTP/1.1\" 200 97"}
{"timestamp": "2026-06-05 23:08:06,410", "level": "INFO", "logger_name": "core.api", "message": "API Request Started: GET /api/topics/6/vote/stat/", "request_id": "5be9d48e-a966-47d1-9be4-e6e982a68362", "user_id": null, "api_id": "topic_api-get_vote_stat", "correlation_id": "5be9d48e-a966-47d1-9be4-e6e982a68362"}
{"timestamp": "2026-06-05 23:08:06,414", "level": "INFO", "logger_name": "core.api", "message": "API Response Completed: 200", "request_id": "5be9d48e-a966-47d1-9be4-e6e982a68362", "user_id": null, "api_id": "topic_api-get_vote_stat", "duration_ms": 4.32, "correlation_id": "5be9d48e-a966-47d1-9be4-e6e982a68362"}
{"timestamp": "2026-06-05 23:08:06,415", "level": "INFO", "logger_name": "django.server", "message": "\"GET /api/topics/6/vote/stat/ HTTP/1.1\" 200 97"}
{"timestamp": "2026-06-05 23:08:16,412", "level": "INFO", "logger_name": "core.api", "message": "API Request Started: GET /api/topics/6/vote/stat/", "request_id": "a9c4cd84-237b-497b-8ace-37defbedbade", "user_id": null, "api_id": "topic_api-get_vote_stat", "correlation_id": "a9c4cd84-237b-497b-8ace-37defbedbade"}
{"timestamp": "2026-06-05 23:08:16,414", "level": "INFO", "logger_name": "core.api", "message": "API Response Completed: 200", "request_id": "a9c4cd84-237b-497b-8ace-37defbedbade", "user_id": null, "api_id": "topic_api-get_vote_stat", "duration_ms": 2.34, "correlation_id": "a9c4cd84-237b-497b-8ace-37defbedbade"}
{"timestamp": "2026-06-05 23:08:16,415", "level": "INFO", "logger_name": "django.server", "message": "\"GET /api/topics/6/vote/stat/ HTTP/1.1\" 200 97"}
{"timestamp": "2026-06-05 23:08:26,406", "level": "INFO", "logger_name": "core.api", "message": "API Request Started: GET /api/topics/6/vote/stat/", "request_id": "1933299c-39c2-4c85-8577-c0ce986abbd4", "user_id": null, "api_id": "topic_api-get_vote_stat", "correlation_id": "1933299c-39c2-4c85-8577-c0ce986abbd4"}
{"timestamp": "2026-06-05 23:08:26,408", "level": "INFO", "logger_name": "core.api", "message": "API Response Completed: 200", "request_id": "1933299c-39c2-4c85-8577-c0ce986abbd4", "user_id": null, "api_id": "topic_api-get_vote_stat", "duration_ms": 2.25, "correlation_id": "1933299c-39c2-4c85-8577-c0ce986abbd4"}
{"timestamp": "2026-06-05 23:08:26,408", "level": "INFO", "logger_name": "django.server", "message": "\"GET /api/topics/6/vote/stat/ HTTP/1.1\" 200 97"}
{"timestamp": "2026-06-05 23:08:36,426", "level": "INFO", "logger_name": "core.api", "message": "API Request Started: GET /api/topics/6/vote/stat/", "request_id": "a9c26f12-dac2-44ab-b5bf-07fd4fcf23d7", "user_id": null, "api_id": "topic_api-get_vote_stat", "correlation_id": "a9c26f12-dac2-44ab-b5bf-07fd4fcf23d7"}
{"timestamp": "2026-06-05 23:08:36,428", "level": "INFO", "logger_name": "core.api", "message": "API Response Completed: 200", "request_id": "a9c26f12-dac2-44ab-b5bf-07fd4fcf23d7", "user_id": null, "api_id": "topic_api-get_vote_stat", "duration_ms": 2.02, "correlation_id": "a9c26f12-dac2-44ab-b5bf-07fd4fcf23d7"}
{"timestamp": "2026-06-05 23:08:36,428", "level": "INFO", "logger_name": "django.server", "message": "\"GET /api/topics/6/vote/stat/ HTTP/1.1\" 200 97"}
{"timestamp": "2026-06-05 23:08:46,427", "level": "INFO", "logger_name": "core.api", "message": "API Request Started: GET /api/topics/6/vote/stat/", "request_id": "36675e20-15a2-413d-a65b-0116bbc59eba", "user_id": null, "api_id": "topic_api-get_vote_stat", "correlation_id": "36675e20-15a2-413d-a65b-0116bbc59eba"}
{"timestamp": "2026-06-05 23:08:46,432", "level": "INFO", "logger_name": "core.api", "message": "API Response Completed: 200", "request_id": "36675e20-15a2-413d-a65b-0116bbc59eba", "user_id": null, "api_id": "topic_api-get_vote_stat", "duration_ms": 4.53, "correlation_id": "36675e20-15a2-413d-a65b-0116bbc59eba"}
{"timestamp": "2026-06-05 23:08:46,432", "level": "INFO", "logger_name": "django.server", "message": "\"GET /api/topics/6/vote/stat/ HTTP/1.1\" 200 97"}
{"timestamp": "2026-06-05 23:08:56,417", "level": "INFO", "logger_name": "core.api", "message": "API Request Started: GET /api/topics/6/vote/stat/", "request_id": "0b66e310-10d3-4abe-a16b-fa564dc7d681", "user_id": null, "api_id": "topic_api-get_vote_stat", "correlation_id": "0b66e310-10d3-4abe-a16b-fa564dc7d681"}
{"timestamp": "2026-06-05 23:08:56,420", "level": "INFO", "logger_name": "core.api", "message": "API Response Completed: 200", "request_id": "0b66e310-10d3-4abe-a16b-fa564dc7d681", "user_id": null, "api_id": "topic_api-get_vote_stat", "duration_ms": 2.33, "correlation_id": "0b66e310-10d3-4abe-a16b-fa564dc7d681"}
{"timestamp": "2026-06-05 23:08:56,420", "level": "INFO", "logger_name": "django.server", "message": "\"GET /api/topics/6/vote/stat/ HTTP/1.1\" 200 97"}
{"timestamp": "2026-06-05 23:09:06,425", "level": "INFO", "logger_name": "core.api", "message": "API Request Started: GET /api/topics/6/vote/stat/", "request_id": "42fcb724-a9c4-449e-a002-7611c69ebae3", "user_id": null, "api_id": "topic_api-get_vote_stat", "correlation_id": "42fcb724-a9c4-449e-a002-7611c69ebae3"}
{"timestamp": "2026-06-05 23:09:06,427", "level": "INFO", "logger_name": "core.api", "message": "API Response Completed: 200", "request_id": "42fcb724-a9c4-449e-a002-7611c69ebae3", "user_id": null, "api_id": "topic_api-get_vote_stat", "duration_ms": 2.19, "correlation_id": "42fcb724-a9c4-449e-a002-7611c69ebae3"}
{"timestamp": "2026-06-05 23:09:06,427", "level": "INFO", "logger_name": "django.server", "message": "\"GET /api/topics/6/vote/stat/ HTTP/1.1\" 200 97"}
{"timestamp": "2026-06-05 23:09:16,400", "level": "INFO", "logger_name": "core.api", "message": "API Request Started: GET /api/topics/6/vote/stat/", "request_id": "8290fdb3-37ee-4a26-963d-82c4d8b215a0", "user_id": null, "api_id": "topic_api-get_vote_stat", "correlation_id": "8290fdb3-37ee-4a26-963d-82c4d8b215a0"}
{"timestamp": "2026-06-05 23:09:16,405", "level": "INFO", "logger_name": "core.api", "message": "API Response Completed: 200", "request_id": "8290fdb3-37ee-4a26-963d-82c4d8b215a0", "user_id": null, "api_id": "topic_api-get_vote_stat", "duration_ms": 4.65, "correlation_id": "8290fdb3-37ee-4a26-963d-82c4d8b215a0"}
{"timestamp": "2026-06-05 23:09:16,406", "level": "INFO", "logger_name": "django.server", "message": "\"GET /api/topics/6/vote/stat/ HTTP/1.1\" 200 97"}
{"timestamp": "2026-06-05 23:09:26,418", "level": "INFO", "logger_name": "core.api", "message": "API Request Started: GET /api/topics/6/vote/stat/", "request_id": "c1c82b52-71fe-454a-80cf-c26ff1c36056", "user_id": null, "api_id": "topic_api-get_vote_stat", "correlation_id": "c1c82b52-71fe-454a-80cf-c26ff1c36056"}
{"timestamp": "2026-06-05 23:09:26,422", "level": "INFO", "logger_name": "core.api", "message": "API Response Completed: 200", "request_id": "c1c82b52-71fe-454a-80cf-c26ff1c36056", "user_id": null, "api_id": "topic_api-get_vote_stat", "duration_ms": 4.91, "correlation_id": "c1c82b52-71fe-454a-80cf-c26ff1c36056"}
{"timestamp": "2026-06-05 23:09:26,423", "level": "INFO", "logger_name": "django.server", "message": "\"GET /api/topics/6/vote/stat/ HTTP/1.1\" 200 97"}
{"timestamp": "2026-06-05 23:09:36,403", "level": "INFO", "logger_name": "core.api", "message": "API Request Started: GET /api/topics/6/vote/stat/", "request_id": "f157f2a0-4c24-49cf-bf06-79d0580a17a6", "user_id": null, "api_id": "topic_api-get_vote_stat", "correlation_id": "f157f2a0-4c24-49cf-bf06-79d0580a17a6"}
{"timestamp": "2026-06-05 23:09:36,405", "level": "INFO", "logger_name": "core.api", "message": "API Response Completed: 200", "request_id": "f157f2a0-4c24-49cf-bf06-79d0580a17a6", "user_id": null, "api_id": "topic_api-get_vote_stat", "duration_ms": 2.16, "correlation_id": "f157f2a0-4c24-49cf-bf06-79d0580a17a6"}
{"timestamp": "2026-06-05 23:09:36,406", "level": "INFO", "logger_name": "django.server", "message": "\"GET /api/topics/6/vote/stat/ HTTP/1.1\" 200 97"}
{"timestamp": "2026-06-05 23:09:46,414", "level": "INFO", "logger_name": "core.api", "message": "API Request Started: GET /api/topics/6/vote/stat/", "request_id": "098ffdd6-9533-410b-870d-163282682acb", "user_id": null, "api_id": "topic_api-get_vote_stat", "correlation_id": "098ffdd6-9533-410b-870d-163282682acb"}
{"timestamp": "2026-06-05 23:09:46,416", "level": "INFO", "logger_name": "core.api", "message": "API Response Completed: 200", "request_id": "098ffdd6-9533-410b-870d-163282682acb", "user_id": null, "api_id": "topic_api-get_vote_stat", "duration_ms": 2.29, "correlation_id": "098ffdd6-9533-410b-870d-163282682acb"}
{"timestamp": "2026-06-05 23:09:46,417", "level": "INFO", "logger_name": "django.server", "message": "\"GET /api/topics/6/vote/stat/ HTTP/1.1\" 200 97"}
{"timestamp": "2026-06-05 23:09:56,398", "level": "INFO", "logger_name": "core.api", "message": "API Request Started: GET /api/topics/6/vote/stat/", "request_id": "acee9b8e-1080-4620-9f09-7b3c98297f28", "user_id": null, "api_id": "topic_api-get_vote_stat", "correlation_id": "acee9b8e-1080-4620-9f09-7b3c98297f28"}
{"timestamp": "2026-06-05 23:09:56,401", "level": "INFO", "logger_name": "core.api", "message": "API Response Completed: 200", "request_id": "acee9b8e-1080-4620-9f09-7b3c98297f28", "user_id": null, "api_id": "topic_api-get_vote_stat", "duration_ms": 3.38, "correlation_id": "acee9b8e-1080-4620-9f09-7b3c98297f28"}
{"timestamp": "2026-06-05 23:09:56,402", "level": "INFO", "logger_name": "django.server", "message": "\"GET /api/topics/6/vote/stat/ HTTP/1.1\" 200 97"}
{"timestamp": "2026-06-05 23:10:06,409", "level": "INFO", "logger_name": "core.api", "message": "API Request Started: GET /api/topics/6/vote/stat/", "request_id": "25c9a471-75f4-446f-8323-e2dd4805def0", "user_id": null, "api_id": "topic_api-get_vote_stat", "correlation_id": "25c9a471-75f4-446f-8323-e2dd4805def0"}
{"timestamp": "2026-06-05 23:10:06,414", "level": "INFO", "logger_name": "core.api", "message": "API Response Completed: 200", "request_id": "25c9a471-75f4-446f-8323-e2dd4805def0", "user_id": null, "api_id": "topic_api-get_vote_stat", "duration_ms": 5.29, "correlation_id": "25c9a471-75f4-446f-8323-e2dd4805def0"}
{"timestamp": "2026-06-05 23:10:06,414", "level": "INFO", "logger_name": "django.server", "message": "\"GET /api/topics/6/vote/stat/ HTTP/1.1\" 200 97"}
{"timestamp": "2026-06-05 23:10:16,405", "level": "INFO", "logger_name": "core.api", "message": "API Request Started: GET /api/topics/6/vote/stat/", "request_id": "a037fbfa-24b2-40e9-aa11-16ad8e4789e1", "user_id": null, "api_id": "topic_api-get_vote_stat", "correlation_id": "a037fbfa-24b2-40e9-aa11-16ad8e4789e1"}
{"timestamp": "2026-06-05 23:10:16,409", "level": "INFO", "logger_name": "core.api", "message": "API Response Completed: 200", "request_id": "a037fbfa-24b2-40e9-aa11-16ad8e4789e1", "user_id": null, "api_id": "topic_api-get_vote_stat", "duration_ms": 4.35, "correlation_id": "a037fbfa-24b2-40e9-aa11-16ad8e4789e1"}
{"timestamp": "2026-06-05 23:10:16,410", "level": "INFO", "logger_name": "django.server", "message": "\"GET /api/topics/6/vote/stat/ HTTP/1.1\" 200 97"}
{"timestamp": "2026-06-05 23:10:26,394", "level": "INFO", "logger_name": "core.api", "message": "API Request Started: GET /api/topics/6/vote/stat/", "request_id": "30ac3474-3d70-4b11-abc5-e440c58012b6", "user_id": null, "api_id": "topic_api-get_vote_stat", "correlation_id": "30ac3474-3d70-4b11-abc5-e440c58012b6"}
{"timestamp": "2026-06-05 23:10:26,398", "level": "INFO", "logger_name": "core.api", "message": "API Response Completed: 200", "request_id": "30ac3474-3d70-4b11-abc5-e440c58012b6", "user_id": null, "api_id": "topic_api-get_vote_stat", "duration_ms": 3.77, "correlation_id": "30ac3474-3d70-4b11-abc5-e440c58012b6"}
{"timestamp": "2026-06-05 23:10:26,398", "level": "INFO", "logger_name": "django.server", "message": "\"GET /api/topics/6/vote/stat/ HTTP/1.1\" 200 97"}
{"timestamp": "2026-06-05 23:24:10,812", "level": "INFO", "logger_name": "core.api", "message": "API Request Started: GET /api/topics/6/vote/stat/", "request_id": "4c6b3cb6-e02c-4744-8feb-80a8caf5b012", "user_id": null, "api_id": "topic_api-get_vote_stat", "correlation_id": "4c6b3cb6-e02c-4744-8feb-80a8caf5b012"}
{"timestamp": "2026-06-05 23:24:10,814", "level": "INFO", "logger_name": "core.api", "message": "API Response Completed: 200", "request_id": "4c6b3cb6-e02c-4744-8feb-80a8caf5b012", "user_id": null, "api_id": "topic_api-get_vote_stat", "duration_ms": 2.83, "correlation_id": "4c6b3cb6-e02c-4744-8feb-80a8caf5b012"}
{"timestamp": "2026-06-05 23:24:10,815", "level": "INFO", "logger_name": "django.server", "message": "\"GET /api/topics/6/vote/stat/ HTTP/1.1\" 200 97"}
{"timestamp": "2026-06-05 23:24:16,383", "level": "INFO", "logger_name": "core.api", "message": "API Request Started: GET /api/topics/6/vote/stat/", "request_id": "c43c819a-8699-4bd5-ac88-b36084701fe0", "user_id": null, "api_id": "topic_api-get_vote_stat", "correlation_id": "c43c819a-8699-4bd5-ac88-b36084701fe0"}
{"timestamp": "2026-06-05 23:24:16,385", "level": "INFO", "logger_name": "core.api", "message": "API Response Completed: 200", "request_id": "c43c819a-8699-4bd5-ac88-b36084701fe0", "user_id": null, "api_id": "topic_api-get_vote_stat", "duration_ms": 2.08, "correlation_id": "c43c819a-8699-4bd5-ac88-b36084701fe0"}
{"timestamp": "2026-06-05 23:24:16,385", "level": "INFO", "logger_name": "django.server", "message": "\"GET /api/topics/6/vote/stat/ HTTP/1.1\" 200 97"}
{"timestamp": "2026-06-05 23:24:26,392", "level": "INFO", "logger_name": "core.api", "message": "API Request Started: GET /api/topics/6/vote/stat/", "request_id": "90b5406a-98a8-49cd-9fe0-51912afc0473", "user_id": null, "api_id": "topic_api-get_vote_stat", "correlation_id": "90b5406a-98a8-49cd-9fe0-51912afc0473"}
{"timestamp": "2026-06-05 23:24:26,395", "level": "INFO", "logger_name": "core.api", "message": "API Response Completed: 200", "request_id": "90b5406a-98a8-49cd-9fe0-51912afc0473", "user_id": null, "api_id": "topic_api-get_vote_stat", "duration_ms": 2.41, "correlation_id": "90b5406a-98a8-49cd-9fe0-51912afc0473"}
{"timestamp": "2026-06-05 23:24:26,395", "level": "INFO", "logger_name": "django.server", "message": "\"GET /api/topics/6/vote/stat/ HTTP/1.1\" 200 97"}
{"timestamp": "2026-06-05 23:24:36,392", "level": "INFO", "logger_name": "core.api", "message": "API Request Started: GET /api/topics/6/vote/stat/", "request_id": "f3ac05a6-65f8-4155-b58d-898e82918f53", "user_id": null, "api_id": "topic_api-get_vote_stat", "correlation_id": "f3ac05a6-65f8-4155-b58d-898e82918f53"}
{"timestamp": "2026-06-05 23:24:36,394", "level": "INFO", "logger_name": "core.api", "message": "API Response Completed: 200", "request_id": "f3ac05a6-65f8-4155-b58d-898e82918f53", "user_id": null, "api_id": "topic_api-get_vote_stat", "duration_ms": 2.29, "correlation_id": "f3ac05a6-65f8-4155-b58d-898e82918f53"}
{"timestamp": "2026-06-05 23:24:36,394", "level": "INFO", "logger_name": "django.server", "message": "\"GET /api/topics/6/vote/stat/ HTTP/1.1\" 200 97"}
{"timestamp": "2026-06-05 23:24:46,394", "level": "INFO", "logger_name": "core.api", "message": "API Request Started: GET /api/topics/6/vote/stat/", "request_id": "73d9fe15-ce1b-4e30-9375-33f0d0462c83", "user_id": null, "api_id": "topic_api-get_vote_stat", "correlation_id": "73d9fe15-ce1b-4e30-9375-33f0d0462c83"}
{"timestamp": "2026-06-05 23:24:46,397", "level": "INFO", "logger_name": "core.api", "message": "API Response Completed: 200", "request_id": "73d9fe15-ce1b-4e30-9375-33f0d0462c83", "user_id": null, "api_id": "topic_api-get_vote_stat", "duration_ms": 2.85, "correlation_id": "73d9fe15-ce1b-4e30-9375-33f0d0462c83"}
{"timestamp": "2026-06-05 23:24:46,397", "level": "INFO", "logger_name": "django.server", "message": "\"GET /api/topics/6/vote/stat/ HTTP/1.1\" 200 97"}
{"timestamp": "2026-06-05 23:24:56,398", "level": "INFO", "logger_name": "core.api", "message": "API Request Started: GET /api/topics/6/vote/stat/", "request_id": "6f46e11d-b2bf-412c-aa99-0c16fb698b46", "user_id": null, "api_id": "topic_api-get_vote_stat", "correlation_id": "6f46e11d-b2bf-412c-aa99-0c16fb698b46"}
{"timestamp": "2026-06-05 23:24:56,400", "level": "INFO", "logger_name": "core.api", "message": "API Response Completed: 200", "request_id": "6f46e11d-b2bf-412c-aa99-0c16fb698b46", "user_id": null, "api_id": "topic_api-get_vote_stat", "duration_ms": 2.12, "correlation_id": "6f46e11d-b2bf-412c-aa99-0c16fb698b46"}
{"timestamp": "2026-06-05 23:24:56,400", "level": "INFO", "logger_name": "django.server", "message": "\"GET /api/topics/6/vote/stat/ HTTP/1.1\" 200 97"}
{"timestamp": "2026-06-05 23:25:06,445", "level": "INFO", "logger_name": "core.api", "message": "API Request Started: GET /api/topics/6/vote/stat/", "request_id": "56c0b082-fddc-4167-a353-ffc2ff987f5c", "user_id": null, "api_id": "topic_api-get_vote_stat", "correlation_id": "56c0b082-fddc-4167-a353-ffc2ff987f5c"}
{"timestamp": "2026-06-05 23:25:06,448", "level": "INFO", "logger_name": "core.api", "message": "API Response Completed: 200", "request_id": "56c0b082-fddc-4167-a353-ffc2ff987f5c", "user_id": null, "api_id": "topic_api-get_vote_stat", "duration_ms": 2.57, "correlation_id": "56c0b082-fddc-4167-a353-ffc2ff987f5c"}
{"timestamp": "2026-06-05 23:25:06,448", "level": "INFO", "logger_name": "django.server", "message": "\"GET /api/topics/6/vote/stat/ HTTP/1.1\" 200 97"}
{"timestamp": "2026-06-05 23:25:16,379", "level": "INFO", "logger_name": "core.api", "message": "API Request Started: GET /api/topics/6/vote/stat/", "request_id": "1e1f1a4d-143d-4da7-972b-3252d264db21", "user_id": null, "api_id": "topic_api-get_vote_stat", "correlation_id": "1e1f1a4d-143d-4da7-972b-3252d264db21"}
{"timestamp": "2026-06-05 23:25:16,381", "level": "INFO", "logger_name": "core.api", "message": "API Response Completed: 200", "request_id": "1e1f1a4d-143d-4da7-972b-3252d264db21", "user_id": null, "api_id": "topic_api-get_vote_stat", "duration_ms": 2.44, "correlation_id": "1e1f1a4d-143d-4da7-972b-3252d264db21"}
{"timestamp": "2026-06-05 23:25:16,382", "level": "INFO", "logger_name": "django.server", "message": "\"GET /api/topics/6/vote/stat/ HTTP/1.1\" 200 97"}
{"timestamp": "2026-06-05 23:25:26,379", "level": "INFO", "logger_name": "core.api", "message": "API Request Started: GET /api/topics/6/vote/stat/", "request_id": "14889fed-e38c-4dc5-b108-f9291f8638a8", "user_id": null, "api_id": "topic_api-get_vote_stat", "correlation_id": "14889fed-e38c-4dc5-b108-f9291f8638a8"}
{"timestamp": "2026-06-05 23:25:26,381", "level": "INFO", "logger_name": "core.api", "message": "API Response Completed: 200", "request_id": "14889fed-e38c-4dc5-b108-f9291f8638a8", "user_id": null, "api_id": "topic_api-get_vote_stat", "duration_ms": 2.5, "correlation_id": "14889fed-e38c-4dc5-b108-f9291f8638a8"}
{"timestamp": "2026-06-05 23:25:26,381", "level": "INFO", "logger_name": "django.server", "message": "\"GET /api/topics/6/vote/stat/ HTTP/1.1\" 200 97"}
{"timestamp": "2026-06-05 23:25:43,249", "level": "INFO", "logger_name": "core.api", "message": "API Request Started: GET /api/students/info", "request_id": "115704b4-7d24-446e-baca-da899629ef07", "user_id": null, "api_id": "auth-view", "correlation_id": "115704b4-7d24-446e-baca-da899629ef07"}
{"timestamp": "2026-06-05 23:25:43,250", "level": "INFO", "logger_name": "core.api.auth", "message": "=== [API CALL] GET /students/info ==="}
{"timestamp": "2026-06-05 23:25:43,253", "level": "INFO", "logger_name": "core.api", "message": "API Response Completed: 200", "request_id": "115704b4-7d24-446e-baca-da899629ef07", "user_id": null, "api_id": "auth-view", "duration_ms": 4.29, "correlation_id": "115704b4-7d24-446e-baca-da899629ef07"}
{"timestamp": "2026-06-05 23:25:43,254", "level": "INFO", "logger_name": "django.server", "message": "\"GET /api/students/info HTTP/1.1\" 200 256"}
{"timestamp": "2026-06-05 23:25:43,761", "level": "INFO", "logger_name": "core.api", "message": "API Request Started: GET /api/topics/active/", "request_id": "c4711b4a-e5dd-4fe8-b2b2-184f02522f22", "user_id": null, "api_id": "topic_api-get_active_topic", "correlation_id": "c4711b4a-e5dd-4fe8-b2b2-184f02522f22"}
{"timestamp": "2026-06-05 23:25:43,763", "level": "INFO", "logger_name": "core.api", "message": "API Response Completed: 200", "request_id": "c4711b4a-e5dd-4fe8-b2b2-184f02522f22", "user_id": null, "api_id": "topic_api-get_active_topic", "duration_ms": 2.24, "correlation_id": "c4711b4a-e5dd-4fe8-b2b2-184f02522f22"}
{"timestamp": "2026-06-05 23:25:43,763", "level": "INFO", "logger_name": "django.server", "message": "\"GET /api/topics/active/ HTTP/1.1\" 200 348"}
{"timestamp": "2026-06-05 23:25:43,814", "level": "INFO", "logger_name": "core.api", "message": "API Request Started: GET /api/topics/6/vote/stat/", "request_id": "7f546093-ad35-47f2-9fef-4c5627cffc01", "user_id": null, "api_id": "topic_api-get_vote_stat", "correlation_id": "7f546093-ad35-47f2-9fef-4c5627cffc01"}
{"timestamp": "2026-06-05 23:25:43,817", "level": "INFO", "logger_name": "core.api", "message": "API Response Completed: 200", "request_id": "7f546093-ad35-47f2-9fef-4c5627cffc01", "user_id": null, "api_id": "topic_api-get_vote_stat", "duration_ms": 2.69, "correlation_id": "7f546093-ad35-47f2-9fef-4c5627cffc01"}
{"timestamp": "2026-06-05 23:25:43,817", "level": "INFO", "logger_name": "django.server", "message": "\"GET /api/topics/6/vote/stat/ HTTP/1.1\" 200 97"}
{"timestamp": "2026-06-05 23:26:07,174", "level": "INFO", "logger_name": "core.api", "message": "API Request Started: GET /api/topics/", "request_id": "a5f5699e-98bf-4816-aeb6-99b20c308e62", "user_id": null, "api_id": "topic_api-get_topic_list", "correlation_id": "a5f5699e-98bf-4816-aeb6-99b20c308e62"}
{"timestamp": "2026-06-05 23:26:07,181", "level": "INFO", "logger_name": "core.api", "message": "API Response Completed: 200", "request_id": "a5f5699e-98bf-4816-aeb6-99b20c308e62", "user_id": null, "api_id": "topic_api-get_topic_list", "duration_ms": 6.61, "correlation_id": "a5f5699e-98bf-4816-aeb6-99b20c308e62"}
{"timestamp": "2026-06-05 23:26:07,181", "level": "INFO", "logger_name": "django.server", "message": "\"GET /api/topics/ HTTP/1.1\" 200 1864"}
{"timestamp": "2026-06-05 23:26:08,438", "level": "INFO", "logger_name": "core.api", "message": "API Request Started: GET /api/topics/6/comments/list/", "request_id": "2bcbf30b-014c-4087-a4ae-a1a9cf223507", "user_id": null, "api_id": "topic_api-get_topic_comments", "correlation_id": "2bcbf30b-014c-4087-a4ae-a1a9cf223507"}
{"timestamp": "2026-06-05 23:26:08,439", "level": "INFO", "logger_name": "core.api", "message": "API Request Started: GET /api/topics/6/comments/list/", "request_id": "e39926da-aad5-4686-b861-289f481091af", "user_id": null, "api_id": "topic_api-get_topic_comments", "correlation_id": "e39926da-aad5-4686-b861-289f481091af"}
{"timestamp": "2026-06-05 23:26:08,455", "level": "INFO", "logger_name": "core.api", "message": "API Response Completed: 200", "request_id": "e39926da-aad5-4686-b861-289f481091af", "user_id": null, "api_id": "topic_api-get_topic_comments", "duration_ms": 16.55, "correlation_id": "e39926da-aad5-4686-b861-289f481091af"}
{"timestamp": "2026-06-05 23:26:08,456", "level": "INFO", "logger_name": "core.api", "message": "API Response Completed: 200", "request_id": "2bcbf30b-014c-4087-a4ae-a1a9cf223507", "user_id": null, "api_id": "topic_api-get_topic_comments", "duration_ms": 18.03, "correlation_id": "2bcbf30b-014c-4087-a4ae-a1a9cf223507"}
{"timestamp": "2026-06-05 23:26:08,457", "level": "INFO", "logger_name": "django.server", "message": "\"GET /api/topics/6/comments/list/?opinion=false&sort=latest HTTP/1.1\" 200 5884"}
{"timestamp": "2026-06-05 23:26:08,457", "level": "INFO", "logger_name": "django.server", "message": "\"GET /api/topics/6/comments/list/?opinion=true&sort=latest HTTP/1.1\" 200 5417"}
{"timestamp": "2026-06-05 23:26:18,116", "level": "INFO", "logger_name": "core.api", "message": "API Request Started: GET /api/topics/6/vote/stat/", "request_id": "3a426fb0-22cb-4144-bee0-d678eed4da7c", "user_id": null, "api_id": "topic_api-get_vote_stat", "correlation_id": "3a426fb0-22cb-4144-bee0-d678eed4da7c"}
{"timestamp": "2026-06-05 23:26:18,119", "level": "INFO", "logger_name": "core.api", "message": "API Response Completed: 200", "request_id": "3a426fb0-22cb-4144-bee0-d678eed4da7c", "user_id": null, "api_id": "topic_api-get_vote_stat", "duration_ms": 2.31, "correlation_id": "3a426fb0-22cb-4144-bee0-d678eed4da7c"}
{"timestamp": "2026-06-05 23:26:18,119", "level": "INFO", "logger_name": "django.server", "message": "\"GET /api/topics/6/vote/stat/ HTTP/1.1\" 200 97"}
{"timestamp": "2026-06-05 23:26:28,101", "level": "INFO", "logger_name": "core.api", "message": "API Request Started: GET /api/topics/6/vote/stat/", "request_id": "3c4f6cfc-2091-468e-b0ef-ac8d91bf8c80", "user_id": null, "api_id": "topic_api-get_vote_stat", "correlation_id": "3c4f6cfc-2091-468e-b0ef-ac8d91bf8c80"}
{"timestamp": "2026-06-05 23:26:28,106", "level": "INFO", "logger_name": "core.api", "message": "API Response Completed: 200", "request_id": "3c4f6cfc-2091-468e-b0ef-ac8d91bf8c80", "user_id": null, "api_id": "topic_api-get_vote_stat", "duration_ms": 4.86, "correlation_id": "3c4f6cfc-2091-468e-b0ef-ac8d91bf8c80"}
{"timestamp": "2026-06-05 23:26:28,106", "level": "INFO", "logger_name": "django.server", "message": "\"GET /api/topics/6/vote/stat/ HTTP/1.1\" 200 97"}
{"timestamp": "2026-06-05 23:26:38,085", "level": "INFO", "logger_name": "core.api", "message": "API Request Started: GET /api/topics/6/vote/stat/", "request_id": "c8bcefaf-ada8-490d-98dd-dc87648c0035", "user_id": null, "api_id": "topic_api-get_vote_stat", "correlation_id": "c8bcefaf-ada8-490d-98dd-dc87648c0035"}
{"timestamp": "2026-06-05 23:26:38,088", "level": "INFO", "logger_name": "core.api", "message": "API Response Completed: 200", "request_id": "c8bcefaf-ada8-490d-98dd-dc87648c0035", "user_id": null, "api_id": "topic_api-get_vote_stat", "duration_ms": 2.99, "correlation_id": "c8bcefaf-ada8-490d-98dd-dc87648c0035"}
{"timestamp": "2026-06-05 23:26:38,089", "level": "INFO", "logger_name": "django.server", "message": "\"GET /api/topics/6/vote/stat/ HTTP/1.1\" 200 97"}
{"timestamp": "2026-06-05 23:26:48,088", "level": "INFO", "logger_name": "core.api", "message": "API Request Started: GET /api/topics/6/vote/stat/", "request_id": "d69d6c81-ffed-4c3b-85a0-a8233387f29f", "user_id": null, "api_id": "topic_api-get_vote_stat", "correlation_id": "d69d6c81-ffed-4c3b-85a0-a8233387f29f"}
{"timestamp": "2026-06-05 23:26:48,091", "level": "INFO", "logger_name": "core.api", "message": "API Response Completed: 200", "request_id": "d69d6c81-ffed-4c3b-85a0-a8233387f29f", "user_id": null, "api_id": "topic_api-get_vote_stat", "duration_ms": 3.09, "correlation_id": "d69d6c81-ffed-4c3b-85a0-a8233387f29f"}
{"timestamp": "2026-06-05 23:26:48,091", "level": "INFO", "logger_name": "django.server", "message": "\"GET /api/topics/6/vote/stat/ HTTP/1.1\" 200 97"}
{"timestamp": "2026-06-05 23:26:58,103", "level": "INFO", "logger_name": "core.api", "message": "API Request Started: GET /api/topics/6/vote/stat/", "request_id": "8dc43c6c-d77b-4106-b0b9-a805dce60ca2", "user_id": null, "api_id": "topic_api-get_vote_stat", "correlation_id": "8dc43c6c-d77b-4106-b0b9-a805dce60ca2"}
{"timestamp": "2026-06-05 23:26:58,108", "level": "INFO", "logger_name": "core.api", "message": "API Response Completed: 200", "request_id": "8dc43c6c-d77b-4106-b0b9-a805dce60ca2", "user_id": null, "api_id": "topic_api-get_vote_stat", "duration_ms": 4.7, "correlation_id": "8dc43c6c-d77b-4106-b0b9-a805dce60ca2"}
{"timestamp": "2026-06-05 23:26:58,108", "level": "INFO", "logger_name": "django.server", "message": "\"GET /api/topics/6/vote/stat/ HTTP/1.1\" 200 97"}
{"timestamp": "2026-06-05 23:27:08,075", "level": "INFO", "logger_name": "core.api", "message": "API Request Started: GET /api/topics/6/vote/stat/", "request_id": "2977f239-ca3f-4691-b3b9-8852bb2e9f9b", "user_id": null, "api_id": "topic_api-get_vote_stat", "correlation_id": "2977f239-ca3f-4691-b3b9-8852bb2e9f9b"}
{"timestamp": "2026-06-05 23:27:08,079", "level": "INFO", "logger_name": "core.api", "message": "API Response Completed: 200", "request_id": "2977f239-ca3f-4691-b3b9-8852bb2e9f9b", "user_id": null, "api_id": "topic_api-get_vote_stat", "duration_ms": 3.88, "correlation_id": "2977f239-ca3f-4691-b3b9-8852bb2e9f9b"}
{"timestamp": "2026-06-05 23:27:08,080", "level": "INFO", "logger_name": "django.server", "message": "\"GET /api/topics/6/vote/stat/ HTTP/1.1\" 200 97"}
{"timestamp": "2026-06-05 23:27:18,084", "level": "INFO", "logger_name": "core.api", "message": "API Request Started: GET /api/topics/6/vote/stat/", "request_id": "d8bb31cf-3746-4c70-bcbb-b4694890318b", "user_id": null, "api_id": "topic_api-get_vote_stat", "correlation_id": "d8bb31cf-3746-4c70-bcbb-b4694890318b"}
{"timestamp": "2026-06-05 23:27:18,086", "level": "INFO", "logger_name": "core.api", "message": "API Response Completed: 200", "request_id": "d8bb31cf-3746-4c70-bcbb-b4694890318b", "user_id": null, "api_id": "topic_api-get_vote_stat", "duration_ms": 2.43, "correlation_id": "d8bb31cf-3746-4c70-bcbb-b4694890318b"}
{"timestamp": "2026-06-05 23:27:18,087", "level": "INFO", "logger_name": "django.server", "message": "\"GET /api/topics/6/vote/stat/ HTTP/1.1\" 200 97"}
{"timestamp": "2026-06-05 23:27:28,091", "level": "INFO", "logger_name": "core.api", "message": "API Request Started: GET /api/topics/6/vote/stat/", "request_id": "9526ab71-feef-45e0-9b5f-fa6dbcd94cd4", "user_id": null, "api_id": "topic_api-get_vote_stat", "correlation_id": "9526ab71-feef-45e0-9b5f-fa6dbcd94cd4"}
{"timestamp": "2026-06-05 23:27:28,093", "level": "INFO", "logger_name": "core.api", "message": "API Response Completed: 200", "request_id": "9526ab71-feef-45e0-9b5f-fa6dbcd94cd4", "user_id": null, "api_id": "topic_api-get_vote_stat", "duration_ms": 2.21, "correlation_id": "9526ab71-feef-45e0-9b5f-fa6dbcd94cd4"}
{"timestamp": "2026-06-05 23:27:28,093", "level": "INFO", "logger_name": "django.server", "message": "\"GET /api/topics/6/vote/stat/ HTTP/1.1\" 200 97"}
{"timestamp": "2026-06-05 23:27:38,087", "level": "INFO", "logger_name": "core.api", "message": "API Request Started: GET /api/topics/6/vote/stat/", "request_id": "9228317b-7541-4e57-b714-9a20893038d8", "user_id": null, "api_id": "topic_api-get_vote_stat", "correlation_id": "9228317b-7541-4e57-b714-9a20893038d8"}
{"timestamp": "2026-06-05 23:27:38,089", "level": "INFO", "logger_name": "core.api", "message": "API Response Completed: 200", "request_id": "9228317b-7541-4e57-b714-9a20893038d8", "user_id": null, "api_id": "topic_api-get_vote_stat", "duration_ms": 2.41, "correlation_id": "9228317b-7541-4e57-b714-9a20893038d8"}
{"timestamp": "2026-06-05 23:27:38,089", "level": "INFO", "logger_name": "django.server", "message": "\"GET /api/topics/6/vote/stat/ HTTP/1.1\" 200 97"}
{"timestamp": "2026-06-05 23:27:48,078", "level": "INFO", "logger_name": "core.api", "message": "API Request Started: GET /api/topics/6/vote/stat/", "request_id": "4ffb0d4a-832e-483c-8841-37e0d04928e3", "user_id": null, "api_id": "topic_api-get_vote_stat", "correlation_id": "4ffb0d4a-832e-483c-8841-37e0d04928e3"}
{"timestamp": "2026-06-05 23:27:48,081", "level": "INFO", "logger_name": "core.api", "message": "API Response Completed: 200", "request_id": "4ffb0d4a-832e-483c-8841-37e0d04928e3", "user_id": null, "api_id": "topic_api-get_vote_stat", "duration_ms": 2.19, "correlation_id": "4ffb0d4a-832e-483c-8841-37e0d04928e3"}
{"timestamp": "2026-06-05 23:27:48,081", "level": "INFO", "logger_name": "django.server", "message": "\"GET /api/topics/6/vote/stat/ HTTP/1.1\" 200 97"}
{"timestamp": "2026-06-05 23:27:58,100", "level": "INFO", "logger_name": "core.api", "message": "API Request Started: GET /api/topics/6/vote/stat/", "request_id": "df76729f-a491-4b04-8c91-d335ff94378f", "user_id": null, "api_id": "topic_api-get_vote_stat", "correlation_id": "df76729f-a491-4b04-8c91-d335ff94378f"}
{"timestamp": "2026-06-05 23:27:58,102", "level": "INFO", "logger_name": "core.api", "message": "API Response Completed: 200", "request_id": "df76729f-a491-4b04-8c91-d335ff94378f", "user_id": null, "api_id": "topic_api-get_vote_stat", "duration_ms": 2.84, "correlation_id": "df76729f-a491-4b04-8c91-d335ff94378f"}
{"timestamp": "2026-06-05 23:27:58,103", "level": "INFO", "logger_name": "django.server", "message": "\"GET /api/topics/6/vote/stat/ HTTP/1.1\" 200 97"}
{"timestamp": "2026-06-05 23:28:08,087", "level": "INFO", "logger_name": "core.api", "message": "API Request Started: GET /api/topics/6/vote/stat/", "request_id": "e3774bd6-a87d-4f1f-a0a5-e4edff28fd11", "user_id": null, "api_id": "topic_api-get_vote_stat", "correlation_id": "e3774bd6-a87d-4f1f-a0a5-e4edff28fd11"}
{"timestamp": "2026-06-05 23:28:08,090", "level": "INFO", "logger_name": "core.api", "message": "API Response Completed: 200", "request_id": "e3774bd6-a87d-4f1f-a0a5-e4edff28fd11", "user_id": null, "api_id": "topic_api-get_vote_stat", "duration_ms": 2.58, "correlation_id": "e3774bd6-a87d-4f1f-a0a5-e4edff28fd11"}
{"timestamp": "2026-06-05 23:28:08,090", "level": "INFO", "logger_name": "django.server", "message": "\"GET /api/topics/6/vote/stat/ HTTP/1.1\" 200 97"}
{"timestamp": "2026-06-05 23:28:18,075", "level": "INFO", "logger_name": "core.api", "message": "API Request Started: GET /api/topics/6/vote/stat/", "request_id": "fcb0b835-446d-402c-a36e-6e2c13b8f3d6", "user_id": null, "api_id": "topic_api-get_vote_stat", "correlation_id": "fcb0b835-446d-402c-a36e-6e2c13b8f3d6"}
{"timestamp": "2026-06-05 23:28:18,078", "level": "INFO", "logger_name": "core.api", "message": "API Response Completed: 200", "request_id": "fcb0b835-446d-402c-a36e-6e2c13b8f3d6", "user_id": null, "api_id": "topic_api-get_vote_stat", "duration_ms": 2.29, "correlation_id": "fcb0b835-446d-402c-a36e-6e2c13b8f3d6"}
{"timestamp": "2026-06-05 23:28:18,078", "level": "INFO", "logger_name": "django.server", "message": "\"GET /api/topics/6/vote/stat/ HTTP/1.1\" 200 97"}
{"timestamp": "2026-06-05 23:28:28,092", "level": "INFO", "logger_name": "core.api", "message": "API Request Started: GET /api/topics/6/vote/stat/", "request_id": "f621e118-f186-46ed-9f0f-469114f26167", "user_id": null, "api_id": "topic_api-get_vote_stat", "correlation_id": "f621e118-f186-46ed-9f0f-469114f26167"}
{"timestamp": "2026-06-05 23:28:28,094", "level": "INFO", "logger_name": "core.api", "message": "API Response Completed: 200", "request_id": "f621e118-f186-46ed-9f0f-469114f26167", "user_id": null, "api_id": "topic_api-get_vote_stat", "duration_ms": 2.18, "correlation_id": "f621e118-f186-46ed-9f0f-469114f26167"}
{"timestamp": "2026-06-05 23:28:28,094", "level": "INFO", "logger_name": "django.server", "message": "\"GET /api/topics/6/vote/stat/ HTTP/1.1\" 200 97"}
{"timestamp": "2026-06-05 23:28:38,117", "level": "INFO", "logger_name": "core.api", "message": "API Request Started: GET /api/topics/6/vote/stat/", "request_id": "0e1e47a1-c387-4946-b506-1a50068c7372", "user_id": null, "api_id": "topic_api-get_vote_stat", "correlation_id": "0e1e47a1-c387-4946-b506-1a50068c7372"}
{"timestamp": "2026-06-05 23:28:38,120", "level": "INFO", "logger_name": "core.api", "message": "API Response Completed: 200", "request_id": "0e1e47a1-c387-4946-b506-1a50068c7372", "user_id": null, "api_id": "topic_api-get_vote_stat", "duration_ms": 2.49, "correlation_id": "0e1e47a1-c387-4946-b506-1a50068c7372"}
{"timestamp": "2026-06-05 23:28:38,120", "level": "INFO", "logger_name": "django.server", "message": "\"GET /api/topics/6/vote/stat/ HTTP/1.1\" 200 97"}
{"timestamp": "2026-06-05 23:28:48,078", "level": "INFO", "logger_name": "core.api", "message": "API Request Started: GET /api/topics/6/vote/stat/", "request_id": "3772f7e8-8da9-46f2-864f-5eefcf03bf11", "user_id": null, "api_id": "topic_api-get_vote_stat", "correlation_id": "3772f7e8-8da9-46f2-864f-5eefcf03bf11"}
{"timestamp": "2026-06-05 23:28:48,080", "level": "INFO", "logger_name": "core.api", "message": "API Response Completed: 200", "request_id": "3772f7e8-8da9-46f2-864f-5eefcf03bf11", "user_id": null, "api_id": "topic_api-get_vote_stat", "duration_ms": 2.28, "correlation_id": "3772f7e8-8da9-46f2-864f-5eefcf03bf11"}
{"timestamp": "2026-06-05 23:28:48,081", "level": "INFO", "logger_name": "django.server", "message": "\"GET /api/topics/6/vote/stat/ HTTP/1.1\" 200 97"}
{"timestamp": "2026-06-05 23:28:58,075", "level": "INFO", "logger_name": "core.api", "message": "API Request Started: GET /api/topics/6/vote/stat/", "request_id": "a691acf4-d1be-4b35-b74d-30664227ca23", "user_id": null, "api_id": "topic_api-get_vote_stat", "correlation_id": "a691acf4-d1be-4b35-b74d-30664227ca23"}
{"timestamp": "2026-06-05 23:28:58,077", "level": "INFO", "logger_name": "core.api", "message": "API Response Completed: 200", "request_id": "a691acf4-d1be-4b35-b74d-30664227ca23", "user_id": null, "api_id": "topic_api-get_vote_stat", "duration_ms": 2.53, "correlation_id": "a691acf4-d1be-4b35-b74d-30664227ca23"}
{"timestamp": "2026-06-05 23:28:58,078", "level": "INFO", "logger_name": "django.server", "message": "\"GET /api/topics/6/vote/stat/ HTTP/1.1\" 200 97"}
{"timestamp": "2026-06-05 23:29:08,101", "level": "INFO", "logger_name": "core.api", "message": "API Request Started: GET /api/topics/6/vote/stat/", "request_id": "39c70a1e-d5bd-4966-81e4-4dc6d7e89662", "user_id": null, "api_id": "topic_api-get_vote_stat", "correlation_id": "39c70a1e-d5bd-4966-81e4-4dc6d7e89662"}
{"timestamp": "2026-06-05 23:29:08,104", "level": "INFO", "logger_name": "core.api", "message": "API Response Completed: 200", "request_id": "39c70a1e-d5bd-4966-81e4-4dc6d7e89662", "user_id": null, "api_id": "topic_api-get_vote_stat", "duration_ms": 2.23, "correlation_id": "39c70a1e-d5bd-4966-81e4-4dc6d7e89662"}
{"timestamp": "2026-06-05 23:29:08,104", "level": "INFO", "logger_name": "django.server", "message": "\"GET /api/topics/6/vote/stat/ HTTP/1.1\" 200 97"}
{"timestamp": "2026-06-05 23:29:18,076", "level": "INFO", "logger_name": "core.api", "message": "API Request Started: GET /api/topics/6/vote/stat/", "request_id": "f5604a08-e297-40a9-b4ff-3fa31d21546a", "user_id": null, "api_id": "topic_api-get_vote_stat", "correlation_id": "f5604a08-e297-40a9-b4ff-3fa31d21546a"}
{"timestamp": "2026-06-05 23:29:18,079", "level": "INFO", "logger_name": "core.api", "message": "API Response Completed: 200", "request_id": "f5604a08-e297-40a9-b4ff-3fa31d21546a", "user_id": null, "api_id": "topic_api-get_vote_stat", "duration_ms": 2.32, "correlation_id": "f5604a08-e297-40a9-b4ff-3fa31d21546a"}
{"timestamp": "2026-06-05 23:29:18,079", "level": "INFO", "logger_name": "django.server", "message": "\"GET /api/topics/6/vote/stat/ HTTP/1.1\" 200 97"}
{"timestamp": "2026-06-05 23:29:28,095", "level": "INFO", "logger_name": "core.api", "message": "API Request Started: GET /api/topics/6/vote/stat/", "request_id": "1d1a79f6-5ffe-4d23-8bcc-e63dfcaecb38", "user_id": null, "api_id": "topic_api-get_vote_stat", "correlation_id": "1d1a79f6-5ffe-4d23-8bcc-e63dfcaecb38"}
{"timestamp": "2026-06-05 23:29:28,097", "level": "INFO", "logger_name": "core.api", "message": "API Response Completed: 200", "request_id": "1d1a79f6-5ffe-4d23-8bcc-e63dfcaecb38", "user_id": null, "api_id": "topic_api-get_vote_stat", "duration_ms": 2.48, "correlation_id": "1d1a79f6-5ffe-4d23-8bcc-e63dfcaecb38"}
{"timestamp": "2026-06-05 23:29:28,098", "level": "INFO", "logger_name": "django.server", "message": "\"GET /api/topics/6/vote/stat/ HTTP/1.1\" 200 97"}
{"timestamp": "2026-06-05 23:29:38,083", "level": "INFO", "logger_name": "core.api", "message": "API Request Started: GET /api/topics/6/vote/stat/", "request_id": "6df5c04e-1da6-400a-8c1c-abbfa2ec0f73", "user_id": null, "api_id": "topic_api-get_vote_stat", "correlation_id": "6df5c04e-1da6-400a-8c1c-abbfa2ec0f73"}
{"timestamp": "2026-06-05 23:29:38,085", "level": "INFO", "logger_name": "core.api", "message": "API Response Completed: 200", "request_id": "6df5c04e-1da6-400a-8c1c-abbfa2ec0f73", "user_id": null, "api_id": "topic_api-get_vote_stat", "duration_ms": 2.43, "correlation_id": "6df5c04e-1da6-400a-8c1c-abbfa2ec0f73"}
{"timestamp": "2026-06-05 23:29:38,085", "level": "INFO", "logger_name": "django.server", "message": "\"GET /api/topics/6/vote/stat/ HTTP/1.1\" 200 97"}
{"timestamp": "2026-06-05 23:29:48,090", "level": "INFO", "logger_name": "core.api", "message": "API Request Started: GET /api/topics/6/vote/stat/", "request_id": "a787065d-5b49-4bb2-bcda-fce72a921fd5", "user_id": null, "api_id": "topic_api-get_vote_stat", "correlation_id": "a787065d-5b49-4bb2-bcda-fce72a921fd5"}
{"timestamp": "2026-06-05 23:29:48,092", "level": "INFO", "logger_name": "core.api", "message": "API Response Completed: 200", "request_id": "a787065d-5b49-4bb2-bcda-fce72a921fd5", "user_id": null, "api_id": "topic_api-get_vote_stat", "duration_ms": 2.2, "correlation_id": "a787065d-5b49-4bb2-bcda-fce72a921fd5"}
{"timestamp": "2026-06-05 23:29:48,092", "level": "INFO", "logger_name": "django.server", "message": "\"GET /api/topics/6/vote/stat/ HTTP/1.1\" 200 97"}
{"timestamp": "2026-06-05 23:29:54,232", "level": "INFO", "logger_name": "core.api", "message": "API Request Started: GET /api/students/info", "request_id": "4b7cca69-9d97-4da4-9c69-3f1db2684b5c", "user_id": null, "api_id": "auth-view", "correlation_id": "4b7cca69-9d97-4da4-9c69-3f1db2684b5c"}
{"timestamp": "2026-06-05 23:29:54,232", "level": "INFO", "logger_name": "core.api.auth", "message": "=== [API CALL] GET /students/info ==="}
{"timestamp": "2026-06-05 23:29:54,233", "level": "INFO", "logger_name": "core.api", "message": "API Response Completed: 200", "request_id": "4b7cca69-9d97-4da4-9c69-3f1db2684b5c", "user_id": null, "api_id": "auth-view", "duration_ms": 1.83, "correlation_id": "4b7cca69-9d97-4da4-9c69-3f1db2684b5c"}
{"timestamp": "2026-06-05 23:29:54,234", "level": "INFO", "logger_name": "django.server", "message": "\"GET /api/students/info HTTP/1.1\" 200 256"}
{"timestamp": "2026-06-05 23:29:58,106", "level": "INFO", "logger_name": "core.api", "message": "API Request Started: GET /api/topics/6/vote/stat/", "request_id": "b75f2acb-dd2b-4aa6-bc53-c23022ad07e1", "user_id": null, "api_id": "topic_api-get_vote_stat", "correlation_id": "b75f2acb-dd2b-4aa6-bc53-c23022ad07e1"}
{"timestamp": "2026-06-05 23:29:58,109", "level": "INFO", "logger_name": "core.api", "message": "API Response Completed: 200", "request_id": "b75f2acb-dd2b-4aa6-bc53-c23022ad07e1", "user_id": null, "api_id": "topic_api-get_vote_stat", "duration_ms": 2.31, "correlation_id": "b75f2acb-dd2b-4aa6-bc53-c23022ad07e1"}
{"timestamp": "2026-06-05 23:29:58,109", "level": "INFO", "logger_name": "django.server", "message": "\"GET /api/topics/6/vote/stat/ HTTP/1.1\" 200 97"}
{"timestamp": "2026-06-05 23:30:04,843", "level": "INFO", "logger_name": "core.api", "message": "API Request Started: GET /api/students/info", "request_id": "441537f4-0de4-4bca-adce-24191d9eee58", "user_id": null, "api_id": "auth-view", "correlation_id": "441537f4-0de4-4bca-adce-24191d9eee58"}
{"timestamp": "2026-06-05 23:30:04,844", "level": "INFO", "logger_name": "core.api.auth", "message": "=== [API CALL] GET /students/info ==="}
{"timestamp": "2026-06-05 23:30:04,846", "level": "INFO", "logger_name": "core.api", "message": "API Response Completed: 200", "request_id": "441537f4-0de4-4bca-adce-24191d9eee58", "user_id": null, "api_id": "auth-view", "duration_ms": 2.8, "correlation_id": "441537f4-0de4-4bca-adce-24191d9eee58"}
{"timestamp": "2026-06-05 23:30:04,847", "level": "INFO", "logger_name": "django.server", "message": "\"GET /api/students/info HTTP/1.1\" 200 256"}
{"timestamp": "2026-06-05 23:30:08,086", "level": "INFO", "logger_name": "core.api", "message": "API Request Started: GET /api/topics/6/vote/stat/", "request_id": "b57943dd-1f4b-465e-9714-09eadcf47b26", "user_id": null, "api_id": "topic_api-get_vote_stat", "correlation_id": "b57943dd-1f4b-465e-9714-09eadcf47b26"}
{"timestamp": "2026-06-05 23:30:08,088", "level": "INFO", "logger_name": "core.api", "message": "API Response Completed: 200", "request_id": "b57943dd-1f4b-465e-9714-09eadcf47b26", "user_id": null, "api_id": "topic_api-get_vote_stat", "duration_ms": 2.36, "correlation_id": "b57943dd-1f4b-465e-9714-09eadcf47b26"}
{"timestamp": "2026-06-05 23:30:08,089", "level": "INFO", "logger_name": "django.server", "message": "\"GET /api/topics/6/vote/stat/ HTTP/1.1\" 200 97"}
{"timestamp": "2026-06-05 23:30:10,503", "level": "INFO", "logger_name": "core.api", "message": "API Request Started: GET /api/students/info", "request_id": "49261a78-1598-4aa8-8a53-9d72d5c2a3fb", "user_id": null, "api_id": "auth-view", "correlation_id": "49261a78-1598-4aa8-8a53-9d72d5c2a3fb"}
{"timestamp": "2026-06-05 23:30:10,503", "level": "INFO", "logger_name": "core.api.auth", "message": "=== [API CALL] GET /students/info ==="}
{"timestamp": "2026-06-05 23:30:10,504", "level": "INFO", "logger_name": "core.api", "message": "API Response Completed: 200", "request_id": "49261a78-1598-4aa8-8a53-9d72d5c2a3fb", "user_id": null, "api_id": "auth-view", "duration_ms": 1.74, "correlation_id": "49261a78-1598-4aa8-8a53-9d72d5c2a3fb"}
{"timestamp": "2026-06-05 23:30:10,505", "level": "INFO", "logger_name": "django.server", "message": "\"GET /api/students/info HTTP/1.1\" 200 256"}
{"timestamp": "2026-06-05 23:30:18,080", "level": "INFO", "logger_name": "core.api", "message": "API Request Started: GET /api/topics/6/vote/stat/", "request_id": "0c4c9276-61f8-4325-b91c-c80704d811a0", "user_id": null, "api_id": "topic_api-get_vote_stat", "correlation_id": "0c4c9276-61f8-4325-b91c-c80704d811a0"}
{"timestamp": "2026-06-05 23:30:18,083", "level": "INFO", "logger_name": "core.api", "message": "API Response Completed: 200", "request_id": "0c4c9276-61f8-4325-b91c-c80704d811a0", "user_id": null, "api_id": "topic_api-get_vote_stat", "duration_ms": 2.63, "correlation_id": "0c4c9276-61f8-4325-b91c-c80704d811a0"}
{"timestamp": "2026-06-05 23:30:18,083", "level": "INFO", "logger_name": "django.server", "message": "\"GET /api/topics/6/vote/stat/ HTTP/1.1\" 200 97"}
{"timestamp": "2026-06-05 23:30:28,069", "level": "INFO", "logger_name": "core.api", "message": "API Request Started: GET /api/topics/6/vote/stat/", "request_id": "a75bac4d-336d-41ed-b2d0-e475a0a858ce", "user_id": null, "api_id": "topic_api-get_vote_stat", "correlation_id": "a75bac4d-336d-41ed-b2d0-e475a0a858ce"}
{"timestamp": "2026-06-05 23:30:28,071", "level": "INFO", "logger_name": "core.api", "message": "API Response Completed: 200", "request_id": "a75bac4d-336d-41ed-b2d0-e475a0a858ce", "user_id": null, "api_id": "topic_api-get_vote_stat", "duration_ms": 2.24, "correlation_id": "a75bac4d-336d-41ed-b2d0-e475a0a858ce"}
{"timestamp": "2026-06-05 23:30:28,072", "level": "INFO", "logger_name": "django.server", "message": "\"GET /api/topics/6/vote/stat/ HTTP/1.1\" 200 97"}
{"timestamp": "2026-06-05 23:30:38,102", "level": "INFO", "logger_name": "core.api", "message": "API Request Started: GET /api/topics/6/vote/stat/", "request_id": "b52d0653-d785-4241-bfc8-fb03ce1db7fe", "user_id": null, "api_id": "topic_api-get_vote_stat", "correlation_id": "b52d0653-d785-4241-bfc8-fb03ce1db7fe"}
{"timestamp": "2026-06-05 23:30:38,104", "level": "INFO", "logger_name": "core.api", "message": "API Response Completed: 200", "request_id": "b52d0653-d785-4241-bfc8-fb03ce1db7fe", "user_id": null, "api_id": "topic_api-get_vote_stat", "duration_ms": 2.23, "correlation_id": "b52d0653-d785-4241-bfc8-fb03ce1db7fe"}
{"timestamp": "2026-06-05 23:30:38,104", "level": "INFO", "logger_name": "django.server", "message": "\"GET /api/topics/6/vote/stat/ HTTP/1.1\" 200 97"}
{"timestamp": "2026-06-05 23:30:48,070", "level": "INFO", "logger_name": "core.api", "message": "API Request Started: GET /api/topics/6/vote/stat/", "request_id": "3d500b30-16de-48b5-bf54-5fb8c26fe090", "user_id": null, "api_id": "topic_api-get_vote_stat", "correlation_id": "3d500b30-16de-48b5-bf54-5fb8c26fe090"}
{"timestamp": "2026-06-05 23:30:48,073", "level": "INFO", "logger_name": "core.api", "message": "API Response Completed: 200", "request_id": "3d500b30-16de-48b5-bf54-5fb8c26fe090", "user_id": null, "api_id": "topic_api-get_vote_stat", "duration_ms": 2.23, "correlation_id": "3d500b30-16de-48b5-bf54-5fb8c26fe090"}
{"timestamp": "2026-06-05 23:30:48,073", "level": "INFO", "logger_name": "django.server", "message": "\"GET /api/topics/6/vote/stat/ HTTP/1.1\" 200 97"}
{"timestamp": "2026-06-05 23:30:58,112", "level": "INFO", "logger_name": "core.api", "message": "API Request Started: GET /api/topics/6/vote/stat/", "request_id": "2134d7cf-fbd6-48a2-908b-109adfc03c7b", "user_id": null, "api_id": "topic_api-get_vote_stat", "correlation_id": "2134d7cf-fbd6-48a2-908b-109adfc03c7b"}
{"timestamp": "2026-06-05 23:30:58,118", "level": "INFO", "logger_name": "core.api", "message": "API Response Completed: 200", "request_id": "2134d7cf-fbd6-48a2-908b-109adfc03c7b", "user_id": null, "api_id": "topic_api-get_vote_stat", "duration_ms": 5.26, "correlation_id": "2134d7cf-fbd6-48a2-908b-109adfc03c7b"}
{"timestamp": "2026-06-05 23:30:58,118", "level": "INFO", "logger_name": "django.server", "message": "\"GET /api/topics/6/vote/stat/ HTTP/1.1\" 200 97"}
{"timestamp": "2026-06-05 23:31:08,102", "level": "INFO", "logger_name": "core.api", "message": "API Request Started: GET /api/topics/6/vote/stat/", "request_id": "aea894d7-1fec-4188-a457-c2414ffc940d", "user_id": null, "api_id": "topic_api-get_vote_stat", "correlation_id": "aea894d7-1fec-4188-a457-c2414ffc940d"}
{"timestamp": "2026-06-05 23:31:08,104", "level": "INFO", "logger_name": "core.api", "message": "API Response Completed: 200", "request_id": "aea894d7-1fec-4188-a457-c2414ffc940d", "user_id": null, "api_id": "topic_api-get_vote_stat", "duration_ms": 2.15, "correlation_id": "aea894d7-1fec-4188-a457-c2414ffc940d"}
{"timestamp": "2026-06-05 23:31:08,104", "level": "INFO", "logger_name": "django.server", "message": "\"GET /api/topics/6/vote/stat/ HTTP/1.1\" 200 97"}
{"timestamp": "2026-06-05 23:31:18,087", "level": "INFO", "logger_name": "core.api", "message": "API Request Started: GET /api/topics/6/vote/stat/", "request_id": "3bc4ea3d-7161-4cc3-9d89-8400a41fa629", "user_id": null, "api_id": "topic_api-get_vote_stat", "correlation_id": "3bc4ea3d-7161-4cc3-9d89-8400a41fa629"}
{"timestamp": "2026-06-05 23:31:18,091", "level": "INFO", "logger_name": "core.api", "message": "API Response Completed: 200", "request_id": "3bc4ea3d-7161-4cc3-9d89-8400a41fa629", "user_id": null, "api_id": "topic_api-get_vote_stat", "duration_ms": 4.08, "correlation_id": "3bc4ea3d-7161-4cc3-9d89-8400a41fa629"}
{"timestamp": "2026-06-05 23:31:18,091", "level": "INFO", "logger_name": "django.server", "message": "\"GET /api/topics/6/vote/stat/ HTTP/1.1\" 200 97"}
{"timestamp": "2026-06-05 23:31:28,086", "level": "INFO", "logger_name": "core.api", "message": "API Request Started: GET /api/topics/6/vote/stat/", "request_id": "425fa267-04e0-4b4f-8709-55097a59c8d9", "user_id": null, "api_id": "topic_api-get_vote_stat", "correlation_id": "425fa267-04e0-4b4f-8709-55097a59c8d9"}
{"timestamp": "2026-06-05 23:31:28,088", "level": "INFO", "logger_name": "core.api", "message": "API Response Completed: 200", "request_id": "425fa267-04e0-4b4f-8709-55097a59c8d9", "user_id": null, "api_id": "topic_api-get_vote_stat", "duration_ms": 2.5, "correlation_id": "425fa267-04e0-4b4f-8709-55097a59c8d9"}
{"timestamp": "2026-06-05 23:31:28,089", "level": "INFO", "logger_name": "django.server", "message": "\"GET /api/topics/6/vote/stat/ HTTP/1.1\" 200 97"}
{"timestamp": "2026-06-05 23:31:38,103", "level": "INFO", "logger_name": "core.api", "message": "API Request Started: GET /api/topics/6/vote/stat/", "request_id": "53585449-18b8-49ff-8568-a3f72fb75934", "user_id": null, "api_id": "topic_api-get_vote_stat", "correlation_id": "53585449-18b8-49ff-8568-a3f72fb75934"}
{"timestamp": "2026-06-05 23:31:38,105", "level": "INFO", "logger_name": "core.api", "message": "API Response Completed: 200", "request_id": "53585449-18b8-49ff-8568-a3f72fb75934", "user_id": null, "api_id": "topic_api-get_vote_stat", "duration_ms": 2.88, "correlation_id": "53585449-18b8-49ff-8568-a3f72fb75934"}
{"timestamp": "2026-06-05 23:31:38,106", "level": "INFO", "logger_name": "django.server", "message": "\"GET /api/topics/6/vote/stat/ HTTP/1.1\" 200 97"}
{"timestamp": "2026-06-05 23:31:48,111", "level": "INFO", "logger_name": "core.api", "message": "API Request Started: GET /api/topics/6/vote/stat/", "request_id": "6c5ca412-0d1a-42da-80ea-f23179e76151", "user_id": null, "api_id": "topic_api-get_vote_stat", "correlation_id": "6c5ca412-0d1a-42da-80ea-f23179e76151"}
{"timestamp": "2026-06-05 23:31:48,114", "level": "INFO", "logger_name": "core.api", "message": "API Response Completed: 200", "request_id": "6c5ca412-0d1a-42da-80ea-f23179e76151", "user_id": null, "api_id": "topic_api-get_vote_stat", "duration_ms": 2.99, "correlation_id": "6c5ca412-0d1a-42da-80ea-f23179e76151"}
{"timestamp": "2026-06-05 23:31:48,114", "level": "INFO", "logger_name": "django.server", "message": "\"GET /api/topics/6/vote/stat/ HTTP/1.1\" 200 97"}
{"timestamp": "2026-06-05 23:31:58,117", "level": "INFO", "logger_name": "core.api", "message": "API Request Started: GET /media/profiles/scaled_1000030598.jpg", "request_id": "ebdb7660-54e9-4461-8877-c2cea3638fbe", "user_id": null, "api_id": "static-serve", "correlation_id": "ebdb7660-54e9-4461-8877-c2cea3638fbe"}
{"timestamp": "2026-06-05 23:31:58,275", "level": "INFO", "logger_name": "core.api", "message": "API Response Completed: 200", "request_id": "ebdb7660-54e9-4461-8877-c2cea3638fbe", "user_id": null, "api_id": "static-serve", "duration_ms": 160.31, "correlation_id": "ebdb7660-54e9-4461-8877-c2cea3638fbe"}
{"timestamp": "2026-06-05 23:31:58,473", "level": "INFO", "logger_name": "django.server", "message": "\"GET /media/profiles/scaled_1000030598.jpg HTTP/1.1\" 200 1261605"}
{"timestamp": "2026-06-05 23:32:41,975", "level": "INFO", "logger_name": "core.api", "message": "API Request Started: POST /api/topics/6/vote/", "request_id": "2184df19-5c37-4672-b5b8-c861994038c6", "user_id": null, "api_id": "topic_api-handle_vote", "correlation_id": "2184df19-5c37-4672-b5b8-c861994038c6"}
{"timestamp": "2026-06-05 23:32:42,055", "level": "INFO", "logger_name": "core.api", "message": "API Response Completed: 200", "request_id": "2184df19-5c37-4672-b5b8-c861994038c6", "user_id": null, "api_id": "topic_api-handle_vote", "duration_ms": 80.7, "correlation_id": "2184df19-5c37-4672-b5b8-c861994038c6"}
{"timestamp": "2026-06-05 23:32:42,056", "level": "INFO", "logger_name": "django.server", "message": "\"POST /api/topics/6/vote/ HTTP/1.1\" 200 115"}
{"timestamp": "2026-06-05 23:32:42,113", "level": "INFO", "logger_name": "core.api", "message": "API Request Started: GET /api/topics/6/vote/stat/", "request_id": "ee7b36c4-30ad-4efa-9213-f8f55451aa64", "user_id": null, "api_id": "topic_api-get_vote_stat", "correlation_id": "ee7b36c4-30ad-4efa-9213-f8f55451aa64"}
{"timestamp": "2026-06-05 23:32:42,115", "level": "INFO", "logger_name": "core.api", "message": "API Response Completed: 200", "request_id": "ee7b36c4-30ad-4efa-9213-f8f55451aa64", "user_id": null, "api_id": "topic_api-get_vote_stat", "duration_ms": 2.44, "correlation_id": "ee7b36c4-30ad-4efa-9213-f8f55451aa64"}
{"timestamp": "2026-06-05 23:32:42,115", "level": "INFO", "logger_name": "django.server", "message": "\"GET /api/topics/6/vote/stat/ HTTP/1.1\" 200 97"}
{"timestamp": "2026-06-05 23:32:49,668", "level": "INFO", "logger_name": "core.api", "message": "API Request Started: GET /api/topics/6/vote/stat/", "request_id": "4f177a7b-d8f4-4ef5-8c83-7fde9a6048a0", "user_id": null, "api_id": "topic_api-get_vote_stat", "correlation_id": "4f177a7b-d8f4-4ef5-8c83-7fde9a6048a0"}
{"timestamp": "2026-06-05 23:32:49,671", "level": "INFO", "logger_name": "core.api", "message": "API Response Completed: 200", "request_id": "4f177a7b-d8f4-4ef5-8c83-7fde9a6048a0", "user_id": null, "api_id": "topic_api-get_vote_stat", "duration_ms": 2.56, "correlation_id": "4f177a7b-d8f4-4ef5-8c83-7fde9a6048a0"}
{"timestamp": "2026-06-05 23:32:49,671", "level": "INFO", "logger_name": "django.server", "message": "\"GET /api/topics/6/vote/stat/ HTTP/1.1\" 200 97"}
{"timestamp": "2026-06-05 23:32:59,660", "level": "INFO", "logger_name": "core.api", "message": "API Request Started: GET /api/topics/6/vote/stat/", "request_id": "605054f3-087b-437e-b424-396cbf98ce77", "user_id": null, "api_id": "topic_api-get_vote_stat", "correlation_id": "605054f3-087b-437e-b424-396cbf98ce77"}
{"timestamp": "2026-06-05 23:32:59,663", "level": "INFO", "logger_name": "core.api", "message": "API Response Completed: 200", "request_id": "605054f3-087b-437e-b424-396cbf98ce77", "user_id": null, "api_id": "topic_api-get_vote_stat", "duration_ms": 2.5, "correlation_id": "605054f3-087b-437e-b424-396cbf98ce77"}
{"timestamp": "2026-06-05 23:32:59,663", "level": "INFO", "logger_name": "django.server", "message": "\"GET /api/topics/6/vote/stat/ HTTP/1.1\" 200 97"}
{"timestamp": "2026-06-05 23:33:09,655", "level": "INFO", "logger_name": "core.api", "message": "API Request Started: GET /api/topics/6/vote/stat/", "request_id": "b950f70a-deb6-4b89-80be-389e148beb38", "user_id": null, "api_id": "topic_api-get_vote_stat", "correlation_id": "b950f70a-deb6-4b89-80be-389e148beb38"}
{"timestamp": "2026-06-05 23:33:09,661", "level": "INFO", "logger_name": "core.api", "message": "API Response Completed: 200", "request_id": "b950f70a-deb6-4b89-80be-389e148beb38", "user_id": null, "api_id": "topic_api-get_vote_stat", "duration_ms": 5.45, "correlation_id": "b950f70a-deb6-4b89-80be-389e148beb38"}
{"timestamp": "2026-06-05 23:33:09,661", "level": "INFO", "logger_name": "django.server", "message": "\"GET /api/topics/6/vote/stat/ HTTP/1.1\" 200 97"}
{"timestamp": "2026-06-05 23:33:19,657", "level": "INFO", "logger_name": "core.api", "message": "API Request Started: GET /api/topics/6/vote/stat/", "request_id": "f162d0e3-7ef5-4ec4-b7dc-ae62ba0f8ae6", "user_id": null, "api_id": "topic_api-get_vote_stat", "correlation_id": "f162d0e3-7ef5-4ec4-b7dc-ae62ba0f8ae6"}
{"timestamp": "2026-06-05 23:33:19,659", "level": "INFO", "logger_name": "core.api", "message": "API Response Completed: 200", "request_id": "f162d0e3-7ef5-4ec4-b7dc-ae62ba0f8ae6", "user_id": null, "api_id": "topic_api-get_vote_stat", "duration_ms": 2.28, "correlation_id": "f162d0e3-7ef5-4ec4-b7dc-ae62ba0f8ae6"}
{"timestamp": "2026-06-05 23:33:19,660", "level": "INFO", "logger_name": "django.server", "message": "\"GET /api/topics/6/vote/stat/ HTTP/1.1\" 200 97"}
{"timestamp": "2026-06-05 23:33:29,676", "level": "INFO", "logger_name": "core.api", "message": "API Request Started: GET /api/topics/6/vote/stat/", "request_id": "61a6bd54-f338-4c68-93dc-d369a82a72c3", "user_id": null, "api_id": "topic_api-get_vote_stat", "correlation_id": "61a6bd54-f338-4c68-93dc-d369a82a72c3"}
{"timestamp": "2026-06-05 23:33:29,678", "level": "INFO", "logger_name": "core.api", "message": "API Response Completed: 200", "request_id": "61a6bd54-f338-4c68-93dc-d369a82a72c3", "user_id": null, "api_id": "topic_api-get_vote_stat", "duration_ms": 2.29, "correlation_id": "61a6bd54-f338-4c68-93dc-d369a82a72c3"}
{"timestamp": "2026-06-05 23:33:29,679", "level": "INFO", "logger_name": "django.server", "message": "\"GET /api/topics/6/vote/stat/ HTTP/1.1\" 200 97"}
{"timestamp": "2026-06-05 23:33:39,691", "level": "INFO", "logger_name": "core.api", "message": "API Request Started: GET /api/topics/6/vote/stat/", "request_id": "768b9478-62a8-415a-98ed-324fa0d15e1f", "user_id": null, "api_id": "topic_api-get_vote_stat", "correlation_id": "768b9478-62a8-415a-98ed-324fa0d15e1f"}
{"timestamp": "2026-06-05 23:33:39,695", "level": "INFO", "logger_name": "core.api", "message": "API Response Completed: 200", "request_id": "768b9478-62a8-415a-98ed-324fa0d15e1f", "user_id": null, "api_id": "topic_api-get_vote_stat", "duration_ms": 3.37, "correlation_id": "768b9478-62a8-415a-98ed-324fa0d15e1f"}
{"timestamp": "2026-06-05 23:33:39,695", "level": "INFO", "logger_name": "django.server", "message": "\"GET /api/topics/6/vote/stat/ HTTP/1.1\" 200 97"}
{"timestamp": "2026-06-05 23:33:49,669", "level": "INFO", "logger_name": "core.api", "message": "API Request Started: GET /api/topics/6/vote/stat/", "request_id": "810dd4e1-dd4e-4d83-bd03-8087e76608c1", "user_id": null, "api_id": "topic_api-get_vote_stat", "correlation_id": "810dd4e1-dd4e-4d83-bd03-8087e76608c1"}
{"timestamp": "2026-06-05 23:33:49,671", "level": "INFO", "logger_name": "core.api", "message": "API Response Completed: 200", "request_id": "810dd4e1-dd4e-4d83-bd03-8087e76608c1", "user_id": null, "api_id": "topic_api-get_vote_stat", "duration_ms": 2.15, "correlation_id": "810dd4e1-dd4e-4d83-bd03-8087e76608c1"}
{"timestamp": "2026-06-05 23:33:49,672", "level": "INFO", "logger_name": "django.server", "message": "\"GET /api/topics/6/vote/stat/ HTTP/1.1\" 200 97"}
{"timestamp": "2026-06-05 23:33:59,651", "level": "INFO", "logger_name": "core.api", "message": "API Request Started: GET /api/topics/6/vote/stat/", "request_id": "a5aa8926-f504-4f1a-90b5-ace6ef751736", "user_id": null, "api_id": "topic_api-get_vote_stat", "correlation_id": "a5aa8926-f504-4f1a-90b5-ace6ef751736"}
{"timestamp": "2026-06-05 23:33:59,653", "level": "INFO", "logger_name": "core.api", "message": "API Response Completed: 200", "request_id": "a5aa8926-f504-4f1a-90b5-ace6ef751736", "user_id": null, "api_id": "topic_api-get_vote_stat", "duration_ms": 2.32, "correlation_id": "a5aa8926-f504-4f1a-90b5-ace6ef751736"}
{"timestamp": "2026-06-05 23:33:59,653", "level": "INFO", "logger_name": "django.server", "message": "\"GET /api/topics/6/vote/stat/ HTTP/1.1\" 200 97"}
{"timestamp": "2026-06-05 23:34:09,678", "level": "INFO", "logger_name": "core.api", "message": "API Request Started: GET /api/topics/6/vote/stat/", "request_id": "126d7c48-2539-4576-9984-72164615d509", "user_id": null, "api_id": "topic_api-get_vote_stat", "correlation_id": "126d7c48-2539-4576-9984-72164615d509"}
{"timestamp": "2026-06-05 23:34:09,681", "level": "INFO", "logger_name": "core.api", "message": "API Response Completed: 200", "request_id": "126d7c48-2539-4576-9984-72164615d509", "user_id": null, "api_id": "topic_api-get_vote_stat", "duration_ms": 2.64, "correlation_id": "126d7c48-2539-4576-9984-72164615d509"}
{"timestamp": "2026-06-05 23:34:09,681", "level": "INFO", "logger_name": "django.server", "message": "\"GET /api/topics/6/vote/stat/ HTTP/1.1\" 200 97"}
{"timestamp": "2026-06-05 23:34:19,673", "level": "INFO", "logger_name": "core.api", "message": "API Request Started: GET /api/topics/6/vote/stat/", "request_id": "3cfcde1f-2349-4927-a661-62fab0021a99", "user_id": null, "api_id": "topic_api-get_vote_stat", "correlation_id": "3cfcde1f-2349-4927-a661-62fab0021a99"}
{"timestamp": "2026-06-05 23:34:19,675", "level": "INFO", "logger_name": "core.api", "message": "API Response Completed: 200", "request_id": "3cfcde1f-2349-4927-a661-62fab0021a99", "user_id": null, "api_id": "topic_api-get_vote_stat", "duration_ms": 2.27, "correlation_id": "3cfcde1f-2349-4927-a661-62fab0021a99"}
{"timestamp": "2026-06-05 23:34:19,675", "level": "INFO", "logger_name": "django.server", "message": "\"GET /api/topics/6/vote/stat/ HTTP/1.1\" 200 97"}
{"timestamp": "2026-06-05 23:34:29,664", "level": "INFO", "logger_name": "core.api", "message": "API Request Started: GET /api/topics/6/vote/stat/", "request_id": "2bd05b23-2690-48c4-befb-a896021fe149", "user_id": null, "api_id": "topic_api-get_vote_stat", "correlation_id": "2bd05b23-2690-48c4-befb-a896021fe149"}
{"timestamp": "2026-06-05 23:34:29,667", "level": "INFO", "logger_name": "core.api", "message": "API Response Completed: 200", "request_id": "2bd05b23-2690-48c4-befb-a896021fe149", "user_id": null, "api_id": "topic_api-get_vote_stat", "duration_ms": 2.73, "correlation_id": "2bd05b23-2690-48c4-befb-a896021fe149"}
{"timestamp": "2026-06-05 23:34:29,667", "level": "INFO", "logger_name": "django.server", "message": "\"GET /api/topics/6/vote/stat/ HTTP/1.1\" 200 97"}
{"timestamp": "2026-06-05 23:34:39,667", "level": "INFO", "logger_name": "core.api", "message": "API Request Started: GET /api/topics/6/vote/stat/", "request_id": "6ad3fafb-8a67-4892-ace7-acaecaecfaab", "user_id": null, "api_id": "topic_api-get_vote_stat", "correlation_id": "6ad3fafb-8a67-4892-ace7-acaecaecfaab"}
{"timestamp": "2026-06-05 23:34:39,670", "level": "INFO", "logger_name": "core.api", "message": "API Response Completed: 200", "request_id": "6ad3fafb-8a67-4892-ace7-acaecaecfaab", "user_id": null, "api_id": "topic_api-get_vote_stat", "duration_ms": 2.83, "correlation_id": "6ad3fafb-8a67-4892-ace7-acaecaecfaab"}
{"timestamp": "2026-06-05 23:34:39,671", "level": "INFO", "logger_name": "django.server", "message": "\"GET /api/topics/6/vote/stat/ HTTP/1.1\" 200 97"}
{"timestamp": "2026-06-05 23:34:49,656", "level": "INFO", "logger_name": "core.api", "message": "API Request Started: GET /api/topics/6/vote/stat/", "request_id": "63724fbb-148f-4607-8f07-7fccb9ff5e6a", "user_id": null, "api_id": "topic_api-get_vote_stat", "correlation_id": "63724fbb-148f-4607-8f07-7fccb9ff5e6a"}
{"timestamp": "2026-06-05 23:34:49,659", "level": "INFO", "logger_name": "core.api", "message": "API Response Completed: 200", "request_id": "63724fbb-148f-4607-8f07-7fccb9ff5e6a", "user_id": null, "api_id": "topic_api-get_vote_stat", "duration_ms": 2.26, "correlation_id": "63724fbb-148f-4607-8f07-7fccb9ff5e6a"}
{"timestamp": "2026-06-05 23:34:49,659", "level": "INFO", "logger_name": "django.server", "message": "\"GET /api/topics/6/vote/stat/ HTTP/1.1\" 200 97"}
{"timestamp": "2026-06-05 23:34:59,674", "level": "INFO", "logger_name": "core.api", "message": "API Request Started: GET /api/topics/6/vote/stat/", "request_id": "2d4c0da7-fb5e-43de-90ad-d30ac2264188", "user_id": null, "api_id": "topic_api-get_vote_stat", "correlation_id": "2d4c0da7-fb5e-43de-90ad-d30ac2264188"}
{"timestamp": "2026-06-05 23:34:59,676", "level": "INFO", "logger_name": "core.api", "message": "API Response Completed: 200", "request_id": "2d4c0da7-fb5e-43de-90ad-d30ac2264188", "user_id": null, "api_id": "topic_api-get_vote_stat", "duration_ms": 2.33, "correlation_id": "2d4c0da7-fb5e-43de-90ad-d30ac2264188"}
{"timestamp": "2026-06-05 23:34:59,676", "level": "INFO", "logger_name": "django.server", "message": "\"GET /api/topics/6/vote/stat/ HTTP/1.1\" 200 97"}
{"timestamp": "2026-06-05 23:35:09,657", "level": "INFO", "logger_name": "core.api", "message": "API Request Started: GET /api/topics/6/vote/stat/", "request_id": "11e8cf5d-7df8-45c3-894e-9b7ca071f10b", "user_id": null, "api_id": "topic_api-get_vote_stat", "correlation_id": "11e8cf5d-7df8-45c3-894e-9b7ca071f10b"}
{"timestamp": "2026-06-05 23:35:09,661", "level": "INFO", "logger_name": "core.api", "message": "API Response Completed: 200", "request_id": "11e8cf5d-7df8-45c3-894e-9b7ca071f10b", "user_id": null, "api_id": "topic_api-get_vote_stat", "duration_ms": 3.84, "correlation_id": "11e8cf5d-7df8-45c3-894e-9b7ca071f10b"}
{"timestamp": "2026-06-05 23:35:09,661", "level": "INFO", "logger_name": "django.server", "message": "\"GET /api/topics/6/vote/stat/ HTTP/1.1\" 200 97"}
{"timestamp": "2026-06-05 23:35:19,671", "level": "INFO", "logger_name": "core.api", "message": "API Request Started: GET /api/topics/6/vote/stat/", "request_id": "815072b5-5342-429a-9afc-e706de57acc9", "user_id": null, "api_id": "topic_api-get_vote_stat", "correlation_id": "815072b5-5342-429a-9afc-e706de57acc9"}
{"timestamp": "2026-06-05 23:35:19,674", "level": "INFO", "logger_name": "core.api", "message": "API Response Completed: 200", "request_id": "815072b5-5342-429a-9afc-e706de57acc9", "user_id": null, "api_id": "topic_api-get_vote_stat", "duration_ms": 3.23, "correlation_id": "815072b5-5342-429a-9afc-e706de57acc9"}
{"timestamp": "2026-06-05 23:35:19,675", "level": "INFO", "logger_name": "django.server", "message": "\"GET /api/topics/6/vote/stat/ HTTP/1.1\" 200 97"}
{"timestamp": "2026-06-05 23:35:29,697", "level": "INFO", "logger_name": "core.api", "message": "API Request Started: GET /api/topics/6/vote/stat/", "request_id": "ead9f358-21d6-4f2d-af33-365607fc99c8", "user_id": null, "api_id": "topic_api-get_vote_stat", "correlation_id": "ead9f358-21d6-4f2d-af33-365607fc99c8"}
{"timestamp": "2026-06-05 23:35:29,699", "level": "INFO", "logger_name": "core.api", "message": "API Response Completed: 200", "request_id": "ead9f358-21d6-4f2d-af33-365607fc99c8", "user_id": null, "api_id": "topic_api-get_vote_stat", "duration_ms": 2.39, "correlation_id": "ead9f358-21d6-4f2d-af33-365607fc99c8"}
{"timestamp": "2026-06-05 23:35:29,700", "level": "INFO", "logger_name": "django.server", "message": "\"GET /api/topics/6/vote/stat/ HTTP/1.1\" 200 97"}
{"timestamp": "2026-06-06 01:05:38,186", "level": "INFO", "logger_name": "core.api", "message": "API Request Started: GET /api/students/info", "request_id": "97c54202-e18b-4d7f-b922-0792d29fcfa3", "user_id": null, "api_id": "auth-view", "correlation_id": "97c54202-e18b-4d7f-b922-0792d29fcfa3"}
{"timestamp": "2026-06-06 01:05:38,186", "level": "INFO", "logger_name": "core.api.auth", "message": "=== [API CALL] GET /students/info ==="}
{"timestamp": "2026-06-06 01:05:38,191", "level": "INFO", "logger_name": "core.api", "message": "API Response Completed: 200", "request_id": "97c54202-e18b-4d7f-b922-0792d29fcfa3", "user_id": null, "api_id": "auth-view", "duration_ms": 5.31, "correlation_id": "97c54202-e18b-4d7f-b922-0792d29fcfa3"}
{"timestamp": "2026-06-06 01:05:38,191", "level": "INFO", "logger_name": "django.server", "message": "\"GET /api/students/info HTTP/1.1\" 200 256"}
{"timestamp": "2026-06-06 01:05:38,681", "level": "INFO", "logger_name": "core.api", "message": "API Request Started: GET /api/topics/active/", "request_id": "8a435b5b-ab63-4e1c-ade7-217ec665de6b", "user_id": null, "api_id": "topic_api-get_active_topic", "correlation_id": "8a435b5b-ab63-4e1c-ade7-217ec665de6b"}
{"timestamp": "2026-06-06 01:05:38,683", "level": "INFO", "logger_name": "core.api", "message": "API Response Completed: 200", "request_id": "8a435b5b-ab63-4e1c-ade7-217ec665de6b", "user_id": null, "api_id": "topic_api-get_active_topic", "duration_ms": 2.04, "correlation_id": "8a435b5b-ab63-4e1c-ade7-217ec665de6b"}
{"timestamp": "2026-06-06 01:05:38,686", "level": "INFO", "logger_name": "django.server", "message": "\"GET /api/topics/active/ HTTP/1.1\" 200 296"}
{"timestamp": "2026-06-06 01:05:38,738", "level": "INFO", "logger_name": "core.api", "message": "API Request Started: GET /api/topics/7/vote/stat/", "request_id": "37f32dbc-5b04-44a1-8843-bcbe58889fdc", "user_id": null, "api_id": "topic_api-get_vote_stat", "correlation_id": "37f32dbc-5b04-44a1-8843-bcbe58889fdc"}
{"timestamp": "2026-06-06 01:05:38,741", "level": "INFO", "logger_name": "core.api", "message": "API Response Completed: 200", "request_id": "37f32dbc-5b04-44a1-8843-bcbe58889fdc", "user_id": null, "api_id": "topic_api-get_vote_stat", "duration_ms": 2.6, "correlation_id": "37f32dbc-5b04-44a1-8843-bcbe58889fdc"}
{"timestamp": "2026-06-06 01:05:38,741", "level": "INFO", "logger_name": "django.server", "message": "\"GET /api/topics/7/vote/stat/ HTTP/1.1\" 200 97"}
{"timestamp": "2026-06-06 01:07:22,987", "level": "INFO", "logger_name": "core.api", "message": "API Request Started: GET /api/topics/", "request_id": "0b3f3e2e-90d2-4027-8070-1994ccbc2e76", "user_id": null, "api_id": "topic_api-get_topic_list", "correlation_id": "0b3f3e2e-90d2-4027-8070-1994ccbc2e76"}
{"timestamp": "2026-06-06 01:07:22,993", "level": "INFO", "logger_name": "core.api", "message": "API Response Completed: 200", "request_id": "0b3f3e2e-90d2-4027-8070-1994ccbc2e76", "user_id": null, "api_id": "topic_api-get_topic_list", "duration_ms": 5.85, "correlation_id": "0b3f3e2e-90d2-4027-8070-1994ccbc2e76"}
{"timestamp": "2026-06-06 01:07:22,994", "level": "INFO", "logger_name": "django.server", "message": "\"GET /api/topics/ HTTP/1.1\" 200 2133"}
{"timestamp": "2026-06-06 01:07:24,378", "level": "INFO", "logger_name": "core.api", "message": "API Request Started: GET /api/topics/7/comments/list/", "request_id": "af3d805b-f718-4928-9406-a8fd4149dc54", "user_id": null, "api_id": "topic_api-get_topic_comments", "correlation_id": "af3d805b-f718-4928-9406-a8fd4149dc54"}
{"timestamp": "2026-06-06 01:07:24,379", "level": "INFO", "logger_name": "core.api", "message": "API Request Started: GET /api/topics/7/comments/list/", "request_id": "5626947a-302a-42cb-a2ee-fdceddd77657", "user_id": null, "api_id": "topic_api-get_topic_comments", "correlation_id": "5626947a-302a-42cb-a2ee-fdceddd77657"}
{"timestamp": "2026-06-06 01:07:24,397", "level": "INFO", "logger_name": "core.api", "message": "API Response Completed: 200", "request_id": "af3d805b-f718-4928-9406-a8fd4149dc54", "user_id": null, "api_id": "topic_api-get_topic_comments", "duration_ms": 18.49, "correlation_id": "af3d805b-f718-4928-9406-a8fd4149dc54"}
{"timestamp": "2026-06-06 01:07:24,398", "level": "INFO", "logger_name": "core.api", "message": "API Response Completed: 200", "request_id": "5626947a-302a-42cb-a2ee-fdceddd77657", "user_id": null, "api_id": "topic_api-get_topic_comments", "duration_ms": 19.16, "correlation_id": "5626947a-302a-42cb-a2ee-fdceddd77657"}
{"timestamp": "2026-06-06 01:07:24,399", "level": "INFO", "logger_name": "django.server", "message": "\"GET /api/topics/7/comments/list/?opinion=false&sort=latest HTTP/1.1\" 200 5558"}
{"timestamp": "2026-06-06 01:07:24,399", "level": "INFO", "logger_name": "django.server", "message": "\"GET /api/topics/7/comments/list/?opinion=true&sort=latest HTTP/1.1\" 200 5345"}
{"timestamp": "2026-06-06 01:07:28,903", "level": "INFO", "logger_name": "core.api", "message": "API Request Started: GET /api/topics/7/comments/list/", "request_id": "8fb16051-6235-4638-8691-262da6b718bb", "user_id": null, "api_id": "topic_api-get_topic_comments", "correlation_id": "8fb16051-6235-4638-8691-262da6b718bb"}
{"timestamp": "2026-06-06 01:07:28,911", "level": "INFO", "logger_name": "core.api", "message": "API Response Completed: 200", "request_id": "8fb16051-6235-4638-8691-262da6b718bb", "user_id": null, "api_id": "topic_api-get_topic_comments", "duration_ms": 8.23, "correlation_id": "8fb16051-6235-4638-8691-262da6b718bb"}
{"timestamp": "2026-06-06 01:07:28,912", "level": "INFO", "logger_name": "django.server", "message": "\"GET /api/topics/7/comments/list/?opinion=true&sort=latest HTTP/1.1\" 200 5345"}
{"timestamp": "2026-06-06 01:07:34,023", "level": "INFO", "logger_name": "core.api", "message": "API Request Started: GET /api/topics/7/vote/stat/", "request_id": "c90e54a2-9e1a-4cdd-a85d-5fb4f8100813", "user_id": null, "api_id": "topic_api-get_vote_stat", "correlation_id": "c90e54a2-9e1a-4cdd-a85d-5fb4f8100813"}
{"timestamp": "2026-06-06 01:07:34,026", "level": "INFO", "logger_name": "core.api", "message": "API Response Completed: 200", "request_id": "c90e54a2-9e1a-4cdd-a85d-5fb4f8100813", "user_id": null, "api_id": "topic_api-get_vote_stat", "duration_ms": 2.28, "correlation_id": "c90e54a2-9e1a-4cdd-a85d-5fb4f8100813"}
{"timestamp": "2026-06-06 01:07:34,026", "level": "INFO", "logger_name": "django.server", "message": "\"GET /api/topics/7/vote/stat/ HTTP/1.1\" 200 97"}
{"timestamp": "2026-06-06 01:07:34,153", "level": "INFO", "logger_name": "core.api", "message": "API Request Started: POST /api/topics/7/comments/", "request_id": "c348a5ae-b2d2-41de-a0ec-9e18edd8531b", "user_id": null, "api_id": "topic_api-create_topic_comment", "correlation_id": "c348a5ae-b2d2-41de-a0ec-9e18edd8531b"}
{"timestamp": "2026-06-06 01:07:34,172", "level": "INFO", "logger_name": "core.api", "message": "API Response Completed: 201", "request_id": "c348a5ae-b2d2-41de-a0ec-9e18edd8531b", "user_id": null, "api_id": "topic_api-create_topic_comment", "duration_ms": 24.73, "correlation_id": "c348a5ae-b2d2-41de-a0ec-9e18edd8531b"}
{"timestamp": "2026-06-06 01:07:34,173", "level": "INFO", "logger_name": "django.server", "message": "\"POST /api/topics/7/comments/ HTTP/1.1\" 201 227"}
{"timestamp": "2026-06-06 01:07:44,015", "level": "INFO", "logger_name": "core.api", "message": "API Request Started: GET /api/topics/7/vote/stat/", "request_id": "30d15302-d622-4d77-812c-3afdaf95c5d5", "user_id": null, "api_id": "topic_api-get_vote_stat", "correlation_id": "30d15302-d622-4d77-812c-3afdaf95c5d5"}
{"timestamp": "2026-06-06 01:07:44,017", "level": "INFO", "logger_name": "core.api", "message": "API Response Completed: 200", "request_id": "30d15302-d622-4d77-812c-3afdaf95c5d5", "user_id": null, "api_id": "topic_api-get_vote_stat", "duration_ms": 2.22, "correlation_id": "30d15302-d622-4d77-812c-3afdaf95c5d5"}
{"timestamp": "2026-06-06 01:07:44,017", "level": "INFO", "logger_name": "django.server", "message": "\"GET /api/topics/7/vote/stat/ HTTP/1.1\" 200 97"}
{"timestamp": "2026-06-06 01:07:54,016", "level": "INFO", "logger_name": "core.api", "message": "API Request Started: GET /api/topics/7/vote/stat/", "request_id": "951d44e6-56d2-4815-9651-2bdcf26fe6c4", "user_id": null, "api_id": "topic_api-get_vote_stat", "correlation_id": "951d44e6-56d2-4815-9651-2bdcf26fe6c4"}
{"timestamp": "2026-06-06 01:07:54,020", "level": "INFO", "logger_name": "core.api", "message": "API Response Completed: 200", "request_id": "951d44e6-56d2-4815-9651-2bdcf26fe6c4", "user_id": null, "api_id": "topic_api-get_vote_stat", "duration_ms": 4.18, "correlation_id": "951d44e6-56d2-4815-9651-2bdcf26fe6c4"}
{"timestamp": "2026-06-06 01:07:54,021", "level": "INFO", "logger_name": "django.server", "message": "\"GET /api/topics/7/vote/stat/ HTTP/1.1\" 200 97"}
{"timestamp": "2026-06-06 20:26:31,229", "level": "INFO", "logger_name": "django.utils.autoreload", "message": "Watching for file changes with StatReloader"}
{"timestamp": "2026-06-06 20:33:48,543", "level": "INFO", "logger_name": "core.api", "message": "API Request Started: POST /api/students/login", "request_id": "9906008f-a672-40ef-a48f-e86ce7eea681", "user_id": null, "api_id": "login-view", "correlation_id": "9906008f-a672-40ef-a48f-e86ce7eea681"}
{"timestamp": "2026-06-06 20:33:48,543", "level": "INFO", "logger_name": "core.api.login", "message": "=== [API CALL] POST /students/login ==="}
{"timestamp": "2026-06-06 20:33:48,543", "level": "INFO", "logger_name": "core.api.login", "message": "Sending login request to e-Campus: https://cyber.gachon.ac.kr/login/index.php"}
{"timestamp": "2026-06-06 20:33:50,217", "level": "INFO", "logger_name": "core.api.login", "message": "e-Campus login successful for username: byou0070"}
{"timestamp": "2026-06-06 20:33:50,240", "level": "INFO", "logger_name": "core.api.login", "message": "Generated JWT tokens for returning student."}
{"timestamp": "2026-06-06 20:33:50,242", "level": "INFO", "logger_name": "core.api", "message": "API Response Completed: 200", "request_id": "9906008f-a672-40ef-a48f-e86ce7eea681", "user_id": null, "api_id": "login-view", "duration_ms": 1699.74, "correlation_id": "9906008f-a672-40ef-a48f-e86ce7eea681"}
{"timestamp": "2026-06-06 20:33:50,251", "level": "INFO", "logger_name": "django.server", "message": "\"POST /api/students/login HTTP/1.1\" 200 854"}
{"timestamp": "2026-06-06 20:33:50,767", "level": "INFO", "logger_name": "core.api", "message": "API Request Started: GET /api/topics/active/", "request_id": "dc974208-9a3c-4ad2-8d78-001a0b6a8424", "user_id": null, "api_id": "topic_api-get_active_topic", "correlation_id": "dc974208-9a3c-4ad2-8d78-001a0b6a8424"}
{"timestamp": "2026-06-06 20:33:50,772", "level": "INFO", "logger_name": "core.api", "message": "API Response Completed: 200", "request_id": "dc974208-9a3c-4ad2-8d78-001a0b6a8424", "user_id": null, "api_id": "topic_api-get_active_topic", "duration_ms": 5.49, "correlation_id": "dc974208-9a3c-4ad2-8d78-001a0b6a8424"}
{"timestamp": "2026-06-06 20:33:50,773", "level": "INFO", "logger_name": "django.server", "message": "\"GET /api/topics/active/ HTTP/1.1\" 200 296"}
{"timestamp": "2026-06-06 20:33:51,788", "level": "INFO", "logger_name": "core.api", "message": "API Request Started: GET /api/topics/7/vote/stat/", "request_id": "f4093d2c-c196-41a1-aa87-7ffe329a2d27", "user_id": null, "api_id": "topic_api-get_vote_stat", "correlation_id": "f4093d2c-c196-41a1-aa87-7ffe329a2d27"}
{"timestamp": "2026-06-06 20:33:51,792", "level": "INFO", "logger_name": "core.api", "message": "API Response Completed: 200", "request_id": "f4093d2c-c196-41a1-aa87-7ffe329a2d27", "user_id": null, "api_id": "topic_api-get_vote_stat", "duration_ms": 4.93, "correlation_id": "f4093d2c-c196-41a1-aa87-7ffe329a2d27"}
{"timestamp": "2026-06-06 20:33:51,793", "level": "INFO", "logger_name": "django.server", "message": "\"GET /api/topics/7/vote/stat/ HTTP/1.1\" 200 97"}
{"timestamp": "2026-06-06 20:34:00,945", "level": "INFO", "logger_name": "core.api", "message": "API Request Started: GET /api/scholarships/", "request_id": "b17ed5e7-4d49-42c7-98f6-084b8f5f778c", "user_id": null, "api_id": "scholarships-get_scholarships", "correlation_id": "b17ed5e7-4d49-42c7-98f6-084b8f5f778c"}
{"timestamp": "2026-06-06 20:34:00,949", "level": "INFO", "logger_name": "core.api", "message": "API Response Completed: 200", "request_id": "b17ed5e7-4d49-42c7-98f6-084b8f5f778c", "user_id": null, "api_id": "scholarships-get_scholarships", "duration_ms": 3.76, "correlation_id": "b17ed5e7-4d49-42c7-98f6-084b8f5f778c"}
{"timestamp": "2026-06-06 20:34:00,949", "level": "INFO", "logger_name": "django.server", "message": "\"GET /api/scholarships/?page=1&limit=20&gpa=2.0&income_bracket=8&awarded_last_semester=false HTTP/1.1\" 200 6282"}
{"timestamp": "2026-06-06 20:34:08,549", "level": "INFO", "logger_name": "core.api", "message": "API Request Started: GET /api/scholarships/", "request_id": "f731720d-7663-48f6-b250-bd5c0bd795c8", "user_id": null, "api_id": "scholarships-get_scholarships", "correlation_id": "f731720d-7663-48f6-b250-bd5c0bd795c8"}
{"timestamp": "2026-06-06 20:34:08,554", "level": "INFO", "logger_name": "core.api", "message": "API Response Completed: 200", "request_id": "f731720d-7663-48f6-b250-bd5c0bd795c8", "user_id": null, "api_id": "scholarships-get_scholarships", "duration_ms": 5.49, "correlation_id": "f731720d-7663-48f6-b250-bd5c0bd795c8"}
{"timestamp": "2026-06-06 20:34:08,555", "level": "INFO", "logger_name": "django.server", "message": "\"GET /api/scholarships/?page=1&limit=20&gpa=2.0&income_bracket=8&awarded_last_semester=false HTTP/1.1\" 200 6282"}
{"timestamp": "2026-06-06 20:34:24,247", "level": "INFO", "logger_name": "core.api", "message": "API Request Started: GET /api/scholarships/", "request_id": "a31977a0-cdd8-4d5e-9044-f732dd3dc733", "user_id": null, "api_id": "scholarships-get_scholarships", "correlation_id": "a31977a0-cdd8-4d5e-9044-f732dd3dc733"}
{"timestamp": "2026-06-06 20:34:24,250", "level": "INFO", "logger_name": "core.api", "message": "API Response Completed: 200", "request_id": "a31977a0-cdd8-4d5e-9044-f732dd3dc733", "user_id": null, "api_id": "scholarships-get_scholarships", "duration_ms": 3.03, "correlation_id": "a31977a0-cdd8-4d5e-9044-f732dd3dc733"}
{"timestamp": "2026-06-06 20:34:24,251", "level": "INFO", "logger_name": "django.server", "message": "\"GET /api/scholarships/?page=1&limit=20&gpa=2.0&income_bracket=2&awarded_last_semester=false HTTP/1.1\" 200 6282"}
{"timestamp": "2026-06-06 20:34:44,478", "level": "INFO", "logger_name": "core.api", "message": "API Request Started: GET /api/scholarships/", "request_id": "b1112b39-d9e7-48c8-93c6-f437535b2e73", "user_id": null, "api_id": "scholarships-get_scholarships", "correlation_id": "b1112b39-d9e7-48c8-93c6-f437535b2e73"}
{"timestamp": "2026-06-06 20:34:44,481", "level": "INFO", "logger_name": "core.api", "message": "API Response Completed: 200", "request_id": "b1112b39-d9e7-48c8-93c6-f437535b2e73", "user_id": null, "api_id": "scholarships-get_scholarships", "duration_ms": 2.8, "correlation_id": "b1112b39-d9e7-48c8-93c6-f437535b2e73"}
{"timestamp": "2026-06-06 20:34:44,481", "level": "INFO", "logger_name": "django.server", "message": "\"GET /api/scholarships/?page=2&limit=20&gpa=2.0&income_bracket=2&awarded_last_semester=false HTTP/1.1\" 200 1980"}
{"timestamp": "2026-06-06 20:35:44,328", "level": "INFO", "logger_name": "django.utils.autoreload", "message": "D:\\project\\AlphaKit\\back-end\\core\\api\\rooms.py changed, reloading."}
{"timestamp": "2026-06-06 20:35:45,126", "level": "INFO", "logger_name": "django.utils.autoreload", "message": "Watching for file changes with StatReloader"}
{"timestamp": "2026-06-06 20:36:03,788", "level": "INFO", "logger_name": "core.api", "message": "API Request Started: GET /api/rooms/reservations/", "request_id": "044c1b92-b826-4803-b65e-7a245195d934", "user_id": null, "api_id": "rooms-get_my_reservations", "correlation_id": "044c1b92-b826-4803-b65e-7a245195d934"}
{"timestamp": "2026-06-06 20:36:03,801", "level": "INFO", "logger_name": "core.api", "message": "API Response Completed: 200", "request_id": "044c1b92-b826-4803-b65e-7a245195d934", "user_id": null, "api_id": "rooms-get_my_reservations", "duration_ms": 12.78, "correlation_id": "044c1b92-b826-4803-b65e-7a245195d934"}
{"timestamp": "2026-06-06 20:36:03,804", "level": "INFO", "logger_name": "django.server", "message": "\"GET /api/rooms/reservations/ HTTP/1.1\" 200 435"}
{"timestamp": "2026-06-06 20:36:04,798", "level": "INFO", "logger_name": "core.api", "message": "API Request Started: POST /api/rooms/recommend/", "request_id": "51ba9304-ff2d-4834-8239-2676c8e10af2", "user_id": null, "api_id": "rooms-recommend_study_rooms", "correlation_id": "51ba9304-ff2d-4834-8239-2676c8e10af2"}
{"timestamp": "2026-06-06 20:36:04,799", "level": "INFO", "logger_name": "core.api", "message": "API Request Started: DELETE /api/rooms/reservations/118/", "request_id": "9425341b-eb9c-45cc-818a-d04c6d6f2f25", "user_id": null, "api_id": "rooms-cancel_reservation", "correlation_id": "9425341b-eb9c-45cc-818a-d04c6d6f2f25"}
{"timestamp": "2026-06-06 20:36:04,800", "level": "INFO", "logger_name": "core.api", "message": "API Request Started: DELETE /api/rooms/reservations/117/", "request_id": "6eaec70d-c45f-44bb-9542-930db5288af8", "user_id": null, "api_id": "rooms-cancel_reservation", "correlation_id": "6eaec70d-c45f-44bb-9542-930db5288af8"}
{"timestamp": "2026-06-06 20:36:04,805", "level": "INFO", "logger_name": "core.api", "message": "API Response Completed: 200", "request_id": "51ba9304-ff2d-4834-8239-2676c8e10af2", "user_id": null, "api_id": "rooms-recommend_study_rooms", "duration_ms": 7.09, "correlation_id": "51ba9304-ff2d-4834-8239-2676c8e10af2"}
{"timestamp": "2026-06-06 20:36:04,808", "level": "INFO", "logger_name": "django.server", "message": "\"POST /api/rooms/recommend/ HTTP/1.1\" 200 3819"}
{"timestamp": "2026-06-06 20:36:04,824", "level": "INFO", "logger_name": "core.api", "message": "API Response Completed: 200", "request_id": "6eaec70d-c45f-44bb-9542-930db5288af8", "user_id": null, "api_id": "rooms-cancel_reservation", "duration_ms": 24.51, "correlation_id": "6eaec70d-c45f-44bb-9542-930db5288af8"}
{"timestamp": "2026-06-06 20:36:04,825", "level": "INFO", "logger_name": "django.server", "message": "\"DELETE /api/rooms/reservations/117/ HTTP/1.1\" 200 98"}
{"timestamp": "2026-06-06 20:36:04,832", "level": "INFO", "logger_name": "core.api", "message": "API Response Completed: 200", "request_id": "9425341b-eb9c-45cc-818a-d04c6d6f2f25", "user_id": null, "api_id": "rooms-cancel_reservation", "duration_ms": 32.69, "correlation_id": "9425341b-eb9c-45cc-818a-d04c6d6f2f25"}
{"timestamp": "2026-06-06 20:36:04,832", "level": "INFO", "logger_name": "django.server", "message": "\"DELETE /api/rooms/reservations/118/ HTTP/1.1\" 200 98"}
{"timestamp": "2026-06-06 20:36:06,829", "level": "INFO", "logger_name": "core.api", "message": "API Request Started: POST /api/rooms/recommend/", "request_id": "84809e18-5edb-415b-955a-58c98f6dfb94", "user_id": null, "api_id": "rooms-recommend_study_rooms", "correlation_id": "84809e18-5edb-415b-955a-58c98f6dfb94"}
{"timestamp": "2026-06-06 20:36:06,832", "level": "INFO", "logger_name": "core.api", "message": "API Response Completed: 200", "request_id": "84809e18-5edb-415b-955a-58c98f6dfb94", "user_id": null, "api_id": "rooms-recommend_study_rooms", "duration_ms": 3.38, "correlation_id": "84809e18-5edb-415b-955a-58c98f6dfb94"}
{"timestamp": "2026-06-06 20:36:06,832", "level": "INFO", "logger_name": "django.server", "message": "\"POST /api/rooms/recommend/ HTTP/1.1\" 200 3843"}
{"timestamp": "2026-06-06 20:36:08,844", "level": "INFO", "logger_name": "core.api", "message": "API Request Started: POST /api/rooms/recommend/", "request_id": "1bf7f352-9647-4935-a430-aa912c266f2d", "user_id": null, "api_id": "rooms-recommend_study_rooms", "correlation_id": "1bf7f352-9647-4935-a430-aa912c266f2d"}
{"timestamp": "2026-06-06 20:36:08,847", "level": "INFO", "logger_name": "core.api", "message": "API Response Completed: 200", "request_id": "1bf7f352-9647-4935-a430-aa912c266f2d", "user_id": null, "api_id": "rooms-recommend_study_rooms", "duration_ms": 3.17, "correlation_id": "1bf7f352-9647-4935-a430-aa912c266f2d"}
{"timestamp": "2026-06-06 20:36:08,848", "level": "INFO", "logger_name": "django.server", "message": "\"POST /api/rooms/recommend/ HTTP/1.1\" 200 3985"}
{"timestamp": "2026-06-06 20:36:10,859", "level": "INFO", "logger_name": "core.api", "message": "API Request Started: POST /api/rooms/recommend/", "request_id": "d4fb46c2-0b4f-49ce-8c59-445686770c3b", "user_id": null, "api_id": "rooms-recommend_study_rooms", "correlation_id": "d4fb46c2-0b4f-49ce-8c59-445686770c3b"}
{"timestamp": "2026-06-06 20:36:10,862", "level": "INFO", "logger_name": "core.api", "message": "API Response Completed: 200", "request_id": "d4fb46c2-0b4f-49ce-8c59-445686770c3b", "user_id": null, "api_id": "rooms-recommend_study_rooms", "duration_ms": 3.44, "correlation_id": "d4fb46c2-0b4f-49ce-8c59-445686770c3b"}
{"timestamp": "2026-06-06 20:36:10,863", "level": "INFO", "logger_name": "django.server", "message": "\"POST /api/rooms/recommend/ HTTP/1.1\" 200 4062"}
{"timestamp": "2026-06-06 20:36:12,877", "level": "INFO", "logger_name": "core.api", "message": "API Request Started: POST /api/rooms/recommend/", "request_id": "ebb50214-79a4-4e76-80e8-e32f0e43da7a", "user_id": null, "api_id": "rooms-recommend_study_rooms", "correlation_id": "ebb50214-79a4-4e76-80e8-e32f0e43da7a"}
{"timestamp": "2026-06-06 20:36:12,880", "level": "INFO", "logger_name": "core.api", "message": "API Response Completed: 200", "request_id": "ebb50214-79a4-4e76-80e8-e32f0e43da7a", "user_id": null, "api_id": "rooms-recommend_study_rooms", "duration_ms": 3.02, "correlation_id": "ebb50214-79a4-4e76-80e8-e32f0e43da7a"}
{"timestamp": "2026-06-06 20:36:12,880", "level": "INFO", "logger_name": "django.server", "message": "\"POST /api/rooms/recommend/ HTTP/1.1\" 200 4221"}
{"timestamp": "2026-06-06 20:36:17,564", "level": "INFO", "logger_name": "core.api", "message": "API Request Started: POST /api/rooms/recommend/", "request_id": "c8a5abdf-0cd8-4301-8373-c8e649dd416a", "user_id": null, "api_id": "rooms-recommend_study_rooms", "correlation_id": "c8a5abdf-0cd8-4301-8373-c8e649dd416a"}
{"timestamp": "2026-06-06 20:36:17,567", "level": "INFO", "logger_name": "core.api", "message": "API Response Completed: 200", "request_id": "c8a5abdf-0cd8-4301-8373-c8e649dd416a", "user_id": null, "api_id": "rooms-recommend_study_rooms", "duration_ms": 2.84, "correlation_id": "c8a5abdf-0cd8-4301-8373-c8e649dd416a"}
{"timestamp": "2026-06-06 20:36:17,568", "level": "INFO", "logger_name": "django.server", "message": "\"POST /api/rooms/recommend/ HTTP/1.1\" 200 3870"}
{"timestamp": "2026-06-06 20:36:28,113", "level": "INFO", "logger_name": "core.api", "message": "API Request Started: POST /api/rooms/recommend/", "request_id": "d4d76c66-5170-4f7b-971d-ecb3c98f4c6d", "user_id": null, "api_id": "rooms-recommend_study_rooms", "correlation_id": "d4d76c66-5170-4f7b-971d-ecb3c98f4c6d"}
{"timestamp": "2026-06-06 20:36:28,117", "level": "INFO", "logger_name": "core.api", "message": "API Response Completed: 200", "request_id": "d4d76c66-5170-4f7b-971d-ecb3c98f4c6d", "user_id": null, "api_id": "rooms-recommend_study_rooms", "duration_ms": 3.86, "correlation_id": "d4d76c66-5170-4f7b-971d-ecb3c98f4c6d"}
{"timestamp": "2026-06-06 20:36:28,118", "level": "INFO", "logger_name": "django.server", "message": "\"POST /api/rooms/recommend/ HTTP/1.1\" 200 1042"}
{"timestamp": "2026-06-06 20:36:37,260", "level": "INFO", "logger_name": "core.api", "message": "API Request Started: GET /api/topics/7/comments/list/", "request_id": "38a85aab-5e88-46dc-ab04-e8542599b90d", "user_id": null, "api_id": "topic_api-get_topic_comments", "correlation_id": "38a85aab-5e88-46dc-ab04-e8542599b90d"}
{"timestamp": "2026-06-06 20:36:37,260", "level": "INFO", "logger_name": "core.api", "message": "API Request Started: GET /api/topics/7/comments/list/", "request_id": "853014f6-1dcb-45e5-aeae-4f478f7a3f9f", "user_id": null, "api_id": "topic_api-get_topic_comments", "correlation_id": "853014f6-1dcb-45e5-aeae-4f478f7a3f9f"}
{"timestamp": "2026-06-06 20:36:37,278", "level": "INFO", "logger_name": "core.api", "message": "API Response Completed: 200", "request_id": "38a85aab-5e88-46dc-ab04-e8542599b90d", "user_id": null, "api_id": "topic_api-get_topic_comments", "duration_ms": 18.89, "correlation_id": "38a85aab-5e88-46dc-ab04-e8542599b90d"}
{"timestamp": "2026-06-06 20:36:37,279", "level": "INFO", "logger_name": "core.api", "message": "API Response Completed: 200", "request_id": "853014f6-1dcb-45e5-aeae-4f478f7a3f9f", "user_id": null, "api_id": "topic_api-get_topic_comments", "duration_ms": 18.67, "correlation_id": "853014f6-1dcb-45e5-aeae-4f478f7a3f9f"}
{"timestamp": "2026-06-06 20:36:37,280", "level": "INFO", "logger_name": "django.server", "message": "\"GET /api/topics/7/comments/list/?opinion=true&sort=latest HTTP/1.1\" 200 5271"}
{"timestamp": "2026-06-06 20:36:37,280", "level": "INFO", "logger_name": "django.server", "message": "\"GET /api/topics/7/comments/list/?opinion=false&sort=latest HTTP/1.1\" 200 5558"}
{"timestamp": "2026-06-06 20:36:46,883", "level": "INFO", "logger_name": "core.api", "message": "API Request Started: GET /api/topics/7/vote/stat/", "request_id": "4cfc2051-3a4c-4ec8-96d7-3d00a439c9a3", "user_id": null, "api_id": "topic_api-get_vote_stat", "correlation_id": "4cfc2051-3a4c-4ec8-96d7-3d00a439c9a3"}
{"timestamp": "2026-06-06 20:36:46,886", "level": "INFO", "logger_name": "core.api", "message": "API Response Completed: 200", "request_id": "4cfc2051-3a4c-4ec8-96d7-3d00a439c9a3", "user_id": null, "api_id": "topic_api-get_vote_stat", "duration_ms": 3.02, "correlation_id": "4cfc2051-3a4c-4ec8-96d7-3d00a439c9a3"}
{"timestamp": "2026-06-06 20:36:46,887", "level": "INFO", "logger_name": "django.server", "message": "\"GET /api/topics/7/vote/stat/ HTTP/1.1\" 200 97"}
{"timestamp": "2026-06-06 20:36:56,011", "level": "INFO", "logger_name": "core.api", "message": "API Request Started: POST /api/topics/7/comments/", "request_id": "d7078fbc-8546-4d14-915d-489bf36fd084", "user_id": null, "api_id": "topic_api-create_topic_comment", "correlation_id": "d7078fbc-8546-4d14-915d-489bf36fd084"}
{"timestamp": "2026-06-06 20:36:56,033", "level": "INFO", "logger_name": "core.api", "message": "API Response Completed: 201", "request_id": "d7078fbc-8546-4d14-915d-489bf36fd084", "user_id": null, "api_id": "topic_api-create_topic_comment", "duration_ms": 23.27, "correlation_id": "d7078fbc-8546-4d14-915d-489bf36fd084"}
{"timestamp": "2026-06-06 20:36:56,034", "level": "INFO", "logger_name": "django.server", "message": "\"POST /api/topics/7/comments/ HTTP/1.1\" 201 264"}
{"timestamp": "2026-06-06 20:36:57,019", "level": "INFO", "logger_name": "core.api", "message": "API Request Started: GET /api/topics/7/vote/stat/", "request_id": "f32e7be0-e74f-4e59-92b6-b6560b895fb6", "user_id": null, "api_id": "topic_api-get_vote_stat", "correlation_id": "f32e7be0-e74f-4e59-92b6-b6560b895fb6"}
{"timestamp": "2026-06-06 20:36:57,022", "level": "INFO", "logger_name": "core.api", "message": "API Response Completed: 200", "request_id": "f32e7be0-e74f-4e59-92b6-b6560b895fb6", "user_id": null, "api_id": "topic_api-get_vote_stat", "duration_ms": 2.88, "correlation_id": "f32e7be0-e74f-4e59-92b6-b6560b895fb6"}
{"timestamp": "2026-06-06 20:36:57,022", "level": "INFO", "logger_name": "django.server", "message": "\"GET /api/topics/7/vote/stat/ HTTP/1.1\" 200 97"}
{"timestamp": "2026-06-06 20:36:59,046", "level": "INFO", "logger_name": "core.api", "message": "API Request Started: DELETE /api/topics/comments/1958/", "request_id": "844ee5e1-5681-401c-bc39-25340bd10b5f", "user_id": null, "api_id": "topic_api-manage_topic_comment", "correlation_id": "844ee5e1-5681-401c-bc39-25340bd10b5f"}
{"timestamp": "2026-06-06 20:36:59,066", "level": "INFO", "logger_name": "core.api", "message": "API Response Completed: 200", "request_id": "844ee5e1-5681-401c-bc39-25340bd10b5f", "user_id": null, "api_id": "topic_api-manage_topic_comment", "duration_ms": 20.53, "correlation_id": "844ee5e1-5681-401c-bc39-25340bd10b5f"}
{"timestamp": "2026-06-06 20:36:59,067", "level": "INFO", "logger_name": "django.server", "message": "\"DELETE /api/topics/comments/1958/ HTTP/1.1\" 200 68"}
{"timestamp": "2026-06-06 20:37:07,156", "level": "INFO", "logger_name": "core.api", "message": "API Request Started: GET /api/topics/7/vote/stat/", "request_id": "f17a2844-cdbf-4487-91f3-a17ee0397f9e", "user_id": null, "api_id": "topic_api-get_vote_stat", "correlation_id": "f17a2844-cdbf-4487-91f3-a17ee0397f9e"}
{"timestamp": "2026-06-06 20:37:07,160", "level": "INFO", "logger_name": "core.api", "message": "API Response Completed: 200", "request_id": "f17a2844-cdbf-4487-91f3-a17ee0397f9e", "user_id": null, "api_id": "topic_api-get_vote_stat", "duration_ms": 3.35, "correlation_id": "f17a2844-cdbf-4487-91f3-a17ee0397f9e"}
{"timestamp": "2026-06-06 20:37:07,160", "level": "INFO", "logger_name": "django.server", "message": "\"GET /api/topics/7/vote/stat/ HTTP/1.1\" 200 97"}
{"timestamp": "2026-06-06 20:37:16,770", "level": "INFO", "logger_name": "core.api", "message": "API Request Started: GET /api/topics/7/vote/stat/", "request_id": "8127daf7-c3cc-4e78-8d56-bfed44f1879b", "user_id": null, "api_id": "topic_api-get_vote_stat", "correlation_id": "8127daf7-c3cc-4e78-8d56-bfed44f1879b"}
{"timestamp": "2026-06-06 20:37:16,774", "level": "INFO", "logger_name": "core.api", "message": "API Response Completed: 200", "request_id": "8127daf7-c3cc-4e78-8d56-bfed44f1879b", "user_id": null, "api_id": "topic_api-get_vote_stat", "duration_ms": 3.5, "correlation_id": "8127daf7-c3cc-4e78-8d56-bfed44f1879b"}
{"timestamp": "2026-06-06 20:37:16,774", "level": "INFO", "logger_name": "django.server", "message": "\"GET /api/topics/7/vote/stat/ HTTP/1.1\" 200 97"}
{"timestamp": "2026-06-08 13:39:34,087", "level": "INFO", "logger_name": "django.utils.autoreload", "message": "Watching for file changes with StatReloader"}
{"timestamp": "2026-06-08 13:40:07,957", "level": "INFO", "logger_name": "core.api", "message": "API Request Started: POST /api/students/login", "request_id": "340a649d-3585-4bd2-b97a-c4516fd19fab", "user_id": null, "api_id": "login-view", "correlation_id": "340a649d-3585-4bd2-b97a-c4516fd19fab"}
{"timestamp": "2026-06-08 13:40:07,958", "level": "INFO", "logger_name": "core.api.login", "message": "=== [API CALL] POST /students/login ==="}
{"timestamp": "2026-06-08 13:40:07,958", "level": "INFO", "logger_name": "core.api.login", "message": "Sending login request to e-Campus: https://cyber.gachon.ac.kr/login/index.php"}
{"timestamp": "2026-06-08 13:40:09,665", "level": "INFO", "logger_name": "core.api.login", "message": "e-Campus login successful for username: byou0070"}
{"timestamp": "2026-06-08 13:40:09,685", "level": "INFO", "logger_name": "core.api.login", "message": "Generated JWT tokens for returning student."}
{"timestamp": "2026-06-08 13:40:09,687", "level": "INFO", "logger_name": "core.api", "message": "API Response Completed: 200", "request_id": "340a649d-3585-4bd2-b97a-c4516fd19fab", "user_id": null, "api_id": "login-view", "duration_ms": 1729.66, "correlation_id": "340a649d-3585-4bd2-b97a-c4516fd19fab"}
{"timestamp": "2026-06-08 13:40:09,695", "level": "INFO", "logger_name": "django.server", "message": "\"POST /api/students/login HTTP/1.1\" 200 854"}
{"timestamp": "2026-06-08 13:40:09,972", "level": "INFO", "logger_name": "core.api", "message": "API Request Started: GET /api/topics/active/", "request_id": "aab874cc-0ea1-458b-a68f-207e43f7e761", "user_id": null, "api_id": "topic_api-get_active_topic", "correlation_id": "aab874cc-0ea1-458b-a68f-207e43f7e761"}
{"timestamp": "2026-06-08 13:40:09,977", "level": "INFO", "logger_name": "core.api", "message": "API Response Completed: 200", "request_id": "aab874cc-0ea1-458b-a68f-207e43f7e761", "user_id": null, "api_id": "topic_api-get_active_topic", "duration_ms": 4.73, "correlation_id": "aab874cc-0ea1-458b-a68f-207e43f7e761"}
{"timestamp": "2026-06-08 13:40:09,977", "level": "INFO", "logger_name": "django.server", "message": "\"GET /api/topics/active/ HTTP/1.1\" 200 328"}
{"timestamp": "2026-06-08 13:40:10,003", "level": "INFO", "logger_name": "core.api", "message": "API Request Started: GET /api/topics/9/vote/stat/", "request_id": "1ca422ae-89c8-46f1-8993-5b3be0da7c70", "user_id": null, "api_id": "topic_api-get_vote_stat", "correlation_id": "1ca422ae-89c8-46f1-8993-5b3be0da7c70"}
{"timestamp": "2026-06-08 13:40:10,006", "level": "INFO", "logger_name": "core.api", "message": "API Response Completed: 200", "request_id": "1ca422ae-89c8-46f1-8993-5b3be0da7c70", "user_id": null, "api_id": "topic_api-get_vote_stat", "duration_ms": 2.92, "correlation_id": "1ca422ae-89c8-46f1-8993-5b3be0da7c70"}
{"timestamp": "2026-06-08 13:40:10,006", "level": "INFO", "logger_name": "django.server", "message": "\"GET /api/topics/9/vote/stat/ HTTP/1.1\" 200 97"}
{"timestamp": "2026-06-08 13:40:39,108", "level": "INFO", "logger_name": "django.utils.autoreload", "message": "Watching for file changes with StatReloader"}
{"timestamp": "2026-06-08 13:41:57,496", "level": "INFO", "logger_name": "core.api", "message": "API Request Started: POST /api/students/login", "request_id": "2de35a0a-7cb0-493f-a3a9-76996b67b23f", "user_id": null, "api_id": "login-view", "correlation_id": "2de35a0a-7cb0-493f-a3a9-76996b67b23f"}
{"timestamp": "2026-06-08 13:41:57,496", "level": "INFO", "logger_name": "core.api.login", "message": "=== [API CALL] POST /students/login ==="}
{"timestamp": "2026-06-08 13:41:57,496", "level": "INFO", "logger_name": "core.api.login", "message": "Sending login request to e-Campus: https://cyber.gachon.ac.kr/login/index.php"}
{"timestamp": "2026-06-08 13:41:59,260", "level": "INFO", "logger_name": "core.api.login", "message": "e-Campus login successful for username: byou0070"}
{"timestamp": "2026-06-08 13:41:59,281", "level": "INFO", "logger_name": "core.api.login", "message": "Generated JWT tokens for returning student."}
{"timestamp": "2026-06-08 13:41:59,282", "level": "INFO", "logger_name": "core.api", "message": "API Response Completed: 200", "request_id": "2de35a0a-7cb0-493f-a3a9-76996b67b23f", "user_id": null, "api_id": "login-view", "duration_ms": 1786.97, "correlation_id": "2de35a0a-7cb0-493f-a3a9-76996b67b23f"}
{"timestamp": "2026-06-08 13:41:59,284", "level": "INFO", "logger_name": "django.server", "message": "\"POST /api/students/login HTTP/1.1\" 200 854"}
{"timestamp": "2026-06-08 13:41:59,844", "level": "INFO", "logger_name": "core.api", "message": "API Request Started: GET /api/topics/active/", "request_id": "539f9e71-27f3-4f3c-882e-9b851ca60d45", "user_id": null, "api_id": "topic_api-get_active_topic", "correlation_id": "539f9e71-27f3-4f3c-882e-9b851ca60d45"}
{"timestamp": "2026-06-08 13:41:59,857", "level": "INFO", "logger_name": "core.api", "message": "API Response Completed: 200", "request_id": "539f9e71-27f3-4f3c-882e-9b851ca60d45", "user_id": null, "api_id": "topic_api-get_active_topic", "duration_ms": 13.08, "correlation_id": "539f9e71-27f3-4f3c-882e-9b851ca60d45"}
{"timestamp": "2026-06-08 13:41:59,857", "level": "INFO", "logger_name": "django.server", "message": "\"GET /api/topics/active/ HTTP/1.1\" 200 328"}
{"timestamp": "2026-06-08 13:42:00,830", "level": "INFO", "logger_name": "core.api", "message": "API Request Started: GET /api/topics/9/vote/stat/", "request_id": "75cfd496-0ebf-45b5-ae07-75bcee1f6b5f", "user_id": null, "api_id": "topic_api-get_vote_stat", "correlation_id": "75cfd496-0ebf-45b5-ae07-75bcee1f6b5f"}
{"timestamp": "2026-06-08 13:42:00,840", "level": "INFO", "logger_name": "core.api", "message": "API Response Completed: 200", "request_id": "75cfd496-0ebf-45b5-ae07-75bcee1f6b5f", "user_id": null, "api_id": "topic_api-get_vote_stat", "duration_ms": 10.97, "correlation_id": "75cfd496-0ebf-45b5-ae07-75bcee1f6b5f"}
{"timestamp": "2026-06-08 13:42:00,841", "level": "INFO", "logger_name": "django.server", "message": "\"GET /api/topics/9/vote/stat/ HTTP/1.1\" 200 97"}
{"timestamp": "2026-06-11 01:04:19,592", "level": "INFO", "logger_name": "django.utils.autoreload", "message": "Watching for file changes with StatReloader"}
{"timestamp": "2026-06-11 01:10:22,188", "level": "INFO", "logger_name": "core.api", "message": "API Request Started: GET /api/students/info", "request_id": "d213d034-99e3-43f8-97ae-28c5d8d09d15", "user_id": null, "api_id": "auth-view", "correlation_id": "d213d034-99e3-43f8-97ae-28c5d8d09d15"}
{"timestamp": "2026-06-11 01:10:22,189", "level": "INFO", "logger_name": "core.api.auth", "message": "=== [API CALL] GET /students/info ==="}
{"timestamp": "2026-06-11 01:10:22,216", "level": "WARNING", "logger_name": "core.api", "message": "API Client Error Response: 401", "request_id": "d213d034-99e3-43f8-97ae-28c5d8d09d15", "user_id": null, "api_id": "auth-view", "duration_ms": 27.95, "correlation_id": "d213d034-99e3-43f8-97ae-28c5d8d09d15"}
{"timestamp": "2026-06-11 01:10:22,226", "level": "WARNING", "logger_name": "django.request", "message": "Unauthorized: /api/students/info"}
{"timestamp": "2026-06-11 01:10:22,228", "level": "WARNING", "logger_name": "django.server", "message": "\"GET /api/students/info HTTP/1.1\" 401 67"}
{"timestamp": "2026-06-11 01:12:14,227", "level": "INFO", "logger_name": "core.api", "message": "API Request Started: POST /api/students/login", "request_id": "c7c8c3ac-b5ca-4d81-8bd5-6a0f5c2002ff", "user_id": null, "api_id": "login-view", "correlation_id": "c7c8c3ac-b5ca-4d81-8bd5-6a0f5c2002ff"}
{"timestamp": "2026-06-11 01:12:14,228", "level": "INFO", "logger_name": "core.api.login", "message": "=== [API CALL] POST /students/login ==="}
{"timestamp": "2026-06-11 01:12:14,228", "level": "INFO", "logger_name": "core.api.login", "message": "Sending login request to e-Campus: https://cyber.gachon.ac.kr/login/index.php"}
{"timestamp": "2026-06-11 01:12:15,231", "level": "WARNING", "logger_name": "core.api.login", "message": "e-Campus login failed for username: byou0070 (Invalid credentials)"}
{"timestamp": "2026-06-11 01:12:15,233", "level": "WARNING", "logger_name": "core.api", "message": "API Client Error Response: 401", "request_id": "c7c8c3ac-b5ca-4d81-8bd5-6a0f5c2002ff", "user_id": null, "api_id": "login-view", "duration_ms": 1005.67, "correlation_id": "c7c8c3ac-b5ca-4d81-8bd5-6a0f5c2002ff"}
{"timestamp": "2026-06-11 01:12:15,233", "level": "WARNING", "logger_name": "django.request", "message": "Unauthorized: /api/students/login"}
{"timestamp": "2026-06-11 01:12:15,233", "level": "WARNING", "logger_name": "django.server", "message": "\"POST /api/students/login HTTP/1.1\" 401 126"}
{"timestamp": "2026-06-11 01:12:25,345", "level": "INFO", "logger_name": "core.api", "message": "API Request Started: POST /api/students/login", "request_id": "8c2a1738-0a2f-44c7-8161-c560c576fa3b", "user_id": null, "api_id": "login-view", "correlation_id": "8c2a1738-0a2f-44c7-8161-c560c576fa3b"}
{"timestamp": "2026-06-11 01:12:25,346", "level": "INFO", "logger_name": "core.api.login", "message": "=== [API CALL] POST /students/login ==="}
{"timestamp": "2026-06-11 01:12:25,346", "level": "INFO", "logger_name": "core.api.login", "message": "Sending login request to e-Campus: https://cyber.gachon.ac.kr/login/index.php"}
{"timestamp": "2026-06-11 01:12:26,970", "level": "INFO", "logger_name": "core.api.login", "message": "e-Campus login successful for username: byou0070"}
{"timestamp": "2026-06-11 01:12:26,973", "level": "INFO", "logger_name": "core.api.login", "message": "Generated JWT tokens for returning student."}
{"timestamp": "2026-06-11 01:12:26,974", "level": "INFO", "logger_name": "core.api", "message": "API Response Completed: 200", "request_id": "8c2a1738-0a2f-44c7-8161-c560c576fa3b", "user_id": null, "api_id": "login-view", "duration_ms": 1628.93, "correlation_id": "8c2a1738-0a2f-44c7-8161-c560c576fa3b"}
{"timestamp": "2026-06-11 01:12:26,974", "level": "INFO", "logger_name": "django.server", "message": "\"POST /api/students/login HTTP/1.1\" 200 854"}
{"timestamp": "2026-06-11 01:12:27,494", "level": "INFO", "logger_name": "core.api", "message": "API Request Started: GET /api/topics/active/", "request_id": "3f2eff22-f54e-460b-9142-5df7d96b7767", "user_id": null, "api_id": "topic_api-get_active_topic", "correlation_id": "3f2eff22-f54e-460b-9142-5df7d96b7767"}
{"timestamp": "2026-06-11 01:12:27,496", "level": "INFO", "logger_name": "core.api", "message": "API Response Completed: 200", "request_id": "3f2eff22-f54e-460b-9142-5df7d96b7767", "user_id": null, "api_id": "topic_api-get_active_topic", "duration_ms": 2.95, "correlation_id": "3f2eff22-f54e-460b-9142-5df7d96b7767"}
{"timestamp": "2026-06-11 01:12:27,497", "level": "INFO", "logger_name": "django.server", "message": "\"GET /api/topics/active/ HTTP/1.1\" 200 295"}
{"timestamp": "2026-06-11 01:12:28,504", "level": "INFO", "logger_name": "core.api", "message": "API Request Started: GET /api/topics/12/vote/stat/", "request_id": "ea021d8f-44cd-45ff-b1e0-0ec1e4fc675e", "user_id": null, "api_id": "topic_api-get_vote_stat", "correlation_id": "ea021d8f-44cd-45ff-b1e0-0ec1e4fc675e"}
{"timestamp": "2026-06-11 01:12:28,507", "level": "INFO", "logger_name": "core.api", "message": "API Response Completed: 200", "request_id": "ea021d8f-44cd-45ff-b1e0-0ec1e4fc675e", "user_id": null, "api_id": "topic_api-get_vote_stat", "duration_ms": 2.9, "correlation_id": "ea021d8f-44cd-45ff-b1e0-0ec1e4fc675e"}
{"timestamp": "2026-06-11 01:12:28,507", "level": "INFO", "logger_name": "django.server", "message": "\"GET /api/topics/12/vote/stat/ HTTP/1.1\" 200 93"}
{"timestamp": "2026-06-11 01:12:31,031", "level": "INFO", "logger_name": "core.api", "message": "API Request Started: GET /api/topics/12/comments/list/", "request_id": "a1111444-66b5-4893-ab76-bf833df8ae84", "user_id": null, "api_id": "topic_api-get_topic_comments", "correlation_id": "a1111444-66b5-4893-ab76-bf833df8ae84"}
{"timestamp": "2026-06-11 01:12:31,032", "level": "INFO", "logger_name": "core.api", "message": "API Request Started: GET /api/topics/12/comments/list/", "request_id": "b5f52cf4-4cdc-48af-9e6c-18ccba9df158", "user_id": null, "api_id": "topic_api-get_topic_comments", "correlation_id": "b5f52cf4-4cdc-48af-9e6c-18ccba9df158"}
{"timestamp": "2026-06-11 01:12:31,037", "level": "INFO", "logger_name": "core.api", "message": "API Response Completed: 200", "request_id": "a1111444-66b5-4893-ab76-bf833df8ae84", "user_id": null, "api_id": "topic_api-get_topic_comments", "duration_ms": 5.74, "correlation_id": "a1111444-66b5-4893-ab76-bf833df8ae84"}
{"timestamp": "2026-06-11 01:12:31,037", "level": "INFO", "logger_name": "core.api", "message": "API Response Completed: 200", "request_id": "b5f52cf4-4cdc-48af-9e6c-18ccba9df158", "user_id": null, "api_id": "topic_api-get_topic_comments", "duration_ms": 5.49, "correlation_id": "b5f52cf4-4cdc-48af-9e6c-18ccba9df158"}
{"timestamp": "2026-06-11 01:12:31,038", "level": "INFO", "logger_name": "django.server", "message": "\"GET /api/topics/12/comments/list/?opinion=true&sort=latest HTTP/1.1\" 200 105"}
{"timestamp": "2026-06-11 01:12:31,038", "level": "INFO", "logger_name": "django.server", "message": "\"GET /api/topics/12/comments/list/?opinion=false&sort=latest HTTP/1.1\" 200 105"}
{"timestamp": "2026-06-11 01:12:34,570", "level": "INFO", "logger_name": "core.api", "message": "API Request Started: GET /api/students/me/lost-items", "request_id": "e3583be9-b9cd-4f85-8a8c-e4fe3fa09104", "user_id": null, "api_id": "losts-get_my_lost_items", "correlation_id": "e3583be9-b9cd-4f85-8a8c-e4fe3fa09104"}
{"timestamp": "2026-06-11 01:12:34,571", "level": "INFO", "logger_name": "core.api", "message": "API Request Started: POST /api/lost-items/search/", "request_id": "06123e74-d040-4ec1-9eb1-2d7ed3d699e7", "user_id": null, "api_id": "losts-search_lost_items", "correlation_id": "06123e74-d040-4ec1-9eb1-2d7ed3d699e7"}
{"timestamp": "2026-06-11 01:12:34,576", "level": "INFO", "logger_name": "core.api", "message": "API Response Completed: 200", "request_id": "e3583be9-b9cd-4f85-8a8c-e4fe3fa09104", "user_id": null, "api_id": "losts-get_my_lost_items", "duration_ms": 6.13, "correlation_id": "e3583be9-b9cd-4f85-8a8c-e4fe3fa09104"}
{"timestamp": "2026-06-11 01:12:34,577", "level": "INFO", "logger_name": "django.server", "message": "\"GET /api/students/me/lost-items?page=1&limit=10 HTTP/1.1\" 200 1630"}
{"timestamp": "2026-06-11 01:12:34,581", "level": "INFO", "logger_name": "core.api", "message": "API Response Completed: 200", "request_id": "06123e74-d040-4ec1-9eb1-2d7ed3d699e7", "user_id": null, "api_id": "losts-search_lost_items", "duration_ms": 9.65, "correlation_id": "06123e74-d040-4ec1-9eb1-2d7ed3d699e7"}
{"timestamp": "2026-06-11 01:12:34,582", "level": "INFO", "logger_name": "django.server", "message": "\"POST /api/lost-items/search/ HTTP/1.1\" 200 6342"}
{"timestamp": "2026-06-11 01:12:35,587", "level": "INFO", "logger_name": "core.api", "message": "API Request Started: GET /media/lost_items/scaled_4ca47cdc-4b82-4c1c-8826-559cafd90b9d5910030148497508455.jpg", "request_id": "f86e3430-fa4b-4202-a394-95d7f7b392ed", "user_id": null, "api_id": "static-serve", "correlation_id": "f86e3430-fa4b-4202-a394-95d7f7b392ed"}
{"timestamp": "2026-06-11 01:12:35,588", "level": "INFO", "logger_name": "core.api", "message": "API Request Started: GET /media/lost_items/scaled_65670534-70e0-46c3-a5b8-2fed5d3c93ac8539370662218518734.jpg", "request_id": "bda42950-00cd-4072-927c-1f6c0fc195fe", "user_id": null, "api_id": "static-serve", "correlation_id": "bda42950-00cd-4072-927c-1f6c0fc195fe"}
{"timestamp": "2026-06-11 01:12:35,589", "level": "INFO", "logger_name": "core.api", "message": "API Request Started: GET /media/lost_items/scaled_1000030354.jpg", "request_id": "7610d7b3-1f38-40c2-8356-051dd14fe5af", "user_id": null, "api_id": "static-serve", "correlation_id": "7610d7b3-1f38-40c2-8356-051dd14fe5af"}
{"timestamp": "2026-06-11 01:12:35,894", "level": "INFO", "logger_name": "core.api", "message": "API Response Completed: 200", "request_id": "f86e3430-fa4b-4202-a394-95d7f7b392ed", "user_id": null, "api_id": "static-serve", "duration_ms": 307.27, "correlation_id": "f86e3430-fa4b-4202-a394-95d7f7b392ed"}
{"timestamp": "2026-06-11 01:12:35,895", "level": "INFO", "logger_name": "django.server", "message": "\"GET /media/lost_items/scaled_4ca47cdc-4b82-4c1c-8826-559cafd90b9d5910030148497508455.jpg HTTP/1.1\" 200 28533"}
{"timestamp": "2026-06-11 01:12:35,895", "level": "INFO", "logger_name": "core.api", "message": "API Response Completed: 200", "request_id": "bda42950-00cd-4072-927c-1f6c0fc195fe", "user_id": null, "api_id": "static-serve", "duration_ms": 307.17, "correlation_id": "bda42950-00cd-4072-927c-1f6c0fc195fe"}
{"timestamp": "2026-06-11 01:12:35,896", "level": "INFO", "logger_name": "django.server", "message": "\"GET /media/lost_items/scaled_65670534-70e0-46c3-a5b8-2fed5d3c93ac8539370662218518734.jpg HTTP/1.1\" 200 96119"}
{"timestamp": "2026-06-11 01:12:35,901", "level": "INFO", "logger_name": "core.api", "message": "API Response Completed: 200", "request_id": "7610d7b3-1f38-40c2-8356-051dd14fe5af", "user_id": null, "api_id": "static-serve", "duration_ms": 312.51, "correlation_id": "7610d7b3-1f38-40c2-8356-051dd14fe5af"}
{"timestamp": "2026-06-11 01:12:36,169", "level": "INFO", "logger_name": "django.server", "message": "\"GET /media/lost_items/scaled_1000030354.jpg HTTP/1.1\" 200 815969"}
{"timestamp": "2026-06-11 01:12:38,323", "level": "INFO", "logger_name": "core.api", "message": "API Request Started: GET /api/lost-items/15/comments/", "request_id": "207bff5c-9f0a-416b-a673-93379b2efdb6", "user_id": null, "api_id": "comments-handle_comments", "correlation_id": "207bff5c-9f0a-416b-a673-93379b2efdb6"}
{"timestamp": "2026-06-11 01:12:38,325", "level": "INFO", "logger_name": "core.api", "message": "API Response Completed: 200", "request_id": "207bff5c-9f0a-416b-a673-93379b2efdb6", "user_id": null, "api_id": "comments-handle_comments", "duration_ms": 2.24, "correlation_id": "207bff5c-9f0a-416b-a673-93379b2efdb6"}
{"timestamp": "2026-06-11 01:12:38,325", "level": "INFO", "logger_name": "django.server", "message": "\"GET /api/lost-items/15/comments/ HTTP/1.1\" 200 33"}
{"timestamp": "2026-06-11 01:12:43,987", "level": "INFO", "logger_name": "core.api", "message": "API Request Started: GET /media/profiles/scaled_1000030598.jpg", "request_id": "9b9b174d-4e95-4276-ac12-89d9658b9771", "user_id": null, "api_id": "static-serve", "correlation_id": "9b9b174d-4e95-4276-ac12-89d9658b9771"}
{"timestamp": "2026-06-11 01:12:43,996", "level": "INFO", "logger_name": "core.api", "message": "API Response Completed: 200", "request_id": "9b9b174d-4e95-4276-ac12-89d9658b9771", "user_id": null, "api_id": "static-serve", "duration_ms": 8.93, "correlation_id": "9b9b174d-4e95-4276-ac12-89d9658b9771"}
{"timestamp": "2026-06-11 01:12:44,001", "level": "INFO", "logger_name": "core.api", "message": "API Request Started: GET /api/lost-items/13/comments/", "request_id": "bf54aee7-608f-41e4-85fb-5b43fed4adfc", "user_id": null, "api_id": "comments-handle_comments", "correlation_id": "bf54aee7-608f-41e4-85fb-5b43fed4adfc"}
{"timestamp": "2026-06-11 01:12:44,005", "level": "INFO", "logger_name": "core.api", "message": "API Response Completed: 200", "request_id": "bf54aee7-608f-41e4-85fb-5b43fed4adfc", "user_id": null, "api_id": "comments-handle_comments", "duration_ms": 3.69, "correlation_id": "bf54aee7-608f-41e4-85fb-5b43fed4adfc"}
{"timestamp": "2026-06-11 01:12:44,006", "level": "INFO", "logger_name": "django.server", "message": "\"GET /api/lost-items/13/comments/ HTTP/1.1\" 200 235"}
{"timestamp": "2026-06-11 01:12:44,020", "level": "INFO", "logger_name": "core.api", "message": "API Request Started: GET /media/profiles/scaled_1000030598.jpg", "request_id": "e4cb62db-5592-4ff4-ba06-5e5151cf22a3", "user_id": null, "api_id": "static-serve", "correlation_id": "e4cb62db-5592-4ff4-ba06-5e5151cf22a3"}
{"timestamp": "2026-06-11 01:12:44,021", "level": "INFO", "logger_name": "core.api", "message": "API Response Completed: 200", "request_id": "e4cb62db-5592-4ff4-ba06-5e5151cf22a3", "user_id": null, "api_id": "static-serve", "duration_ms": 1.16, "correlation_id": "e4cb62db-5592-4ff4-ba06-5e5151cf22a3"}
{"timestamp": "2026-06-11 01:12:44,151", "level": "INFO", "logger_name": "core.api", "message": "API Request Started: GET /media/profiles/scaled_1000030598.jpg", "request_id": "6d2f39ae-d0e0-4073-8da8-95793547fdfc", "user_id": null, "api_id": "static-serve", "correlation_id": "6d2f39ae-d0e0-4073-8da8-95793547fdfc"}
{"timestamp": "2026-06-11 01:12:44,152", "level": "INFO", "logger_name": "core.api", "message": "API Response Completed: 200", "request_id": "6d2f39ae-d0e0-4073-8da8-95793547fdfc", "user_id": null, "api_id": "static-serve", "duration_ms": 1.01, "correlation_id": "6d2f39ae-d0e0-4073-8da8-95793547fdfc"}
{"timestamp": "2026-06-11 01:12:44,219", "level": "INFO", "logger_name": "django.server", "message": "\"GET /media/profiles/scaled_1000030598.jpg?t=1781107963390 HTTP/1.1\" 200 1261605"}
{"timestamp": "2026-06-11 01:12:44,417", "level": "INFO", "logger_name": "django.server", "message": "\"GET /media/profiles/scaled_1000030598.jpg?t=1781107963421 HTTP/1.1\" 200 1261605"}
{"timestamp": "2026-06-11 01:12:44,488", "level": "INFO", "logger_name": "django.server", "message": "\"GET /media/profiles/scaled_1000030598.jpg?t=1781107963493 HTTP/1.1\" 200 1261605"}
{"timestamp": "2026-06-11 01:13:36,975", "level": "INFO", "logger_name": "core.api", "message": "API Request Started: POST /api/lost-items", "request_id": "bb191924-35bd-44ea-a21b-27dab9500bd9", "user_id": null, "api_id": "losts-handle_lost_items", "correlation_id": "bb191924-35bd-44ea-a21b-27dab9500bd9"}
{"timestamp": "2026-06-11 01:13:37,023", "level": "INFO", "logger_name": "core.api", "message": "API Response Completed: 201", "request_id": "bb191924-35bd-44ea-a21b-27dab9500bd9", "user_id": null, "api_id": "losts-handle_lost_items", "duration_ms": 62.01, "correlation_id": "bb191924-35bd-44ea-a21b-27dab9500bd9"}
{"timestamp": "2026-06-11 01:13:37,024", "level": "INFO", "logger_name": "django.server", "message": "\"POST /api/lost-items HTTP/1.1\" 201 633"}
{"timestamp": "2026-06-11 01:13:37,961", "level": "INFO", "logger_name": "core.api", "message": "API Request Started: POST /api/lost-items/search/", "request_id": "391c5c87-2133-4052-a120-6738e9be5962", "user_id": null, "api_id": "losts-search_lost_items", "correlation_id": "391c5c87-2133-4052-a120-6738e9be5962"}
{"timestamp": "2026-06-11 01:13:37,969", "level": "INFO", "logger_name": "core.api", "message": "API Response Completed: 200", "request_id": "391c5c87-2133-4052-a120-6738e9be5962", "user_id": null, "api_id": "losts-search_lost_items", "duration_ms": 7.69, "correlation_id": "391c5c87-2133-4052-a120-6738e9be5962"}
{"timestamp": "2026-06-11 01:13:37,969", "level": "INFO", "logger_name": "django.server", "message": "\"POST /api/lost-items/search/ HTTP/1.1\" 200 6262"}
{"timestamp": "2026-06-11 01:13:38,967", "level": "INFO", "logger_name": "core.api", "message": "API Request Started: GET /media/lost_items/scaled_4ca47cdc-4b82-4c1c-8826-559cafd90b9d5910030148497508455.jpg", "request_id": "d8a5b4e9-b525-47a8-8642-381c18436d6f", "user_id": null, "api_id": "static-serve", "correlation_id": "d8a5b4e9-b525-47a8-8642-381c18436d6f"}
{"timestamp": "2026-06-11 01:13:38,968", "level": "INFO", "logger_name": "core.api", "message": "API Response Completed: 200", "request_id": "d8a5b4e9-b525-47a8-8642-381c18436d6f", "user_id": null, "api_id": "static-serve", "duration_ms": 0.76, "correlation_id": "d8a5b4e9-b525-47a8-8642-381c18436d6f"}
{"timestamp": "2026-06-11 01:13:38,968", "level": "INFO", "logger_name": "django.server", "message": "\"GET /media/lost_items/scaled_4ca47cdc-4b82-4c1c-8826-559cafd90b9d5910030148497508455.jpg HTTP/1.1\" 200 28533"}
{"timestamp": "2026-06-11 01:13:38,969", "level": "INFO", "logger_name": "core.api", "message": "API Request Started: GET /media/lost_items/scaled_65670534-70e0-46c3-a5b8-2fed5d3c93ac8539370662218518734.jpg", "request_id": "facd623a-9cbb-42b7-a668-fc8d77922a23", "user_id": null, "api_id": "static-serve", "correlation_id": "facd623a-9cbb-42b7-a668-fc8d77922a23"}
{"timestamp": "2026-06-11 01:13:38,969", "level": "INFO", "logger_name": "core.api", "message": "API Request Started: GET /media/lost_items/scaled_1000030354.jpg", "request_id": "8c42cd19-2fae-4a9c-bde7-ef02ffe34214", "user_id": null, "api_id": "static-serve", "correlation_id": "8c42cd19-2fae-4a9c-bde7-ef02ffe34214"}
{"timestamp": "2026-06-11 01:13:38,970", "level": "INFO", "logger_name": "core.api", "message": "API Request Started: GET /media/lost_items/scaled_579e8972-8cfd-4a6e-921b-29cc6ce5b88e5500024088068897382.jpg", "request_id": "d2fd8f31-c8d2-4f60-a43c-cfadcf19afff", "user_id": null, "api_id": "static-serve", "correlation_id": "d2fd8f31-c8d2-4f60-a43c-cfadcf19afff"}
{"timestamp": "2026-06-11 01:13:38,970", "level": "INFO", "logger_name": "core.api", "message": "API Response Completed: 200", "request_id": "facd623a-9cbb-42b7-a668-fc8d77922a23", "user_id": null, "api_id": "static-serve", "duration_ms": 1.34, "correlation_id": "facd623a-9cbb-42b7-a668-fc8d77922a23"}
{"timestamp": "2026-06-11 01:13:38,971", "level": "INFO", "logger_name": "core.api", "message": "API Response Completed: 200", "request_id": "8c42cd19-2fae-4a9c-bde7-ef02ffe34214", "user_id": null, "api_id": "static-serve", "duration_ms": 1.55, "correlation_id": "8c42cd19-2fae-4a9c-bde7-ef02ffe34214"}
{"timestamp": "2026-06-11 01:13:38,971", "level": "INFO", "logger_name": "core.api", "message": "API Response Completed: 200", "request_id": "d2fd8f31-c8d2-4f60-a43c-cfadcf19afff", "user_id": null, "api_id": "static-serve", "duration_ms": 1.3, "correlation_id": "d2fd8f31-c8d2-4f60-a43c-cfadcf19afff"}
{"timestamp": "2026-06-11 01:13:38,972", "level": "INFO", "logger_name": "django.server", "message": "\"GET /media/lost_items/scaled_579e8972-8cfd-4a6e-921b-29cc6ce5b88e5500024088068897382.jpg HTTP/1.1\" 200 29019"}
{"timestamp": "2026-06-11 01:13:38,972", "level": "INFO", "logger_name": "django.server", "message": "\"GET /media/lost_items/scaled_65670534-70e0-46c3-a5b8-2fed5d3c93ac8539370662218518734.jpg HTTP/1.1\" 200 96119"}
{"timestamp": "2026-06-11 01:13:39,473", "level": "INFO", "logger_name": "core.api", "message": "API Request Started: GET /api/lost-items/16/comments/", "request_id": "7745401f-5f82-435f-8365-80d43b10459c", "user_id": null, "api_id": "comments-handle_comments", "correlation_id": "7745401f-5f82-435f-8365-80d43b10459c"}
{"timestamp": "2026-06-11 01:13:39,477", "level": "INFO", "logger_name": "core.api", "message": "API Response Completed: 200", "request_id": "7745401f-5f82-435f-8365-80d43b10459c", "user_id": null, "api_id": "comments-handle_comments", "duration_ms": 3.78, "correlation_id": "7745401f-5f82-435f-8365-80d43b10459c"}
{"timestamp": "2026-06-11 01:13:39,478", "level": "INFO", "logger_name": "django.server", "message": "\"GET /api/lost-items/16/comments/ HTTP/1.1\" 200 33"}
{"timestamp": "2026-06-11 01:13:39,555", "level": "INFO", "logger_name": "django.server", "message": "\"GET /media/lost_items/scaled_1000030354.jpg HTTP/1.1\" 200 815969"}
{"timestamp": "2026-06-11 01:13:45,717", "level": "INFO", "logger_name": "core.api", "message": "API Request Started: DELETE /api/students/me/lost-items/15", "request_id": "36c82e6a-71fc-472f-a20f-b975cdb4df86", "user_id": null, "api_id": "losts-update_lost_item", "correlation_id": "36c82e6a-71fc-472f-a20f-b975cdb4df86"}
{"timestamp": "2026-06-11 01:13:45,734", "level": "INFO", "logger_name": "core.api", "message": "API Response Completed: 200", "request_id": "36c82e6a-71fc-472f-a20f-b975cdb4df86", "user_id": null, "api_id": "losts-update_lost_item", "duration_ms": 17.61, "correlation_id": "36c82e6a-71fc-472f-a20f-b975cdb4df86"}
{"timestamp": "2026-06-11 01:13:45,735", "level": "INFO", "logger_name": "django.server", "message": "\"DELETE /api/students/me/lost-items/15 HTTP/1.1\" 200 104"}
{"timestamp": "2026-06-11 01:13:47,917", "level": "INFO", "logger_name": "core.api", "message": "API Request Started: GET /api/lost-items/14/comments/", "request_id": "af0a417f-2523-4b0d-9f16-2d2b72e5c999", "user_id": null, "api_id": "comments-handle_comments", "correlation_id": "af0a417f-2523-4b0d-9f16-2d2b72e5c999"}
{"timestamp": "2026-06-11 01:13:47,919", "level": "INFO", "logger_name": "core.api", "message": "API Response Completed: 200", "request_id": "af0a417f-2523-4b0d-9f16-2d2b72e5c999", "user_id": null, "api_id": "comments-handle_comments", "duration_ms": 2.6, "correlation_id": "af0a417f-2523-4b0d-9f16-2d2b72e5c999"}
{"timestamp": "2026-06-11 01:13:47,920", "level": "INFO", "logger_name": "django.server", "message": "\"GET /api/lost-items/14/comments/ HTTP/1.1\" 200 224"}
{"timestamp": "2026-06-11 01:13:50,894", "level": "INFO", "logger_name": "core.api", "message": "API Request Started: DELETE /api/students/me/lost-items/14", "request_id": "8a8d2946-056a-4a68-a747-a5b798c5018b", "user_id": null, "api_id": "losts-update_lost_item", "correlation_id": "8a8d2946-056a-4a68-a747-a5b798c5018b"}
{"timestamp": "2026-06-11 01:13:50,911", "level": "INFO", "logger_name": "core.api", "message": "API Response Completed: 200", "request_id": "8a8d2946-056a-4a68-a747-a5b798c5018b", "user_id": null, "api_id": "losts-update_lost_item", "duration_ms": 17.62, "correlation_id": "8a8d2946-056a-4a68-a747-a5b798c5018b"}
{"timestamp": "2026-06-11 01:13:50,912", "level": "INFO", "logger_name": "django.server", "message": "\"DELETE /api/students/me/lost-items/14 HTTP/1.1\" 200 104"}
{"timestamp": "2026-06-11 01:13:51,822", "level": "INFO", "logger_name": "core.api", "message": "API Request Started: GET /media/profiles/scaled_1000030598.jpg", "request_id": "b242ce19-6799-484b-92fd-2bf39c5c3e4b", "user_id": null, "api_id": "static-serve", "correlation_id": "b242ce19-6799-484b-92fd-2bf39c5c3e4b"}
{"timestamp": "2026-06-11 01:13:51,823", "level": "INFO", "logger_name": "core.api", "message": "API Response Completed: 200", "request_id": "b242ce19-6799-484b-92fd-2bf39c5c3e4b", "user_id": null, "api_id": "static-serve", "duration_ms": 0.7, "correlation_id": "b242ce19-6799-484b-92fd-2bf39c5c3e4b"}
{"timestamp": "2026-06-11 01:13:52,002", "level": "INFO", "logger_name": "django.server", "message": "\"GET /media/profiles/scaled_1000030598.jpg?t=1781108031238 HTTP/1.1\" 200 1261605"}
{"timestamp": "2026-06-11 01:13:54,528", "level": "INFO", "logger_name": "core.api", "message": "API Request Started: DELETE /api/students/me/lost-items/13", "request_id": "d058bb91-9cd4-4ce8-8ff8-e9c1d9cc68e9", "user_id": null, "api_id": "losts-update_lost_item", "correlation_id": "d058bb91-9cd4-4ce8-8ff8-e9c1d9cc68e9"}
{"timestamp": "2026-06-11 01:13:54,545", "level": "INFO", "logger_name": "core.api", "message": "API Response Completed: 200", "request_id": "d058bb91-9cd4-4ce8-8ff8-e9c1d9cc68e9", "user_id": null, "api_id": "losts-update_lost_item", "duration_ms": 17.09, "correlation_id": "d058bb91-9cd4-4ce8-8ff8-e9c1d9cc68e9"}
{"timestamp": "2026-06-11 01:13:54,545", "level": "INFO", "logger_name": "django.server", "message": "\"DELETE /api/students/me/lost-items/13 HTTP/1.1\" 200 104"}
{"timestamp": "2026-06-11 01:13:55,198", "level": "INFO", "logger_name": "core.api", "message": "API Request Started: GET /api/lost-items/5/comments/", "request_id": "103fe74e-d256-4a96-b150-06d12801108f", "user_id": null, "api_id": "comments-handle_comments", "correlation_id": "103fe74e-d256-4a96-b150-06d12801108f"}
{"timestamp": "2026-06-11 01:13:55,200", "level": "INFO", "logger_name": "core.api", "message": "API Response Completed: 200", "request_id": "103fe74e-d256-4a96-b150-06d12801108f", "user_id": null, "api_id": "comments-handle_comments", "duration_ms": 1.93, "correlation_id": "103fe74e-d256-4a96-b150-06d12801108f"}
{"timestamp": "2026-06-11 01:13:55,201", "level": "INFO", "logger_name": "django.server", "message": "\"GET /api/lost-items/5/comments/ HTTP/1.1\" 200 33"}
{"timestamp": "2026-06-11 01:13:58,237", "level": "INFO", "logger_name": "core.api", "message": "API Request Started: GET /api/lost-items/8/comments/", "request_id": "e4c71ad6-e879-4eef-a626-7ade55ed292c", "user_id": null, "api_id": "comments-handle_comments", "correlation_id": "e4c71ad6-e879-4eef-a626-7ade55ed292c"}
{"timestamp": "2026-06-11 01:13:58,239", "level": "INFO", "logger_name": "core.api", "message": "API Response Completed: 200", "request_id": "e4c71ad6-e879-4eef-a626-7ade55ed292c", "user_id": null, "api_id": "comments-handle_comments", "duration_ms": 2.63, "correlation_id": "e4c71ad6-e879-4eef-a626-7ade55ed292c"}
{"timestamp": "2026-06-11 01:13:58,240", "level": "INFO", "logger_name": "django.server", "message": "\"GET /api/lost-items/8/comments/ HTTP/1.1\" 200 219"}
{"timestamp": "2026-06-11 01:14:01,497", "level": "INFO", "logger_name": "core.api", "message": "API Request Started: POST /api/lost-items/search/", "request_id": "41167479-71cc-4eee-8b97-9ed2e1dae6d1", "user_id": null, "api_id": "losts-search_lost_items", "correlation_id": "41167479-71cc-4eee-8b97-9ed2e1dae6d1"}
{"timestamp": "2026-06-11 01:14:01,499", "level": "INFO", "logger_name": "core.api", "message": "API Response Completed: 200", "request_id": "41167479-71cc-4eee-8b97-9ed2e1dae6d1", "user_id": null, "api_id": "losts-search_lost_items", "duration_ms": 2.85, "correlation_id": "41167479-71cc-4eee-8b97-9ed2e1dae6d1"}
{"timestamp": "2026-06-11 01:14:01,500", "level": "INFO", "logger_name": "django.server", "message": "\"POST /api/lost-items/search/ HTTP/1.1\" 200 165"}
{"timestamp": "2026-06-11 01:14:02,260", "level": "INFO", "logger_name": "core.api", "message": "API Request Started: GET /api/lost-items/1/comments/", "request_id": "26f9013d-b877-4405-b864-d8ade8cfd52c", "user_id": null, "api_id": "comments-handle_comments", "correlation_id": "26f9013d-b877-4405-b864-d8ade8cfd52c"}
{"timestamp": "2026-06-11 01:14:02,262", "level": "INFO", "logger_name": "core.api", "message": "API Response Completed: 200", "request_id": "26f9013d-b877-4405-b864-d8ade8cfd52c", "user_id": null, "api_id": "comments-handle_comments", "duration_ms": 2.06, "correlation_id": "26f9013d-b877-4405-b864-d8ade8cfd52c"}
{"timestamp": "2026-06-11 01:14:02,263", "level": "INFO", "logger_name": "django.server", "message": "\"GET /api/lost-items/1/comments/ HTTP/1.1\" 200 205"}
{"timestamp": "2026-06-11 01:14:05,001", "level": "INFO", "logger_name": "core.api", "message": "API Request Started: GET /api/lost-items/6/comments/", "request_id": "fce54a17-8f8d-4be7-b70a-db2739e27559", "user_id": null, "api_id": "comments-handle_comments", "correlation_id": "fce54a17-8f8d-4be7-b70a-db2739e27559"}
{"timestamp": "2026-06-11 01:14:05,004", "level": "INFO", "logger_name": "core.api", "message": "API Response Completed: 200", "request_id": "fce54a17-8f8d-4be7-b70a-db2739e27559", "user_id": null, "api_id": "comments-handle_comments", "duration_ms": 2.93, "correlation_id": "fce54a17-8f8d-4be7-b70a-db2739e27559"}
{"timestamp": "2026-06-11 01:14:05,004", "level": "INFO", "logger_name": "django.server", "message": "\"GET /api/lost-items/6/comments/ HTTP/1.1\" 200 223"}
{"timestamp": "2026-06-11 01:14:09,588", "level": "INFO", "logger_name": "core.api", "message": "API Request Started: POST /api/lost-items/search/", "request_id": "237363e0-d00d-44a0-98f3-30e81bbcec0f", "user_id": null, "api_id": "losts-search_lost_items", "correlation_id": "237363e0-d00d-44a0-98f3-30e81bbcec0f"}
{"timestamp": "2026-06-11 01:14:09,592", "level": "INFO", "logger_name": "core.api", "message": "API Response Completed: 200", "request_id": "237363e0-d00d-44a0-98f3-30e81bbcec0f", "user_id": null, "api_id": "losts-search_lost_items", "duration_ms": 4.59, "correlation_id": "237363e0-d00d-44a0-98f3-30e81bbcec0f"}
{"timestamp": "2026-06-11 01:14:09,593", "level": "INFO", "logger_name": "django.server", "message": "\"POST /api/lost-items/search/ HTTP/1.1\" 200 6292"}
{"timestamp": "2026-06-11 01:14:14,129", "level": "INFO", "logger_name": "core.api", "message": "API Request Started: GET /api/rooms/reservations/", "request_id": "cf92fcbe-f3ec-427e-8548-adf0ec15a9a3", "user_id": null, "api_id": "rooms-get_my_reservations", "correlation_id": "cf92fcbe-f3ec-427e-8548-adf0ec15a9a3"}
{"timestamp": "2026-06-11 01:14:14,131", "level": "INFO", "logger_name": "core.api", "message": "API Response Completed: 200", "request_id": "cf92fcbe-f3ec-427e-8548-adf0ec15a9a3", "user_id": null, "api_id": "rooms-get_my_reservations", "duration_ms": 2.03, "correlation_id": "cf92fcbe-f3ec-427e-8548-adf0ec15a9a3"}
{"timestamp": "2026-06-11 01:14:14,131", "level": "INFO", "logger_name": "django.server", "message": "\"GET /api/rooms/reservations/ HTTP/1.1\" 200 51"}
{"timestamp": "2026-06-11 01:14:15,644", "level": "INFO", "logger_name": "core.api", "message": "API Request Started: POST /api/rooms/recommend/", "request_id": "4a65f8e0-3a13-4928-b1ff-58e4d2cc6d55", "user_id": null, "api_id": "rooms-recommend_study_rooms", "correlation_id": "4a65f8e0-3a13-4928-b1ff-58e4d2cc6d55"}
{"timestamp": "2026-06-11 01:14:15,647", "level": "INFO", "logger_name": "core.api", "message": "API Response Completed: 200", "request_id": "4a65f8e0-3a13-4928-b1ff-58e4d2cc6d55", "user_id": null, "api_id": "rooms-recommend_study_rooms", "duration_ms": 2.45, "correlation_id": "4a65f8e0-3a13-4928-b1ff-58e4d2cc6d55"}
{"timestamp": "2026-06-11 01:14:15,647", "level": "INFO", "logger_name": "django.server", "message": "\"POST /api/rooms/recommend/ HTTP/1.1\" 200 3819"}
{"timestamp": "2026-06-11 01:14:21,045", "level": "INFO", "logger_name": "core.api", "message": "API Request Started: POST /api/rooms/recommend/", "request_id": "7cad1b32-67c9-4eb0-96ca-7f31a53ff3f6", "user_id": null, "api_id": "rooms-recommend_study_rooms", "correlation_id": "7cad1b32-67c9-4eb0-96ca-7f31a53ff3f6"}
{"timestamp": "2026-06-11 01:14:21,048", "level": "INFO", "logger_name": "core.api", "message": "API Response Completed: 200", "request_id": "7cad1b32-67c9-4eb0-96ca-7f31a53ff3f6", "user_id": null, "api_id": "rooms-recommend_study_rooms", "duration_ms": 3.28, "correlation_id": "7cad1b32-67c9-4eb0-96ca-7f31a53ff3f6"}
{"timestamp": "2026-06-11 01:14:21,049", "level": "INFO", "logger_name": "django.server", "message": "\"POST /api/rooms/recommend/ HTTP/1.1\" 200 3819"}
{"timestamp": "2026-06-11 01:14:31,119", "level": "INFO", "logger_name": "core.api", "message": "API Request Started: GET /api/scholarships/", "request_id": "23bf863b-9fdc-4a34-a2ee-91304b3dbfc5", "user_id": null, "api_id": "scholarships-get_scholarships", "correlation_id": "23bf863b-9fdc-4a34-a2ee-91304b3dbfc5"}
{"timestamp": "2026-06-11 01:14:31,124", "level": "INFO", "logger_name": "core.api", "message": "API Response Completed: 200", "request_id": "23bf863b-9fdc-4a34-a2ee-91304b3dbfc5", "user_id": null, "api_id": "scholarships-get_scholarships", "duration_ms": 4.39, "correlation_id": "23bf863b-9fdc-4a34-a2ee-91304b3dbfc5"}
{"timestamp": "2026-06-11 01:14:31,125", "level": "INFO", "logger_name": "django.server", "message": "\"GET /api/scholarships/?page=1&limit=20&gpa=2.0&income_bracket=8&awarded_last_semester=false HTTP/1.1\" 200 6282"}
{"timestamp": "2026-06-11 01:14:56,287", "level": "INFO", "logger_name": "core.api", "message": "API Request Started: GET /api/scholarships/", "request_id": "58aaad5d-a474-4ea0-8d2e-ca8b731a2302", "user_id": null, "api_id": "scholarships-get_scholarships", "correlation_id": "58aaad5d-a474-4ea0-8d2e-ca8b731a2302"}
{"timestamp": "2026-06-11 01:14:56,289", "level": "INFO", "logger_name": "core.api", "message": "API Response Completed: 200", "request_id": "58aaad5d-a474-4ea0-8d2e-ca8b731a2302", "user_id": null, "api_id": "scholarships-get_scholarships", "duration_ms": 2.38, "correlation_id": "58aaad5d-a474-4ea0-8d2e-ca8b731a2302"}
{"timestamp": "2026-06-11 01:14:56,290", "level": "INFO", "logger_name": "django.server", "message": "\"GET /api/scholarships/?page=1&limit=20&gpa=2.0&income_bracket=7&awarded_last_semester=false HTTP/1.1\" 200 6282"}
{"timestamp": "2026-06-11 01:15:11,920", "level": "INFO", "logger_name": "core.api", "message": "API Request Started: GET /api/scholarships/", "request_id": "e20d21c8-ae1f-4327-843e-d1d2b07bd106", "user_id": null, "api_id": "scholarships-get_scholarships", "correlation_id": "e20d21c8-ae1f-4327-843e-d1d2b07bd106"}
{"timestamp": "2026-06-11 01:15:11,922", "level": "INFO", "logger_name": "core.api", "message": "API Response Completed: 200", "request_id": "e20d21c8-ae1f-4327-843e-d1d2b07bd106", "user_id": null, "api_id": "scholarships-get_scholarships", "duration_ms": 2.38, "correlation_id": "e20d21c8-ae1f-4327-843e-d1d2b07bd106"}
{"timestamp": "2026-06-11 01:15:11,923", "level": "INFO", "logger_name": "django.server", "message": "\"GET /api/scholarships/?page=2&limit=20&gpa=2.0&income_bracket=7&awarded_last_semester=false HTTP/1.1\" 200 1366"}
{"timestamp": "2026-06-11 01:15:23,037", "level": "INFO", "logger_name": "core.api", "message": "API Request Started: GET /api/rooms/reservations/", "request_id": "8a6da78f-d424-447e-a494-83d400ae82cb", "user_id": null, "api_id": "rooms-get_my_reservations", "correlation_id": "8a6da78f-d424-447e-a494-83d400ae82cb"}
{"timestamp": "2026-06-11 01:15:23,038", "level": "INFO", "logger_name": "core.api", "message": "API Response Completed: 200", "request_id": "8a6da78f-d424-447e-a494-83d400ae82cb", "user_id": null, "api_id": "rooms-get_my_reservations", "duration_ms": 2.1, "correlation_id": "8a6da78f-d424-447e-a494-83d400ae82cb"}
{"timestamp": "2026-06-11 01:15:23,039", "level": "INFO", "logger_name": "django.server", "message": "\"GET /api/rooms/reservations/ HTTP/1.1\" 200 51"}
{"timestamp": "2026-06-11 01:23:01,369", "level": "INFO", "logger_name": "core.api", "message": "API Request Started: GET /api/topics/", "request_id": "58cb838a-a450-4c05-86dd-774891f59b6c", "user_id": null, "api_id": "topic_api-get_topic_list", "correlation_id": "58cb838a-a450-4c05-86dd-774891f59b6c"}
{"timestamp": "2026-06-11 01:23:01,376", "level": "INFO", "logger_name": "core.api", "message": "API Response Completed: 200", "request_id": "58cb838a-a450-4c05-86dd-774891f59b6c", "user_id": null, "api_id": "topic_api-get_topic_list", "duration_ms": 7.02, "correlation_id": "58cb838a-a450-4c05-86dd-774891f59b6c"}
{"timestamp": "2026-06-11 01:23:01,377", "level": "INFO", "logger_name": "django.server", "message": "\"GET /api/topics/ HTTP/1.1\" 200 3265"}
{"timestamp": "2026-06-11 01:23:09,445", "level": "INFO", "logger_name": "core.api", "message": "API Request Started: POST /api/topics/12/vote/", "request_id": "0dcfeabf-518b-49ee-a089-2925a1a8e162", "user_id": null, "api_id": "topic_api-handle_vote", "correlation_id": "0dcfeabf-518b-49ee-a089-2925a1a8e162"}
{"timestamp": "2026-06-11 01:23:09,465", "level": "INFO", "logger_name": "core.api", "message": "API Response Completed: 200", "request_id": "0dcfeabf-518b-49ee-a089-2925a1a8e162", "user_id": null, "api_id": "topic_api-handle_vote", "duration_ms": 20.01, "correlation_id": "0dcfeabf-518b-49ee-a089-2925a1a8e162"}
{"timestamp": "2026-06-11 01:23:09,465", "level": "INFO", "logger_name": "django.server", "message": "\"POST /api/topics/12/vote/ HTTP/1.1\" 200 111"}
{"timestamp": "2026-06-11 01:23:10,465", "level": "INFO", "logger_name": "core.api", "message": "API Request Started: GET /api/topics/12/vote/stat/", "request_id": "fe09fbce-19a1-4ac7-9511-69767e1d07e2", "user_id": null, "api_id": "topic_api-get_vote_stat", "correlation_id": "fe09fbce-19a1-4ac7-9511-69767e1d07e2"}
{"timestamp": "2026-06-11 01:23:10,468", "level": "INFO", "logger_name": "core.api", "message": "API Response Completed: 200", "request_id": "fe09fbce-19a1-4ac7-9511-69767e1d07e2", "user_id": null, "api_id": "topic_api-get_vote_stat", "duration_ms": 2.38, "correlation_id": "fe09fbce-19a1-4ac7-9511-69767e1d07e2"}
{"timestamp": "2026-06-11 01:23:10,468", "level": "INFO", "logger_name": "django.server", "message": "\"GET /api/topics/12/vote/stat/ HTTP/1.1\" 200 93"}
{"timestamp": "2026-06-11 01:23:16,014", "level": "INFO", "logger_name": "core.api", "message": "API Request Started: GET /api/topics/12/vote/stat/", "request_id": "5589d1df-b83f-480e-9efe-a684b7818b92", "user_id": null, "api_id": "topic_api-get_vote_stat", "correlation_id": "5589d1df-b83f-480e-9efe-a684b7818b92"}
{"timestamp": "2026-06-11 01:23:16,016", "level": "INFO", "logger_name": "core.api", "message": "API Response Completed: 200", "request_id": "5589d1df-b83f-480e-9efe-a684b7818b92", "user_id": null, "api_id": "topic_api-get_vote_stat", "duration_ms": 2.13, "correlation_id": "5589d1df-b83f-480e-9efe-a684b7818b92"}
{"timestamp": "2026-06-11 01:23:16,017", "level": "INFO", "logger_name": "django.server", "message": "\"GET /api/topics/12/vote/stat/ HTTP/1.1\" 200 93"}
{"timestamp": "2026-06-11 01:23:23,585", "level": "INFO", "logger_name": "core.api", "message": "API Request Started: POST /api/topics/12/comments/", "request_id": "63c8ecb8-4fa1-4bcc-a91f-242b540e92e0", "user_id": null, "api_id": "topic_api-create_topic_comment", "correlation_id": "63c8ecb8-4fa1-4bcc-a91f-242b540e92e0"}
{"timestamp": "2026-06-11 01:23:23,607", "level": "INFO", "logger_name": "core.api", "message": "API Response Completed: 201", "request_id": "63c8ecb8-4fa1-4bcc-a91f-242b540e92e0", "user_id": null, "api_id": "topic_api-create_topic_comment", "duration_ms": 22.14, "correlation_id": "63c8ecb8-4fa1-4bcc-a91f-242b540e92e0"}
{"timestamp": "2026-06-11 01:23:23,608", "level": "INFO", "logger_name": "django.server", "message": "\"POST /api/topics/12/comments/ HTTP/1.1\" 201 269"}
{"timestamp": "2026-06-11 01:23:26,106", "level": "INFO", "logger_name": "core.api", "message": "API Request Started: GET /api/topics/12/vote/stat/", "request_id": "67146d3d-811a-4a5e-a8d7-137a23053828", "user_id": null, "api_id": "topic_api-get_vote_stat", "correlation_id": "67146d3d-811a-4a5e-a8d7-137a23053828"}
{"timestamp": "2026-06-11 01:23:26,108", "level": "INFO", "logger_name": "core.api", "message": "API Response Completed: 200", "request_id": "67146d3d-811a-4a5e-a8d7-137a23053828", "user_id": null, "api_id": "topic_api-get_vote_stat", "duration_ms": 2.48, "correlation_id": "67146d3d-811a-4a5e-a8d7-137a23053828"}
{"timestamp": "2026-06-11 01:23:26,109", "level": "INFO", "logger_name": "django.server", "message": "\"GET /api/topics/12/vote/stat/ HTTP/1.1\" 200 93"}
{"timestamp": "2026-06-11 01:23:38,706", "level": "INFO", "logger_name": "core.api", "message": "API Request Started: GET /api/topics/11/comments/list/", "request_id": "eb073f81-95ab-428d-9c99-bbb1f3e80819", "user_id": null, "api_id": "topic_api-get_topic_comments", "correlation_id": "eb073f81-95ab-428d-9c99-bbb1f3e80819"}
{"timestamp": "2026-06-11 01:23:38,707", "level": "INFO", "logger_name": "core.api", "message": "API Request Started: GET /api/topics/11/comments/list/", "request_id": "91df82cb-1643-4d8a-8bbe-39cd0fd66341", "user_id": null, "api_id": "topic_api-get_topic_comments", "correlation_id": "91df82cb-1643-4d8a-8bbe-39cd0fd66341"}
{"timestamp": "2026-06-11 01:23:38,708", "level": "INFO", "logger_name": "core.api", "message": "API Request Started: GET /api/topics/11/vote/stat/", "request_id": "f19d882a-9715-461f-8cec-d5da2a85cb81", "user_id": null, "api_id": "topic_api-get_vote_stat", "correlation_id": "f19d882a-9715-461f-8cec-d5da2a85cb81"}
{"timestamp": "2026-06-11 01:23:38,710", "level": "INFO", "logger_name": "core.api", "message": "API Response Completed: 200", "request_id": "eb073f81-95ab-428d-9c99-bbb1f3e80819", "user_id": null, "api_id": "topic_api-get_topic_comments", "duration_ms": 4.71, "correlation_id": "eb073f81-95ab-428d-9c99-bbb1f3e80819"}
{"timestamp": "2026-06-11 01:23:38,712", "level": "INFO", "logger_name": "django.server", "message": "\"GET /api/topics/11/comments/list/?opinion=false&sort=latest HTTP/1.1\" 200 105"}
{"timestamp": "2026-06-11 01:23:38,712", "level": "INFO", "logger_name": "core.api", "message": "API Response Completed: 200", "request_id": "91df82cb-1643-4d8a-8bbe-39cd0fd66341", "user_id": null, "api_id": "topic_api-get_topic_comments", "duration_ms": 5.19, "correlation_id": "91df82cb-1643-4d8a-8bbe-39cd0fd66341"}
{"timestamp": "2026-06-11 01:23:38,712", "level": "INFO", "logger_name": "core.api", "message": "API Response Completed: 200", "request_id": "f19d882a-9715-461f-8cec-d5da2a85cb81", "user_id": null, "api_id": "topic_api-get_vote_stat", "duration_ms": 4.48, "correlation_id": "f19d882a-9715-461f-8cec-d5da2a85cb81"}
{"timestamp": "2026-06-11 01:23:38,713", "level": "INFO", "logger_name": "django.server", "message": "\"GET /api/topics/11/comments/list/?opinion=true&sort=latest HTTP/1.1\" 200 105"}
{"timestamp": "2026-06-11 01:23:38,713", "level": "INFO", "logger_name": "django.server", "message": "\"GET /api/topics/11/vote/stat/ HTTP/1.1\" 200 93"}
{"timestamp": "2026-06-11 01:23:41,228", "level": "INFO", "logger_name": "core.api", "message": "API Request Started: GET /api/topics/10/comments/list/", "request_id": "862e4058-9c06-42ac-890c-984326ff3792", "user_id": null, "api_id": "topic_api-get_topic_comments", "correlation_id": "862e4058-9c06-42ac-890c-984326ff3792"}
{"timestamp": "2026-06-11 01:23:41,229", "level": "INFO", "logger_name": "core.api", "message": "API Request Started: GET /api/topics/10/comments/list/", "request_id": "aa620a08-18aa-4a86-931d-714b40118502", "user_id": null, "api_id": "topic_api-get_topic_comments", "correlation_id": "aa620a08-18aa-4a86-931d-714b40118502"}
{"timestamp": "2026-06-11 01:23:41,230", "level": "INFO", "logger_name": "core.api", "message": "API Request Started: GET /api/topics/10/vote/stat/", "request_id": "31dc88eb-a5f1-4e09-a949-4028b16f8ced", "user_id": null, "api_id": "topic_api-get_vote_stat", "correlation_id": "31dc88eb-a5f1-4e09-a949-4028b16f8ced"}
{"timestamp": "2026-06-11 01:23:41,235", "level": "INFO", "logger_name": "core.api", "message": "API Response Completed: 200", "request_id": "31dc88eb-a5f1-4e09-a949-4028b16f8ced", "user_id": null, "api_id": "topic_api-get_vote_stat", "duration_ms": 5.21, "correlation_id": "31dc88eb-a5f1-4e09-a949-4028b16f8ced"}
{"timestamp": "2026-06-11 01:23:41,235", "level": "INFO", "logger_name": "core.api", "message": "API Response Completed: 200", "request_id": "862e4058-9c06-42ac-890c-984326ff3792", "user_id": null, "api_id": "topic_api-get_topic_comments", "duration_ms": 7.46, "correlation_id": "862e4058-9c06-42ac-890c-984326ff3792"}
{"timestamp": "2026-06-11 01:23:41,236", "level": "INFO", "logger_name": "django.server", "message": "\"GET /api/topics/10/vote/stat/ HTTP/1.1\" 200 93"}
{"timestamp": "2026-06-11 01:23:41,237", "level": "INFO", "logger_name": "django.server", "message": "\"GET /api/topics/10/comments/list/?opinion=false&sort=latest HTTP/1.1\" 200 105"}
{"timestamp": "2026-06-11 01:23:41,237", "level": "INFO", "logger_name": "core.api", "message": "API Response Completed: 200", "request_id": "aa620a08-18aa-4a86-931d-714b40118502", "user_id": null, "api_id": "topic_api-get_topic_comments", "duration_ms": 8.03, "correlation_id": "aa620a08-18aa-4a86-931d-714b40118502"}
{"timestamp": "2026-06-11 01:23:41,238", "level": "INFO", "logger_name": "django.server", "message": "\"GET /api/topics/10/comments/list/?opinion=true&sort=latest HTTP/1.1\" 200 105"}
{"timestamp": "2026-06-11 01:23:43,259", "level": "INFO", "logger_name": "core.api", "message": "API Request Started: GET /api/topics/9/comments/list/", "request_id": "9920adf3-ace2-4905-9392-5fbe739c3448", "user_id": null, "api_id": "topic_api-get_topic_comments", "correlation_id": "9920adf3-ace2-4905-9392-5fbe739c3448"}
{"timestamp": "2026-06-11 01:23:43,261", "level": "INFO", "logger_name": "core.api", "message": "API Request Started: GET /api/topics/9/comments/list/", "request_id": "edba24e9-a907-4bae-86e6-2117d9227703", "user_id": null, "api_id": "topic_api-get_topic_comments", "correlation_id": "edba24e9-a907-4bae-86e6-2117d9227703"}
{"timestamp": "2026-06-11 01:23:43,262", "level": "INFO", "logger_name": "core.api", "message": "API Request Started: GET /api/topics/9/vote/stat/", "request_id": "5862a7ef-a955-4142-9aa9-c9a0c76f6187", "user_id": null, "api_id": "topic_api-get_vote_stat", "correlation_id": "5862a7ef-a955-4142-9aa9-c9a0c76f6187"}
{"timestamp": "2026-06-11 01:23:43,266", "level": "INFO", "logger_name": "core.api", "message": "API Response Completed: 200", "request_id": "5862a7ef-a955-4142-9aa9-c9a0c76f6187", "user_id": null, "api_id": "topic_api-get_vote_stat", "duration_ms": 3.91, "correlation_id": "5862a7ef-a955-4142-9aa9-c9a0c76f6187"}
{"timestamp": "2026-06-11 01:23:43,268", "level": "INFO", "logger_name": "django.server", "message": "\"GET /api/topics/9/vote/stat/ HTTP/1.1\" 200 97"}
{"timestamp": "2026-06-11 01:23:43,283", "level": "INFO", "logger_name": "core.api", "message": "API Response Completed: 200", "request_id": "9920adf3-ace2-4905-9392-5fbe739c3448", "user_id": null, "api_id": "topic_api-get_topic_comments", "duration_ms": 23.83, "correlation_id": "9920adf3-ace2-4905-9392-5fbe739c3448"}
{"timestamp": "2026-06-11 01:23:43,286", "level": "INFO", "logger_name": "core.api", "message": "API Response Completed: 200", "request_id": "edba24e9-a907-4bae-86e6-2117d9227703", "user_id": null, "api_id": "topic_api-get_topic_comments", "duration_ms": 24.92, "correlation_id": "edba24e9-a907-4bae-86e6-2117d9227703"}
{"timestamp": "2026-06-11 01:23:43,286", "level": "INFO", "logger_name": "django.server", "message": "\"GET /api/topics/9/comments/list/?opinion=false&sort=latest HTTP/1.1\" 200 6030"}
{"timestamp": "2026-06-11 01:23:43,287", "level": "INFO", "logger_name": "django.server", "message": "\"GET /api/topics/9/comments/list/?opinion=true&sort=latest HTTP/1.1\" 200 5391"}
{"timestamp": "2026-06-11 01:30:55,272", "level": "INFO", "logger_name": "core.api", "message": "API Request Started: GET /api/rooms/reservations/", "request_id": "92bcbe56-a86f-4082-a697-0f25a65ea619", "user_id": null, "api_id": "rooms-get_my_reservations", "correlation_id": "92bcbe56-a86f-4082-a697-0f25a65ea619"}
{"timestamp": "2026-06-11 01:30:55,275", "level": "INFO", "logger_name": "core.api", "message": "API Response Completed: 200", "request_id": "92bcbe56-a86f-4082-a697-0f25a65ea619", "user_id": null, "api_id": "rooms-get_my_reservations", "duration_ms": 2.83, "correlation_id": "92bcbe56-a86f-4082-a697-0f25a65ea619"}
{"timestamp": "2026-06-11 01:30:55,275", "level": "INFO", "logger_name": "django.server", "message": "\"GET /api/rooms/reservations/ HTTP/1.1\" 200 51"}
{"timestamp": "2026-06-11 01:31:06,365", "level": "INFO", "logger_name": "core.api", "message": "API Request Started: POST /api/rooms/recommend/", "request_id": "8906cc0d-3181-4454-8087-3788b031a230", "user_id": null, "api_id": "rooms-recommend_study_rooms", "correlation_id": "8906cc0d-3181-4454-8087-3788b031a230"}
{"timestamp": "2026-06-11 01:31:06,368", "level": "INFO", "logger_name": "core.api", "message": "API Response Completed: 200", "request_id": "8906cc0d-3181-4454-8087-3788b031a230", "user_id": null, "api_id": "rooms-recommend_study_rooms", "duration_ms": 3.06, "correlation_id": "8906cc0d-3181-4454-8087-3788b031a230"}
{"timestamp": "2026-06-11 01:31:06,369", "level": "INFO", "logger_name": "django.server", "message": "\"POST /api/rooms/recommend/ HTTP/1.1\" 200 4366"}
{"timestamp": "2026-06-11 01:31:08,888", "level": "INFO", "logger_name": "core.api", "message": "API Request Started: POST /api/rooms/recommend/", "request_id": "7c63223b-7886-4961-a2a1-ad7ad47d1d80", "user_id": null, "api_id": "rooms-recommend_study_rooms", "correlation_id": "7c63223b-7886-4961-a2a1-ad7ad47d1d80"}
{"timestamp": "2026-06-11 01:31:08,891", "level": "INFO", "logger_name": "core.api", "message": "API Response Completed: 200", "request_id": "7c63223b-7886-4961-a2a1-ad7ad47d1d80", "user_id": null, "api_id": "rooms-recommend_study_rooms", "duration_ms": 2.72, "correlation_id": "7c63223b-7886-4961-a2a1-ad7ad47d1d80"}
{"timestamp": "2026-06-11 01:31:08,891", "level": "INFO", "logger_name": "django.server", "message": "\"POST /api/rooms/recommend/ HTTP/1.1\" 200 600"}
{"timestamp": "2026-06-11 01:31:14,941", "level": "INFO", "logger_name": "core.api", "message": "API Request Started: POST /api/rooms/recommend/", "request_id": "3a86cb9e-1a0b-495f-b341-f79957c8ceb2", "user_id": null, "api_id": "rooms-recommend_study_rooms", "correlation_id": "3a86cb9e-1a0b-495f-b341-f79957c8ceb2"}
{"timestamp": "2026-06-11 01:31:14,944", "level": "INFO", "logger_name": "core.api", "message": "API Response Completed: 200", "request_id": "3a86cb9e-1a0b-495f-b341-f79957c8ceb2", "user_id": null, "api_id": "rooms-recommend_study_rooms", "duration_ms": 3.65, "correlation_id": "3a86cb9e-1a0b-495f-b341-f79957c8ceb2"}
{"timestamp": "2026-06-11 01:31:14,946", "level": "INFO", "logger_name": "django.server", "message": "\"POST /api/rooms/recommend/ HTTP/1.1\" 200 4366"}
{"timestamp": "2026-06-11 01:31:16,952", "level": "INFO", "logger_name": "core.api", "message": "API Request Started: POST /api/rooms/recommend/", "request_id": "55fac31b-3933-4919-bddf-0016379434bf", "user_id": null, "api_id": "rooms-recommend_study_rooms", "correlation_id": "55fac31b-3933-4919-bddf-0016379434bf"}
{"timestamp": "2026-06-11 01:31:16,955", "level": "INFO", "logger_name": "core.api", "message": "API Response Completed: 200", "request_id": "55fac31b-3933-4919-bddf-0016379434bf", "user_id": null, "api_id": "rooms-recommend_study_rooms", "duration_ms": 2.84, "correlation_id": "55fac31b-3933-4919-bddf-0016379434bf"}
{"timestamp": "2026-06-11 01:31:16,956", "level": "INFO", "logger_name": "django.server", "message": "\"POST /api/rooms/recommend/ HTTP/1.1\" 200 4366"}
{"timestamp": "2026-06-11 01:31:45,184", "level": "INFO", "logger_name": "core.api", "message": "API Request Started: POST /api/rooms/recommend/", "request_id": "2da79e72-bf3f-47fa-a524-cc9b0b0e6691", "user_id": null, "api_id": "rooms-recommend_study_rooms", "correlation_id": "2da79e72-bf3f-47fa-a524-cc9b0b0e6691"}
{"timestamp": "2026-06-11 01:31:45,187", "level": "INFO", "logger_name": "core.api", "message": "API Response Completed: 200", "request_id": "2da79e72-bf3f-47fa-a524-cc9b0b0e6691", "user_id": null, "api_id": "rooms-recommend_study_rooms", "duration_ms": 2.57, "correlation_id": "2da79e72-bf3f-47fa-a524-cc9b0b0e6691"}
{"timestamp": "2026-06-11 01:31:45,187", "level": "INFO", "logger_name": "django.server", "message": "\"POST /api/rooms/recommend/ HTTP/1.1\" 200 4366"}
{"timestamp": "2026-06-11 01:31:49,720", "level": "INFO", "logger_name": "core.api", "message": "API Request Started: POST /api/rooms/recommend/", "request_id": "73afdd9b-a5b1-4dac-9a86-144fb41d5524", "user_id": null, "api_id": "rooms-recommend_study_rooms", "correlation_id": "73afdd9b-a5b1-4dac-9a86-144fb41d5524"}
{"timestamp": "2026-06-11 01:31:49,722", "level": "INFO", "logger_name": "core.api", "message": "API Response Completed: 200", "request_id": "73afdd9b-a5b1-4dac-9a86-144fb41d5524", "user_id": null, "api_id": "rooms-recommend_study_rooms", "duration_ms": 2.49, "correlation_id": "73afdd9b-a5b1-4dac-9a86-144fb41d5524"}
{"timestamp": "2026-06-11 01:31:49,723", "level": "INFO", "logger_name": "django.server", "message": "\"POST /api/rooms/recommend/ HTTP/1.1\" 200 600"}
{"timestamp": "2026-06-11 01:31:53,252", "level": "INFO", "logger_name": "core.api", "message": "API Request Started: POST /api/rooms/recommend/", "request_id": "2c997d6b-f096-4948-8241-4052ab52a6c0", "user_id": null, "api_id": "rooms-recommend_study_rooms", "correlation_id": "2c997d6b-f096-4948-8241-4052ab52a6c0"}
{"timestamp": "2026-06-11 01:31:53,255", "level": "INFO", "logger_name": "core.api", "message": "API Response Completed: 200", "request_id": "2c997d6b-f096-4948-8241-4052ab52a6c0", "user_id": null, "api_id": "rooms-recommend_study_rooms", "duration_ms": 2.61, "correlation_id": "2c997d6b-f096-4948-8241-4052ab52a6c0"}
{"timestamp": "2026-06-11 01:31:53,255", "level": "INFO", "logger_name": "django.server", "message": "\"POST /api/rooms/recommend/ HTTP/1.1\" 200 4366"}
{"timestamp": "2026-06-11 01:31:55,777", "level": "INFO", "logger_name": "core.api", "message": "API Request Started: POST /api/rooms/recommend/", "request_id": "dadcb167-21d2-4b33-b6bb-8472a62d444b", "user_id": null, "api_id": "rooms-recommend_study_rooms", "correlation_id": "dadcb167-21d2-4b33-b6bb-8472a62d444b"}
{"timestamp": "2026-06-11 01:31:55,780", "level": "INFO", "logger_name": "core.api", "message": "API Response Completed: 200", "request_id": "dadcb167-21d2-4b33-b6bb-8472a62d444b", "user_id": null, "api_id": "rooms-recommend_study_rooms", "duration_ms": 2.72, "correlation_id": "dadcb167-21d2-4b33-b6bb-8472a62d444b"}
{"timestamp": "2026-06-11 01:31:55,780", "level": "INFO", "logger_name": "django.server", "message": "\"POST /api/rooms/recommend/ HTTP/1.1\" 200 4366"}
{"timestamp": "2026-06-11 01:31:57,793", "level": "INFO", "logger_name": "core.api", "message": "API Request Started: POST /api/rooms/recommend/", "request_id": "990d97b3-f3e6-4388-8424-f512e7f05282", "user_id": null, "api_id": "rooms-recommend_study_rooms", "correlation_id": "990d97b3-f3e6-4388-8424-f512e7f05282"}
{"timestamp": "2026-06-11 01:31:57,795", "level": "INFO", "logger_name": "core.api", "message": "API Response Completed: 200", "request_id": "990d97b3-f3e6-4388-8424-f512e7f05282", "user_id": null, "api_id": "rooms-recommend_study_rooms", "duration_ms": 2.93, "correlation_id": "990d97b3-f3e6-4388-8424-f512e7f05282"}
{"timestamp": "2026-06-11 01:31:57,796", "level": "INFO", "logger_name": "django.server", "message": "\"POST /api/rooms/recommend/ HTTP/1.1\" 200 4366"}
{"timestamp": "2026-06-11 01:31:59,824", "level": "INFO", "logger_name": "core.api", "message": "API Request Started: POST /api/rooms/recommend/", "request_id": "a2db69d6-f0e0-48ad-a616-0d165a39d390", "user_id": null, "api_id": "rooms-recommend_study_rooms", "correlation_id": "a2db69d6-f0e0-48ad-a616-0d165a39d390"}
{"timestamp": "2026-06-11 01:31:59,828", "level": "INFO", "logger_name": "core.api", "message": "API Response Completed: 200", "request_id": "a2db69d6-f0e0-48ad-a616-0d165a39d390", "user_id": null, "api_id": "rooms-recommend_study_rooms", "duration_ms": 4.01, "correlation_id": "a2db69d6-f0e0-48ad-a616-0d165a39d390"}
{"timestamp": "2026-06-11 01:31:59,829", "level": "INFO", "logger_name": "django.server", "message": "\"POST /api/rooms/recommend/ HTTP/1.1\" 200 4366"}
{"timestamp": "2026-06-11 01:32:01,859", "level": "INFO", "logger_name": "core.api", "message": "API Request Started: POST /api/rooms/recommend/", "request_id": "df349fd3-f1bc-4205-9579-a85b7a49acd7", "user_id": null, "api_id": "rooms-recommend_study_rooms", "correlation_id": "df349fd3-f1bc-4205-9579-a85b7a49acd7"}
{"timestamp": "2026-06-11 01:32:01,862", "level": "INFO", "logger_name": "core.api", "message": "API Response Completed: 200", "request_id": "df349fd3-f1bc-4205-9579-a85b7a49acd7", "user_id": null, "api_id": "rooms-recommend_study_rooms", "duration_ms": 2.76, "correlation_id": "df349fd3-f1bc-4205-9579-a85b7a49acd7"}
{"timestamp": "2026-06-11 01:32:01,862", "level": "INFO", "logger_name": "django.server", "message": "\"POST /api/rooms/recommend/ HTTP/1.1\" 200 4366"}
{"timestamp": "2026-06-11 01:32:03,875", "level": "INFO", "logger_name": "core.api", "message": "API Request Started: POST /api/rooms/recommend/", "request_id": "a3aad209-2328-44e6-94e8-a89a52f2bdbd", "user_id": null, "api_id": "rooms-recommend_study_rooms", "correlation_id": "a3aad209-2328-44e6-94e8-a89a52f2bdbd"}
{"timestamp": "2026-06-11 01:32:03,878", "level": "INFO", "logger_name": "core.api", "message": "API Response Completed: 200", "request_id": "a3aad209-2328-44e6-94e8-a89a52f2bdbd", "user_id": null, "api_id": "rooms-recommend_study_rooms", "duration_ms": 3.3, "correlation_id": "a3aad209-2328-44e6-94e8-a89a52f2bdbd"}
{"timestamp": "2026-06-11 01:32:03,878", "level": "INFO", "logger_name": "django.server", "message": "\"POST /api/rooms/recommend/ HTTP/1.1\" 200 600"}
{"timestamp": "2026-06-11 01:36:20,362", "level": "INFO", "logger_name": "core.api", "message": "API Request Started: GET /api/rooms/reservations/", "request_id": "de621e70-2986-4db8-b873-6ad97d413c5f", "user_id": null, "api_id": "rooms-get_my_reservations", "correlation_id": "de621e70-2986-4db8-b873-6ad97d413c5f"}
{"timestamp": "2026-06-11 01:36:20,364", "level": "INFO", "logger_name": "core.api", "message": "API Response Completed: 200", "request_id": "de621e70-2986-4db8-b873-6ad97d413c5f", "user_id": null, "api_id": "rooms-get_my_reservations", "duration_ms": 2.31, "correlation_id": "de621e70-2986-4db8-b873-6ad97d413c5f"}
{"timestamp": "2026-06-11 01:36:20,365", "level": "INFO", "logger_name": "django.server", "message": "\"GET /api/rooms/reservations/ HTTP/1.1\" 200 51"}
{"timestamp": "2026-06-11 01:36:20,870", "level": "INFO", "logger_name": "core.api", "message": "API Request Started: POST /api/rooms/recommend/", "request_id": "6ffe379c-1495-400d-89f9-4258165f40c2", "user_id": null, "api_id": "rooms-recommend_study_rooms", "correlation_id": "6ffe379c-1495-400d-89f9-4258165f40c2"}
{"timestamp": "2026-06-11 01:36:20,873", "level": "INFO", "logger_name": "core.api", "message": "API Response Completed: 200", "request_id": "6ffe379c-1495-400d-89f9-4258165f40c2", "user_id": null, "api_id": "rooms-recommend_study_rooms", "duration_ms": 3.07, "correlation_id": "6ffe379c-1495-400d-89f9-4258165f40c2"}
{"timestamp": "2026-06-11 01:36:20,874", "level": "INFO", "logger_name": "django.server", "message": "\"POST /api/rooms/recommend/ HTTP/1.1\" 200 4032"}
{"timestamp": "2026-06-11 01:36:21,897", "level": "INFO", "logger_name": "core.api", "message": "API Request Started: POST /api/rooms/recommend/", "request_id": "2526b2be-eb4b-43bd-b992-30b2df3f9437", "user_id": null, "api_id": "rooms-recommend_study_rooms", "correlation_id": "2526b2be-eb4b-43bd-b992-30b2df3f9437"}
{"timestamp": "2026-06-11 01:36:21,901", "level": "INFO", "logger_name": "core.api", "message": "API Response Completed: 200", "request_id": "2526b2be-eb4b-43bd-b992-30b2df3f9437", "user_id": null, "api_id": "rooms-recommend_study_rooms", "duration_ms": 3.55, "correlation_id": "2526b2be-eb4b-43bd-b992-30b2df3f9437"}
{"timestamp": "2026-06-11 01:36:21,902", "level": "INFO", "logger_name": "django.server", "message": "\"POST /api/rooms/recommend/ HTTP/1.1\" 200 4032"}
{"timestamp": "2026-06-11 01:36:30,017", "level": "INFO", "logger_name": "django.utils.autoreload", "message": "Watching for file changes with StatReloader"}
{"timestamp": "2026-06-11 01:36:32,508", "level": "INFO", "logger_name": "core.api", "message": "API Request Started: GET /api/rooms/reservations/", "request_id": "725c4bac-3137-4453-8b14-3c3554e57684", "user_id": null, "api_id": "rooms-get_my_reservations", "correlation_id": "725c4bac-3137-4453-8b14-3c3554e57684"}
{"timestamp": "2026-06-11 01:36:32,518", "level": "INFO", "logger_name": "core.api", "message": "API Response Completed: 200", "request_id": "725c4bac-3137-4453-8b14-3c3554e57684", "user_id": null, "api_id": "rooms-get_my_reservations", "duration_ms": 10.22, "correlation_id": "725c4bac-3137-4453-8b14-3c3554e57684"}
{"timestamp": "2026-06-11 01:36:32,519", "level": "INFO", "logger_name": "django.server", "message": "\"GET /api/rooms/reservations/ HTTP/1.1\" 200 51"}
{"timestamp": "2026-06-11 01:36:40,065", "level": "INFO", "logger_name": "core.api", "message": "API Request Started: POST /api/rooms/recommend/", "request_id": "a6586921-481d-4b8c-bfb5-2d14e8b5ae28", "user_id": null, "api_id": "rooms-recommend_study_rooms", "correlation_id": "a6586921-481d-4b8c-bfb5-2d14e8b5ae28"}
{"timestamp": "2026-06-11 01:36:40,068", "level": "INFO", "logger_name": "core.api", "message": "API Response Completed: 200", "request_id": "a6586921-481d-4b8c-bfb5-2d14e8b5ae28", "user_id": null, "api_id": "rooms-recommend_study_rooms", "duration_ms": 2.72, "correlation_id": "a6586921-481d-4b8c-bfb5-2d14e8b5ae28"}
{"timestamp": "2026-06-11 01:36:40,068", "level": "INFO", "logger_name": "django.server", "message": "\"POST /api/rooms/recommend/ HTTP/1.1\" 200 4610"}
{"timestamp": "2026-06-11 01:36:44,614", "level": "INFO", "logger_name": "core.api", "message": "API Request Started: POST /api/rooms/recommend/", "request_id": "7450b51e-0829-4d6e-ad52-9b6c2556eaf0", "user_id": null, "api_id": "rooms-recommend_study_rooms", "correlation_id": "7450b51e-0829-4d6e-ad52-9b6c2556eaf0"}
{"timestamp": "2026-06-11 01:36:44,617", "level": "INFO", "logger_name": "core.api", "message": "API Response Completed: 200", "request_id": "7450b51e-0829-4d6e-ad52-9b6c2556eaf0", "user_id": null, "api_id": "rooms-recommend_study_rooms", "duration_ms": 2.74, "correlation_id": "7450b51e-0829-4d6e-ad52-9b6c2556eaf0"}
{"timestamp": "2026-06-11 01:36:44,618", "level": "INFO", "logger_name": "django.server", "message": "\"POST /api/rooms/recommend/ HTTP/1.1\" 200 4500"}
{"timestamp": "2026-06-11 01:36:46,131", "level": "INFO", "logger_name": "core.api", "message": "API Request Started: POST /api/rooms/recommend/", "request_id": "890ef46c-6de3-4ec1-9b0a-5ef1a0026c4b", "user_id": null, "api_id": "rooms-recommend_study_rooms", "correlation_id": "890ef46c-6de3-4ec1-9b0a-5ef1a0026c4b"}
{"timestamp": "2026-06-11 01:36:46,133", "level": "INFO", "logger_name": "core.api", "message": "API Response Completed: 200", "request_id": "890ef46c-6de3-4ec1-9b0a-5ef1a0026c4b", "user_id": null, "api_id": "rooms-recommend_study_rooms", "duration_ms": 3.03, "correlation_id": "890ef46c-6de3-4ec1-9b0a-5ef1a0026c4b"}
{"timestamp": "2026-06-11 01:36:46,134", "level": "INFO", "logger_name": "django.server", "message": "\"POST /api/rooms/recommend/ HTTP/1.1\" 200 4500"}
{"timestamp": "2026-06-11 01:36:47,642", "level": "INFO", "logger_name": "core.api", "message": "API Request Started: POST /api/rooms/recommend/", "request_id": "457e76c6-4f79-4059-becf-2131735e2b1b", "user_id": null, "api_id": "rooms-recommend_study_rooms", "correlation_id": "457e76c6-4f79-4059-becf-2131735e2b1b"}
{"timestamp": "2026-06-11 01:36:47,644", "level": "INFO", "logger_name": "core.api", "message": "API Response Completed: 200", "request_id": "457e76c6-4f79-4059-becf-2131735e2b1b", "user_id": null, "api_id": "rooms-recommend_study_rooms", "duration_ms": 2.54, "correlation_id": "457e76c6-4f79-4059-becf-2131735e2b1b"}
{"timestamp": "2026-06-11 01:36:47,645", "level": "INFO", "logger_name": "django.server", "message": "\"POST /api/rooms/recommend/ HTTP/1.1\" 200 1486"}
{"timestamp": "2026-06-11 01:37:42,749", "level": "INFO", "logger_name": "core.api", "message": "API Request Started: POST /api/rooms/recommend/", "request_id": "97c17e79-dc1d-433d-9c43-86936f6d6822", "user_id": null, "api_id": "rooms-recommend_study_rooms", "correlation_id": "97c17e79-dc1d-433d-9c43-86936f6d6822"}
{"timestamp": "2026-06-11 01:37:42,753", "level": "INFO", "logger_name": "core.api", "message": "API Response Completed: 200", "request_id": "97c17e79-dc1d-433d-9c43-86936f6d6822", "user_id": null, "api_id": "rooms-recommend_study_rooms", "duration_ms": 4.26, "correlation_id": "97c17e79-dc1d-433d-9c43-86936f6d6822"}
{"timestamp": "2026-06-11 01:37:42,754", "level": "INFO", "logger_name": "django.server", "message": "\"POST /api/rooms/recommend/ HTTP/1.1\" 200 3419"}
{"timestamp": "2026-06-11 01:38:35,643", "level": "INFO", "logger_name": "core.api", "message": "API Request Started: POST /api/students/login", "request_id": "dbee0581-c4a1-4528-8b5f-b6b823b637b0", "user_id": null, "api_id": "login-view", "correlation_id": "dbee0581-c4a1-4528-8b5f-b6b823b637b0"}
{"timestamp": "2026-06-11 01:38:35,644", "level": "INFO", "logger_name": "core.api.login", "message": "=== [API CALL] POST /students/login ==="}
{"timestamp": "2026-06-11 01:38:35,644", "level": "INFO", "logger_name": "core.api.login", "message": "Sending login request to e-Campus: https://cyber.gachon.ac.kr/login/index.php"}
{"timestamp": "2026-06-11 01:38:37,260", "level": "INFO", "logger_name": "core.api.login", "message": "e-Campus login successful for username: byou0070"}
{"timestamp": "2026-06-11 01:38:37,262", "level": "INFO", "logger_name": "core.api.login", "message": "Generated JWT tokens for returning student."}
{"timestamp": "2026-06-11 01:38:37,263", "level": "INFO", "logger_name": "core.api", "message": "API Response Completed: 200", "request_id": "dbee0581-c4a1-4528-8b5f-b6b823b637b0", "user_id": null, "api_id": "login-view", "duration_ms": 1620.56, "correlation_id": "dbee0581-c4a1-4528-8b5f-b6b823b637b0"}
{"timestamp": "2026-06-11 01:38:37,263", "level": "INFO", "logger_name": "django.server", "message": "\"POST /api/students/login HTTP/1.1\" 200 854"}
{"timestamp": "2026-06-11 01:38:37,796", "level": "INFO", "logger_name": "core.api", "message": "API Request Started: GET /api/topics/active/", "request_id": "16230ea5-59b4-4a79-afd5-e5b358617477", "user_id": null, "api_id": "topic_api-get_active_topic", "correlation_id": "16230ea5-59b4-4a79-afd5-e5b358617477"}
{"timestamp": "2026-06-11 01:38:37,799", "level": "INFO", "logger_name": "core.api", "message": "API Response Completed: 200", "request_id": "16230ea5-59b4-4a79-afd5-e5b358617477", "user_id": null, "api_id": "topic_api-get_active_topic", "duration_ms": 2.87, "correlation_id": "16230ea5-59b4-4a79-afd5-e5b358617477"}
{"timestamp": "2026-06-11 01:38:37,799", "level": "INFO", "logger_name": "django.server", "message": "\"GET /api/topics/active/ HTTP/1.1\" 200 297"}
{"timestamp": "2026-06-11 01:38:38,369", "level": "INFO", "logger_name": "core.api", "message": "API Request Started: GET /api/rooms/reservations/", "request_id": "189bcf57-c1d8-4629-9ad8-b475b8ab9c25", "user_id": null, "api_id": "rooms-get_my_reservations", "correlation_id": "189bcf57-c1d8-4629-9ad8-b475b8ab9c25"}
{"timestamp": "2026-06-11 01:38:38,371", "level": "INFO", "logger_name": "core.api", "message": "API Response Completed: 200", "request_id": "189bcf57-c1d8-4629-9ad8-b475b8ab9c25", "user_id": null, "api_id": "rooms-get_my_reservations", "duration_ms": 1.88, "correlation_id": "189bcf57-c1d8-4629-9ad8-b475b8ab9c25"}
{"timestamp": "2026-06-11 01:38:38,371", "level": "INFO", "logger_name": "django.server", "message": "\"GET /api/rooms/reservations/ HTTP/1.1\" 200 51"}
{"timestamp": "2026-06-11 01:38:38,874", "level": "INFO", "logger_name": "core.api", "message": "API Request Started: GET /api/topics/12/vote/stat/", "request_id": "3299b2d8-237b-4e77-b9e0-b90bd172c4c2", "user_id": null, "api_id": "topic_api-get_vote_stat", "correlation_id": "3299b2d8-237b-4e77-b9e0-b90bd172c4c2"}
{"timestamp": "2026-06-11 01:38:38,876", "level": "INFO", "logger_name": "core.api", "message": "API Response Completed: 200", "request_id": "3299b2d8-237b-4e77-b9e0-b90bd172c4c2", "user_id": null, "api_id": "topic_api-get_vote_stat", "duration_ms": 3.12, "correlation_id": "3299b2d8-237b-4e77-b9e0-b90bd172c4c2"}
{"timestamp": "2026-06-11 01:38:38,877", "level": "INFO", "logger_name": "django.server", "message": "\"GET /api/topics/12/vote/stat/ HTTP/1.1\" 200 99"}
{"timestamp": "2026-06-11 01:38:45,959", "level": "INFO", "logger_name": "core.api", "message": "API Request Started: POST /api/rooms/recommend/", "request_id": "4882f11e-47e2-4178-ad0c-316769b09ae3", "user_id": null, "api_id": "rooms-recommend_study_rooms", "correlation_id": "4882f11e-47e2-4178-ad0c-316769b09ae3"}
{"timestamp": "2026-06-11 01:38:45,963", "level": "INFO", "logger_name": "core.api", "message": "API Response Completed: 200", "request_id": "4882f11e-47e2-4178-ad0c-316769b09ae3", "user_id": null, "api_id": "rooms-recommend_study_rooms", "duration_ms": 4.13, "correlation_id": "4882f11e-47e2-4178-ad0c-316769b09ae3"}
{"timestamp": "2026-06-11 01:38:45,964", "level": "INFO", "logger_name": "django.server", "message": "\"POST /api/rooms/recommend/ HTTP/1.1\" 200 3419"}
{"timestamp": "2026-06-11 01:38:59,424", "level": "INFO", "logger_name": "core.api", "message": "API Request Started: GET /api/topics/", "request_id": "1b22475c-c87d-4ad6-8abb-215ee1333028", "user_id": null, "api_id": "topic_api-get_topic_list", "correlation_id": "1b22475c-c87d-4ad6-8abb-215ee1333028"}
{"timestamp": "2026-06-11 01:38:59,432", "level": "INFO", "logger_name": "core.api", "message": "API Response Completed: 200", "request_id": "1b22475c-c87d-4ad6-8abb-215ee1333028", "user_id": null, "api_id": "topic_api-get_topic_list", "duration_ms": 7.36, "correlation_id": "1b22475c-c87d-4ad6-8abb-215ee1333028"}
{"timestamp": "2026-06-11 01:38:59,432", "level": "INFO", "logger_name": "django.server", "message": "\"GET /api/topics/ HTTP/1.1\" 200 3267"}
{"timestamp": "2026-06-11 01:39:00,460", "level": "INFO", "logger_name": "core.api", "message": "API Request Started: GET /api/topics/12/comments/list/", "request_id": "b774402f-9a02-490e-bb2a-130acc5274ed", "user_id": null, "api_id": "topic_api-get_topic_comments", "correlation_id": "b774402f-9a02-490e-bb2a-130acc5274ed"}
{"timestamp": "2026-06-11 01:39:00,461", "level": "INFO", "logger_name": "core.api", "message": "API Request Started: GET /api/topics/12/comments/list/", "request_id": "63d5c2af-2098-4eb0-9ee2-d473c0b2a7ed", "user_id": null, "api_id": "topic_api-get_topic_comments", "correlation_id": "63d5c2af-2098-4eb0-9ee2-d473c0b2a7ed"}
{"timestamp": "2026-06-11 01:39:00,479", "level": "INFO", "logger_name": "core.api", "message": "API Response Completed: 200", "request_id": "b774402f-9a02-490e-bb2a-130acc5274ed", "user_id": null, "api_id": "topic_api-get_topic_comments", "duration_ms": 18.99, "correlation_id": "b774402f-9a02-490e-bb2a-130acc5274ed"}
{"timestamp": "2026-06-11 01:39:00,480", "level": "INFO", "logger_name": "core.api", "message": "API Response Completed: 200", "request_id": "63d5c2af-2098-4eb0-9ee2-d473c0b2a7ed", "user_id": null, "api_id": "topic_api-get_topic_comments", "duration_ms": 19.51, "correlation_id": "63d5c2af-2098-4eb0-9ee2-d473c0b2a7ed"}
{"timestamp": "2026-06-11 01:39:00,481", "level": "INFO", "logger_name": "django.server", "message": "\"GET /api/topics/12/comments/list/?opinion=false&sort=latest HTTP/1.1\" 200 4807"}
{"timestamp": "2026-06-11 01:39:00,481", "level": "INFO", "logger_name": "django.server", "message": "\"GET /api/topics/12/comments/list/?opinion=true&sort=latest HTTP/1.1\" 200 4886"}
{"timestamp": "2026-06-11 01:39:03,991", "level": "INFO", "logger_name": "core.api", "message": "API Request Started: GET /api/topics/12/comments/list/", "request_id": "72bd54db-6fcf-4ec2-ab7a-7086ba4754f6", "user_id": null, "api_id": "topic_api-get_topic_comments", "correlation_id": "72bd54db-6fcf-4ec2-ab7a-7086ba4754f6"}
{"timestamp": "2026-06-11 01:39:04,000", "level": "INFO", "logger_name": "core.api", "message": "API Response Completed: 200", "request_id": "72bd54db-6fcf-4ec2-ab7a-7086ba4754f6", "user_id": null, "api_id": "topic_api-get_topic_comments", "duration_ms": 9.22, "correlation_id": "72bd54db-6fcf-4ec2-ab7a-7086ba4754f6"}
{"timestamp": "2026-06-11 01:39:04,001", "level": "INFO", "logger_name": "django.server", "message": "\"GET /api/topics/12/comments/list/?opinion=true&sort=like HTTP/1.1\" 200 4863"}
{"timestamp": "2026-06-11 01:39:06,515", "level": "INFO", "logger_name": "core.api", "message": "API Request Started: GET /api/topics/12/comments/list/", "request_id": "82b564af-3324-48df-88dd-209e7b28596b", "user_id": null, "api_id": "topic_api-get_topic_comments", "correlation_id": "82b564af-3324-48df-88dd-209e7b28596b"}
{"timestamp": "2026-06-11 01:39:06,525", "level": "INFO", "logger_name": "core.api", "message": "API Response Completed: 200", "request_id": "82b564af-3324-48df-88dd-209e7b28596b", "user_id": null, "api_id": "topic_api-get_topic_comments", "duration_ms": 9.37, "correlation_id": "82b564af-3324-48df-88dd-209e7b28596b"}
{"timestamp": "2026-06-11 01:39:06,525", "level": "INFO", "logger_name": "django.server", "message": "\"GET /api/topics/12/comments/list/?opinion=false&sort=like HTTP/1.1\" 200 4808"}
{"timestamp": "2026-06-11 01:39:10,587", "level": "INFO", "logger_name": "core.api", "message": "API Request Started: GET /api/topics/12/vote/stat/", "request_id": "393c6d77-8a9a-4cc6-85e5-c70e62cd661f", "user_id": null, "api_id": "topic_api-get_vote_stat", "correlation_id": "393c6d77-8a9a-4cc6-85e5-c70e62cd661f"}
{"timestamp": "2026-06-11 01:39:10,589", "level": "INFO", "logger_name": "core.api", "message": "API Response Completed: 200", "request_id": "393c6d77-8a9a-4cc6-85e5-c70e62cd661f", "user_id": null, "api_id": "topic_api-get_vote_stat", "duration_ms": 2.23, "correlation_id": "393c6d77-8a9a-4cc6-85e5-c70e62cd661f"}
{"timestamp": "2026-06-11 01:39:10,589", "level": "INFO", "logger_name": "django.server", "message": "\"GET /api/topics/12/vote/stat/ HTTP/1.1\" 200 99"}
{"timestamp": "2026-06-11 01:39:13,118", "level": "INFO", "logger_name": "core.api", "message": "API Request Started: GET /api/topics/12/comments/list/", "request_id": "e19c53d6-3226-42ed-8ace-7cd0c0d2ee8a", "user_id": null, "api_id": "topic_api-get_topic_comments", "correlation_id": "e19c53d6-3226-42ed-8ace-7cd0c0d2ee8a"}
{"timestamp": "2026-06-11 01:39:13,128", "level": "INFO", "logger_name": "core.api", "message": "API Response Completed: 200", "request_id": "e19c53d6-3226-42ed-8ace-7cd0c0d2ee8a", "user_id": null, "api_id": "topic_api-get_topic_comments", "duration_ms": 9.71, "correlation_id": "e19c53d6-3226-42ed-8ace-7cd0c0d2ee8a"}
{"timestamp": "2026-06-11 01:39:13,128", "level": "INFO", "logger_name": "django.server", "message": "\"GET /api/topics/12/comments/list/?opinion=true&sort=latest HTTP/1.1\" 200 4886"}
{"timestamp": "2026-06-11 15:46:08,945", "level": "INFO", "logger_name": "django.utils.autoreload", "message": "Watching for file changes with StatReloader"}
{"timestamp": "2026-06-11 15:47:03,359", "level": "INFO", "logger_name": "core.api", "message": "API Request Started: GET /api/students/info", "request_id": "86373c4e-64da-415d-8864-b3603f385199", "user_id": null, "api_id": "auth-view", "correlation_id": "86373c4e-64da-415d-8864-b3603f385199"}
{"timestamp": "2026-06-11 15:47:03,359", "level": "INFO", "logger_name": "core.api.auth", "message": "=== [API CALL] GET /students/info ==="}
{"timestamp": "2026-06-11 15:47:03,380", "level": "INFO", "logger_name": "core.api", "message": "API Response Completed: 200", "request_id": "86373c4e-64da-415d-8864-b3603f385199", "user_id": null, "api_id": "auth-view", "duration_ms": 21.67, "correlation_id": "86373c4e-64da-415d-8864-b3603f385199"}
{"timestamp": "2026-06-11 15:47:03,392", "level": "INFO", "logger_name": "django.server", "message": "\"GET /api/students/info HTTP/1.1\" 200 256"}
{"timestamp": "2026-06-11 15:47:04,823", "level": "INFO", "logger_name": "core.api", "message": "API Request Started: GET /api/topics/active/", "request_id": "ae32cd1a-20a0-4a14-8923-94f9eab57f20", "user_id": null, "api_id": "topic_api-get_active_topic", "correlation_id": "ae32cd1a-20a0-4a14-8923-94f9eab57f20"}
{"timestamp": "2026-06-11 15:47:04,826", "level": "INFO", "logger_name": "core.api", "message": "API Response Completed: 200", "request_id": "ae32cd1a-20a0-4a14-8923-94f9eab57f20", "user_id": null, "api_id": "topic_api-get_active_topic", "duration_ms": 3.5, "correlation_id": "ae32cd1a-20a0-4a14-8923-94f9eab57f20"}
{"timestamp": "2026-06-11 15:47:04,826", "level": "INFO", "logger_name": "django.server", "message": "\"GET /api/topics/active/ HTTP/1.1\" 200 297"}
{"timestamp": "2026-06-11 15:47:05,527", "level": "INFO", "logger_name": "core.api", "message": "API Request Started: GET /api/topics/12/vote/stat/", "request_id": "cc9dd4e3-4251-47c8-b230-6b763271196a", "user_id": null, "api_id": "topic_api-get_vote_stat", "correlation_id": "cc9dd4e3-4251-47c8-b230-6b763271196a"}
{"timestamp": "2026-06-11 15:47:05,530", "level": "INFO", "logger_name": "core.api", "message": "API Response Completed: 200", "request_id": "cc9dd4e3-4251-47c8-b230-6b763271196a", "user_id": null, "api_id": "topic_api-get_vote_stat", "duration_ms": 3.18, "correlation_id": "cc9dd4e3-4251-47c8-b230-6b763271196a"}
{"timestamp": "2026-06-11 15:47:05,531", "level": "INFO", "logger_name": "django.server", "message": "\"GET /api/topics/12/vote/stat/ HTTP/1.1\" 200 99"}
{"timestamp": "2026-06-11 15:47:33,407", "level": "INFO", "logger_name": "core.api", "message": "API Request Started: GET /api/students/me/lost-items", "request_id": "3ba5186a-22dd-4adf-842d-8af54756f024", "user_id": null, "api_id": "losts-get_my_lost_items", "correlation_id": "3ba5186a-22dd-4adf-842d-8af54756f024"}
{"timestamp": "2026-06-11 15:47:33,409", "level": "INFO", "logger_name": "core.api", "message": "API Request Started: POST /api/lost-items/search/", "request_id": "1483c697-add3-47ec-b3ec-87555bb38066", "user_id": null, "api_id": "losts-search_lost_items", "correlation_id": "1483c697-add3-47ec-b3ec-87555bb38066"}
{"timestamp": "2026-06-11 15:47:33,412", "level": "INFO", "logger_name": "core.api", "message": "API Response Completed: 200", "request_id": "3ba5186a-22dd-4adf-842d-8af54756f024", "user_id": null, "api_id": "losts-get_my_lost_items", "duration_ms": 4.87, "correlation_id": "3ba5186a-22dd-4adf-842d-8af54756f024"}
{"timestamp": "2026-06-11 15:47:33,413", "level": "INFO", "logger_name": "django.server", "message": "\"GET /api/students/me/lost-items?page=1&limit=10 HTTP/1.1\" 200 720"}
{"timestamp": "2026-06-11 15:47:33,416", "level": "INFO", "logger_name": "core.api", "message": "API Response Completed: 200", "request_id": "1483c697-add3-47ec-b3ec-87555bb38066", "user_id": null, "api_id": "losts-search_lost_items", "duration_ms": 7.52, "correlation_id": "1483c697-add3-47ec-b3ec-87555bb38066"}
{"timestamp": "2026-06-11 15:47:33,417", "level": "INFO", "logger_name": "django.server", "message": "\"POST /api/lost-items/search/ HTTP/1.1\" 200 6292"}
{"timestamp": "2026-06-11 15:47:34,429", "level": "INFO", "logger_name": "core.api", "message": "API Request Started: GET /media/lost_items/scaled_579e8972-8cfd-4a6e-921b-29cc6ce5b88e5500024088068897382.jpg", "request_id": "faa7f486-7cb4-4e8f-ad38-60e3a62f3828", "user_id": null, "api_id": "static-serve", "correlation_id": "faa7f486-7cb4-4e8f-ad38-60e3a62f3828"}
{"timestamp": "2026-06-11 15:47:34,546", "level": "INFO", "logger_name": "core.api", "message": "API Response Completed: 200", "request_id": "faa7f486-7cb4-4e8f-ad38-60e3a62f3828", "user_id": null, "api_id": "static-serve", "duration_ms": 116.97, "correlation_id": "faa7f486-7cb4-4e8f-ad38-60e3a62f3828"}
{"timestamp": "2026-06-11 15:47:34,547", "level": "INFO", "logger_name": "django.server", "message": "\"GET /media/lost_items/scaled_579e8972-8cfd-4a6e-921b-29cc6ce5b88e5500024088068897382.jpg HTTP/1.1\" 200 29019"}
{"timestamp": "2026-06-11 15:47:35,448", "level": "INFO", "logger_name": "core.api", "message": "API Request Started: GET /api/lost-items/16/comments/", "request_id": "30704249-4a32-45b1-94b5-52dd23f5c05d", "user_id": null, "api_id": "comments-handle_comments", "correlation_id": "30704249-4a32-45b1-94b5-52dd23f5c05d"}
{"timestamp": "2026-06-11 15:47:35,451", "level": "INFO", "logger_name": "core.api", "message": "API Response Completed: 200", "request_id": "30704249-4a32-45b1-94b5-52dd23f5c05d", "user_id": null, "api_id": "comments-handle_comments", "duration_ms": 3.23, "correlation_id": "30704249-4a32-45b1-94b5-52dd23f5c05d"}
{"timestamp": "2026-06-11 15:47:35,451", "level": "INFO", "logger_name": "django.server", "message": "\"GET /api/lost-items/16/comments/ HTTP/1.1\" 200 33"}
{"timestamp": "2026-06-11 15:47:39,527", "level": "INFO", "logger_name": "core.api", "message": "API Request Started: GET /api/lost-items/8/comments/", "request_id": "bc29ab3d-f68a-46ef-89be-bc183b059131", "user_id": null, "api_id": "comments-handle_comments", "correlation_id": "bc29ab3d-f68a-46ef-89be-bc183b059131"}
{"timestamp": "2026-06-11 15:47:39,530", "level": "INFO", "logger_name": "core.api", "message": "API Response Completed: 200", "request_id": "bc29ab3d-f68a-46ef-89be-bc183b059131", "user_id": null, "api_id": "comments-handle_comments", "duration_ms": 2.86, "correlation_id": "bc29ab3d-f68a-46ef-89be-bc183b059131"}
{"timestamp": "2026-06-11 15:47:39,531", "level": "INFO", "logger_name": "django.server", "message": "\"GET /api/lost-items/8/comments/ HTTP/1.1\" 200 219"}
{"timestamp": "2026-06-11 15:47:42,247", "level": "INFO", "logger_name": "core.api", "message": "API Request Started: GET /api/lost-items/5/comments/", "request_id": "f55fa430-8df1-47c8-adba-a55628fa0a1f", "user_id": null, "api_id": "comments-handle_comments", "correlation_id": "f55fa430-8df1-47c8-adba-a55628fa0a1f"}
{"timestamp": "2026-06-11 15:47:42,250", "level": "INFO", "logger_name": "core.api", "message": "API Response Completed: 200", "request_id": "f55fa430-8df1-47c8-adba-a55628fa0a1f", "user_id": null, "api_id": "comments-handle_comments", "duration_ms": 2.87, "correlation_id": "f55fa430-8df1-47c8-adba-a55628fa0a1f"}
{"timestamp": "2026-06-11 15:47:42,250", "level": "INFO", "logger_name": "django.server", "message": "\"GET /api/lost-items/5/comments/ HTTP/1.1\" 200 33"}
{"timestamp": "2026-06-11 15:47:47,422", "level": "INFO", "logger_name": "core.api", "message": "API Request Started: GET /api/lost-items/1/comments/", "request_id": "8210e86c-bf94-47d0-a965-5b5f810801df", "user_id": null, "api_id": "comments-handle_comments", "correlation_id": "8210e86c-bf94-47d0-a965-5b5f810801df"}
{"timestamp": "2026-06-11 15:47:47,424", "level": "INFO", "logger_name": "core.api", "message": "API Response Completed: 200", "request_id": "8210e86c-bf94-47d0-a965-5b5f810801df", "user_id": null, "api_id": "comments-handle_comments", "duration_ms": 2.82, "correlation_id": "8210e86c-bf94-47d0-a965-5b5f810801df"}
{"timestamp": "2026-06-11 15:47:47,425", "level": "INFO", "logger_name": "django.server", "message": "\"GET /api/lost-items/1/comments/ HTTP/1.1\" 200 205"}
{"timestamp": "2026-06-11 16:40:16,372", "level": "INFO", "logger_name": "django.utils.autoreload", "message": "Watching for file changes with StatReloader"}
{"timestamp": "2026-06-11 16:41:52,691", "level": "INFO", "logger_name": "core.api", "message": "API Request Started: POST /api/students/login", "request_id": "db3ea37d-499e-47ce-bcfb-ac9b1df30f86", "user_id": null, "api_id": "login-view", "correlation_id": "db3ea37d-499e-47ce-bcfb-ac9b1df30f86"}
{"timestamp": "2026-06-11 16:41:52,691", "level": "INFO", "logger_name": "core.api.login", "message": "=== [API CALL] POST /students/login ==="}
{"timestamp": "2026-06-11 16:41:52,691", "level": "INFO", "logger_name": "core.api.login", "message": "Sending login request to e-Campus: https://cyber.gachon.ac.kr/login/index.php"}
{"timestamp": "2026-06-11 16:41:54,374", "level": "INFO", "logger_name": "core.api.login", "message": "e-Campus login successful for username: byou0070"}
{"timestamp": "2026-06-11 16:41:54,382", "level": "INFO", "logger_name": "core.api.login", "message": "Generated JWT tokens for returning student."}
{"timestamp": "2026-06-11 16:41:54,383", "level": "INFO", "logger_name": "core.api", "message": "API Response Completed: 200", "request_id": "db3ea37d-499e-47ce-bcfb-ac9b1df30f86", "user_id": null, "api_id": "login-view", "duration_ms": 1692.68, "correlation_id": "db3ea37d-499e-47ce-bcfb-ac9b1df30f86"}
{"timestamp": "2026-06-11 16:41:54,385", "level": "INFO", "logger_name": "django.server", "message": "\"POST /api/students/login HTTP/1.1\" 200 854"}
{"timestamp": "2026-06-11 16:41:54,654", "level": "INFO", "logger_name": "core.api", "message": "API Request Started: GET /api/topics/active/", "request_id": "105e3e59-595f-40c7-b0b3-3292c1862563", "user_id": null, "api_id": "topic_api-get_active_topic", "correlation_id": "105e3e59-595f-40c7-b0b3-3292c1862563"}
{"timestamp": "2026-06-11 16:41:54,657", "level": "INFO", "logger_name": "core.api", "message": "API Response Completed: 200", "request_id": "105e3e59-595f-40c7-b0b3-3292c1862563", "user_id": null, "api_id": "topic_api-get_active_topic", "duration_ms": 3.04, "correlation_id": "105e3e59-595f-40c7-b0b3-3292c1862563"}
{"timestamp": "2026-06-11 16:41:54,658", "level": "INFO", "logger_name": "django.server", "message": "\"GET /api/topics/active/ HTTP/1.1\" 200 297"}
{"timestamp": "2026-06-11 16:41:54,713", "level": "INFO", "logger_name": "core.api", "message": "API Request Started: GET /api/topics/12/vote/stat/", "request_id": "74e7a188-1c22-48ec-8a3e-6e557c851d4b", "user_id": null, "api_id": "topic_api-get_vote_stat", "correlation_id": "74e7a188-1c22-48ec-8a3e-6e557c851d4b"}
{"timestamp": "2026-06-11 16:41:54,716", "level": "INFO", "logger_name": "core.api", "message": "API Response Completed: 200", "request_id": "74e7a188-1c22-48ec-8a3e-6e557c851d4b", "user_id": null, "api_id": "topic_api-get_vote_stat", "duration_ms": 2.53, "correlation_id": "74e7a188-1c22-48ec-8a3e-6e557c851d4b"}
{"timestamp": "2026-06-11 16:41:54,716", "level": "INFO", "logger_name": "django.server", "message": "\"GET /api/topics/12/vote/stat/ HTTP/1.1\" 200 99"}
{"timestamp": "2026-06-11 16:42:03,517", "level": "INFO", "logger_name": "core.api", "message": "API Request Started: GET /api/students/me/lost-items", "request_id": "b152f376-5b7f-4233-b5b8-8bdee6473f1d", "user_id": null, "api_id": "losts-get_my_lost_items", "correlation_id": "b152f376-5b7f-4233-b5b8-8bdee6473f1d"}
{"timestamp": "2026-06-11 16:42:03,517", "level": "INFO", "logger_name": "core.api", "message": "API Request Started: POST /api/lost-items/search/", "request_id": "7e4ecd7c-5284-4dd1-99ea-0f5b1364286d", "user_id": null, "api_id": "losts-search_lost_items", "correlation_id": "7e4ecd7c-5284-4dd1-99ea-0f5b1364286d"}
{"timestamp": "2026-06-11 16:42:03,520", "level": "INFO", "logger_name": "core.api", "message": "API Response Completed: 200", "request_id": "b152f376-5b7f-4233-b5b8-8bdee6473f1d", "user_id": null, "api_id": "losts-get_my_lost_items", "duration_ms": 3.52, "correlation_id": "b152f376-5b7f-4233-b5b8-8bdee6473f1d"}
{"timestamp": "2026-06-11 16:42:03,521", "level": "INFO", "logger_name": "django.server", "message": "\"GET /api/students/me/lost-items?page=1&limit=10 HTTP/1.1\" 200 720"}
{"timestamp": "2026-06-11 16:42:03,523", "level": "INFO", "logger_name": "core.api", "message": "API Response Completed: 200", "request_id": "7e4ecd7c-5284-4dd1-99ea-0f5b1364286d", "user_id": null, "api_id": "losts-search_lost_items", "duration_ms": 6.46, "correlation_id": "7e4ecd7c-5284-4dd1-99ea-0f5b1364286d"}
{"timestamp": "2026-06-11 16:42:03,524", "level": "INFO", "logger_name": "django.server", "message": "\"POST /api/lost-items/search/ HTTP/1.1\" 200 6292"}
{"timestamp": "2026-06-11 16:42:03,655", "level": "INFO", "logger_name": "core.api", "message": "API Request Started: GET /media/lost_items/scaled_579e8972-8cfd-4a6e-921b-29cc6ce5b88e5500024088068897382.jpg", "request_id": "d20a825e-4427-491e-9261-fb83e30c696e", "user_id": null, "api_id": "static-serve", "correlation_id": "d20a825e-4427-491e-9261-fb83e30c696e"}
{"timestamp": "2026-06-11 16:42:03,770", "level": "INFO", "logger_name": "core.api", "message": "API Response Completed: 200", "request_id": "d20a825e-4427-491e-9261-fb83e30c696e", "user_id": null, "api_id": "static-serve", "duration_ms": 114.43, "correlation_id": "d20a825e-4427-491e-9261-fb83e30c696e"}
{"timestamp": "2026-06-11 16:42:03,771", "level": "INFO", "logger_name": "django.server", "message": "\"GET /media/lost_items/scaled_579e8972-8cfd-4a6e-921b-29cc6ce5b88e5500024088068897382.jpg HTTP/1.1\" 200 29019"}
{"timestamp": "2026-06-11 16:43:09,499", "level": "INFO", "logger_name": "core.api", "message": "API Request Started: GET /api/lost-items/16/comments/", "request_id": "abdc42fd-350b-4188-b8da-e156075aec38", "user_id": null, "api_id": "comments-handle_comments", "correlation_id": "abdc42fd-350b-4188-b8da-e156075aec38"}
{"timestamp": "2026-06-11 16:43:09,501", "level": "INFO", "logger_name": "core.api", "message": "API Response Completed: 200", "request_id": "abdc42fd-350b-4188-b8da-e156075aec38", "user_id": null, "api_id": "comments-handle_comments", "duration_ms": 2.07, "correlation_id": "abdc42fd-350b-4188-b8da-e156075aec38"}
{"timestamp": "2026-06-11 16:43:09,501", "level": "INFO", "logger_name": "django.server", "message": "\"GET /api/lost-items/16/comments/ HTTP/1.1\" 200 33"}
{"timestamp": "2026-06-11 16:43:17,451", "level": "INFO", "logger_name": "core.api", "message": "API Request Started: DELETE /api/students/me/lost-items/16", "request_id": "b00a2245-fd2f-470d-a1b0-07dd166ebd82", "user_id": null, "api_id": "losts-update_lost_item", "correlation_id": "b00a2245-fd2f-470d-a1b0-07dd166ebd82"}
{"timestamp": "2026-06-11 16:43:17,498", "level": "INFO", "logger_name": "core.api", "message": "API Response Completed: 200", "request_id": "b00a2245-fd2f-470d-a1b0-07dd166ebd82", "user_id": null, "api_id": "losts-update_lost_item", "duration_ms": 47.04, "correlation_id": "b00a2245-fd2f-470d-a1b0-07dd166ebd82"}
{"timestamp": "2026-06-11 16:43:17,499", "level": "INFO", "logger_name": "django.server", "message": "\"DELETE /api/students/me/lost-items/16 HTTP/1.1\" 200 104"}
{"timestamp": "2026-06-11 16:43:19,337", "level": "INFO", "logger_name": "core.api", "message": "API Request Started: POST /api/lost-items/search/", "request_id": "4a791210-9fa8-4621-9294-4d373aad142e", "user_id": null, "api_id": "losts-search_lost_items", "correlation_id": "4a791210-9fa8-4621-9294-4d373aad142e"}
{"timestamp": "2026-06-11 16:43:19,344", "level": "INFO", "logger_name": "core.api", "message": "API Response Completed: 200", "request_id": "4a791210-9fa8-4621-9294-4d373aad142e", "user_id": null, "api_id": "losts-search_lost_items", "duration_ms": 7.32, "correlation_id": "4a791210-9fa8-4621-9294-4d373aad142e"}
{"timestamp": "2026-06-11 16:43:19,345", "level": "INFO", "logger_name": "django.server", "message": "\"POST /api/lost-items/search/ HTTP/1.1\" 200 5764"}
{"timestamp": "2026-06-11 16:43:54,411", "level": "INFO", "logger_name": "core.api", "message": "API Request Started: POST /api/lost-items", "request_id": "4ff5b389-08f7-4ca5-a04b-a39e9a06caf9", "user_id": null, "api_id": "losts-handle_lost_items", "correlation_id": "4ff5b389-08f7-4ca5-a04b-a39e9a06caf9"}
{"timestamp": "2026-06-11 16:43:54,458", "level": "INFO", "logger_name": "core.api", "message": "API Response Completed: 201", "request_id": "4ff5b389-08f7-4ca5-a04b-a39e9a06caf9", "user_id": null, "api_id": "losts-handle_lost_items", "duration_ms": 47.58, "correlation_id": "4ff5b389-08f7-4ca5-a04b-a39e9a06caf9"}
{"timestamp": "2026-06-11 16:43:54,459", "level": "INFO", "logger_name": "django.server", "message": "\"POST /api/lost-items HTTP/1.1\" 201 514"}
{"timestamp": "2026-06-11 16:43:54,608", "level": "INFO", "logger_name": "core.api", "message": "API Request Started: POST /api/lost-items/search/", "request_id": "96d60d73-25f0-4042-a57a-849651db0df5", "user_id": null, "api_id": "losts-search_lost_items", "correlation_id": "96d60d73-25f0-4042-a57a-849651db0df5"}
{"timestamp": "2026-06-11 16:43:54,613", "level": "INFO", "logger_name": "core.api", "message": "API Response Completed: 200", "request_id": "96d60d73-25f0-4042-a57a-849651db0df5", "user_id": null, "api_id": "losts-search_lost_items", "duration_ms": 5.12, "correlation_id": "96d60d73-25f0-4042-a57a-849651db0df5"}
{"timestamp": "2026-06-11 16:43:54,614", "level": "INFO", "logger_name": "django.server", "message": "\"POST /api/lost-items/search/ HTTP/1.1\" 200 6173"}
{"timestamp": "2026-06-11 18:16:30,690", "level": "INFO", "logger_name": "core.api", "message": "API Request Started: POST /api/lost-items/search/", "request_id": "32471375-c9a1-4dff-86f1-567ba9307a91", "user_id": null, "api_id": "losts-search_lost_items", "correlation_id": "32471375-c9a1-4dff-86f1-567ba9307a91"}
{"timestamp": "2026-06-11 18:16:30,695", "level": "INFO", "logger_name": "core.api", "message": "API Response Completed: 200", "request_id": "32471375-c9a1-4dff-86f1-567ba9307a91", "user_id": null, "api_id": "losts-search_lost_items", "duration_ms": 5.23, "correlation_id": "32471375-c9a1-4dff-86f1-567ba9307a91"}
{"timestamp": "2026-06-11 18:16:30,696", "level": "INFO", "logger_name": "django.server", "message": "\"POST /api/lost-items/search/ HTTP/1.1\" 200 6173"}
{"timestamp": "2026-06-11 18:16:41,187", "level": "INFO", "logger_name": "core.api", "message": "API Request Started: GET /api/lost-items/17/comments/", "request_id": "0ab47ec7-d0cf-47b7-9ecc-bf43bc57c8c5", "user_id": null, "api_id": "comments-handle_comments", "correlation_id": "0ab47ec7-d0cf-47b7-9ecc-bf43bc57c8c5"}
{"timestamp": "2026-06-11 18:16:41,189", "level": "INFO", "logger_name": "core.api", "message": "API Response Completed: 200", "request_id": "0ab47ec7-d0cf-47b7-9ecc-bf43bc57c8c5", "user_id": null, "api_id": "comments-handle_comments", "duration_ms": 2.19, "correlation_id": "0ab47ec7-d0cf-47b7-9ecc-bf43bc57c8c5"}
{"timestamp": "2026-06-11 18:16:41,190", "level": "INFO", "logger_name": "django.server", "message": "\"GET /api/lost-items/17/comments/ HTTP/1.1\" 200 33"}
{"timestamp": "2026-06-11 18:16:41,205", "level": "INFO", "logger_name": "core.api", "message": "API Request Started: GET /media/profiles/scaled_1000030598.jpg", "request_id": "018736e9-7efd-4b6e-b84d-672144a3b5b7", "user_id": null, "api_id": "static-serve", "correlation_id": "018736e9-7efd-4b6e-b84d-672144a3b5b7"}
{"timestamp": "2026-06-11 18:16:41,213", "level": "INFO", "logger_name": "core.api", "message": "API Request Started: GET /media/profiles/scaled_1000030598.jpg", "request_id": "093aeac9-73b4-4752-90e4-14f6d6ab77c1", "user_id": null, "api_id": "static-serve", "correlation_id": "093aeac9-73b4-4752-90e4-14f6d6ab77c1"}
{"timestamp": "2026-06-11 18:16:41,213", "level": "INFO", "logger_name": "core.api", "message": "API Response Completed: 200", "request_id": "018736e9-7efd-4b6e-b84d-672144a3b5b7", "user_id": null, "api_id": "static-serve", "duration_ms": 8.9, "correlation_id": "018736e9-7efd-4b6e-b84d-672144a3b5b7"}
{"timestamp": "2026-06-11 18:16:41,214", "level": "INFO", "logger_name": "core.api", "message": "API Response Completed: 200", "request_id": "093aeac9-73b4-4752-90e4-14f6d6ab77c1", "user_id": null, "api_id": "static-serve", "duration_ms": 1.1, "correlation_id": "093aeac9-73b4-4752-90e4-14f6d6ab77c1"}
{"timestamp": "2026-06-11 18:16:41,342", "level": "INFO", "logger_name": "core.api", "message": "API Request Started: GET /media/profiles/scaled_1000030598.jpg", "request_id": "d6fc7cb8-a44a-41ef-b849-183fc8874b3b", "user_id": null, "api_id": "static-serve", "correlation_id": "d6fc7cb8-a44a-41ef-b849-183fc8874b3b"}
{"timestamp": "2026-06-11 18:16:41,343", "level": "INFO", "logger_name": "core.api", "message": "API Response Completed: 200", "request_id": "d6fc7cb8-a44a-41ef-b849-183fc8874b3b", "user_id": null, "api_id": "static-serve", "duration_ms": 0.68, "correlation_id": "d6fc7cb8-a44a-41ef-b849-183fc8874b3b"}
{"timestamp": "2026-06-11 18:16:41,415", "level": "INFO", "logger_name": "django.server", "message": "\"GET /media/profiles/scaled_1000030598.jpg?t=1781169401255 HTTP/1.1\" 200 1261605"}
{"timestamp": "2026-06-11 18:16:41,523", "level": "INFO", "logger_name": "django.server", "message": "\"GET /media/profiles/scaled_1000030598.jpg?t=1781169401335 HTTP/1.1\" 200 1261605"}
{"timestamp": "2026-06-11 18:16:41,773", "level": "INFO", "logger_name": "django.server", "message": "\"GET /media/profiles/scaled_1000030598.jpg?t=1781169401400 HTTP/1.1\" 200 1261605"}
{"timestamp": "2026-06-11 18:16:43,265", "level": "INFO", "logger_name": "core.api", "message": "API Request Started: POST /api/lost-items/17/claim/", "request_id": "05332e2a-ffa2-4d60-97c7-2557c79294e1", "user_id": null, "api_id": "losts-claim_lost_item", "correlation_id": "05332e2a-ffa2-4d60-97c7-2557c79294e1"}
{"timestamp": "2026-06-11 18:16:43,282", "level": "INFO", "logger_name": "core.api", "message": "API Response Completed: 200", "request_id": "05332e2a-ffa2-4d60-97c7-2557c79294e1", "user_id": null, "api_id": "losts-claim_lost_item", "duration_ms": 17.28, "correlation_id": "05332e2a-ffa2-4d60-97c7-2557c79294e1"}
{"timestamp": "2026-06-11 18:16:43,282", "level": "INFO", "logger_name": "django.server", "message": "\"POST /api/lost-items/17/claim/ HTTP/1.1\" 200 111"}
{"timestamp": "2026-06-11 18:16:43,387", "level": "INFO", "logger_name": "core.api", "message": "API Request Started: GET /media/profiles/scaled_1000030598.jpg", "request_id": "e5b88a17-bac1-4c13-81a9-e8c3f0054fc1", "user_id": null, "api_id": "static-serve", "correlation_id": "e5b88a17-bac1-4c13-81a9-e8c3f0054fc1"}
{"timestamp": "2026-06-11 18:16:43,387", "level": "INFO", "logger_name": "core.api", "message": "API Response Completed: 200", "request_id": "e5b88a17-bac1-4c13-81a9-e8c3f0054fc1", "user_id": null, "api_id": "static-serve", "duration_ms": 0.79, "correlation_id": "e5b88a17-bac1-4c13-81a9-e8c3f0054fc1"}
{"timestamp": "2026-06-11 18:16:43,445", "level": "INFO", "logger_name": "django.server", "message": "\"GET /media/profiles/scaled_1000030598.jpg?t=1781169403502 HTTP/1.1\" 200 1261605"}
{"timestamp": "2026-06-11 18:16:46,478", "level": "INFO", "logger_name": "core.api", "message": "API Request Started: GET /media/profiles/scaled_1000030598.jpg", "request_id": "c6dc1710-e572-4135-adda-d4003d9636e5", "user_id": null, "api_id": "static-serve", "correlation_id": "c6dc1710-e572-4135-adda-d4003d9636e5"}
{"timestamp": "2026-06-11 18:16:46,478", "level": "INFO", "logger_name": "core.api", "message": "API Response Completed: 200", "request_id": "c6dc1710-e572-4135-adda-d4003d9636e5", "user_id": null, "api_id": "static-serve", "duration_ms": 0.83, "correlation_id": "c6dc1710-e572-4135-adda-d4003d9636e5"}
{"timestamp": "2026-06-11 18:16:46,483", "level": "INFO", "logger_name": "django.server", "message": "\"GET /media/profiles/scaled_1000030598.jpg?t=1781169406572 HTTP/1.1\" 200 1261605"}
{"timestamp": "2026-06-11 18:16:48,405", "level": "INFO", "logger_name": "core.api", "message": "API Request Started: DELETE /api/students/me/lost-items/17", "request_id": "2eae830e-dee5-4c82-ac68-e6e646d69d7a", "user_id": null, "api_id": "losts-update_lost_item", "correlation_id": "2eae830e-dee5-4c82-ac68-e6e646d69d7a"}
{"timestamp": "2026-06-11 18:16:48,422", "level": "INFO", "logger_name": "core.api", "message": "API Response Completed: 200", "request_id": "2eae830e-dee5-4c82-ac68-e6e646d69d7a", "user_id": null, "api_id": "losts-update_lost_item", "duration_ms": 17.59, "correlation_id": "2eae830e-dee5-4c82-ac68-e6e646d69d7a"}
{"timestamp": "2026-06-11 18:16:48,423", "level": "INFO", "logger_name": "django.server", "message": "\"DELETE /api/students/me/lost-items/17 HTTP/1.1\" 200 104"}
{"timestamp": "2026-06-11 18:17:15,321", "level": "INFO", "logger_name": "core.api", "message": "API Request Started: POST /api/lost-items", "request_id": "88f67a9b-d083-4a30-b874-9bf0d857537e", "user_id": null, "api_id": "losts-handle_lost_items", "correlation_id": "88f67a9b-d083-4a30-b874-9bf0d857537e"}
{"timestamp": "2026-06-11 18:17:15,370", "level": "INFO", "logger_name": "core.api", "message": "API Response Completed: 201", "request_id": "88f67a9b-d083-4a30-b874-9bf0d857537e", "user_id": null, "api_id": "losts-handle_lost_items", "duration_ms": 348.45, "correlation_id": "88f67a9b-d083-4a30-b874-9bf0d857537e"}
{"timestamp": "2026-06-11 18:17:15,370", "level": "INFO", "logger_name": "django.server", "message": "\"POST /api/lost-items HTTP/1.1\" 201 602"}
{"timestamp": "2026-06-11 18:17:15,557", "level": "INFO", "logger_name": "core.api", "message": "API Request Started: POST /api/lost-items/search/", "request_id": "f212aa81-c044-4596-96ad-dc1a88d70b36", "user_id": null, "api_id": "losts-search_lost_items", "correlation_id": "f212aa81-c044-4596-96ad-dc1a88d70b36"}
{"timestamp": "2026-06-11 18:17:15,563", "level": "INFO", "logger_name": "core.api", "message": "API Response Completed: 200", "request_id": "f212aa81-c044-4596-96ad-dc1a88d70b36", "user_id": null, "api_id": "losts-search_lost_items", "duration_ms": 13.77, "correlation_id": "f212aa81-c044-4596-96ad-dc1a88d70b36"}
{"timestamp": "2026-06-11 18:17:15,564", "level": "INFO", "logger_name": "django.server", "message": "\"POST /api/lost-items/search/ HTTP/1.1\" 200 6261"}
{"timestamp": "2026-06-11 18:17:15,789", "level": "INFO", "logger_name": "core.api", "message": "API Request Started: GET /media/lost_items/scaled_7630d8c3-94a3-45b2-926a-a5cdb34b65b25582427360751066199.jpg", "request_id": "7808995f-66b6-4ac8-9de9-e9df4a146efb", "user_id": null, "api_id": "static-serve", "correlation_id": "7808995f-66b6-4ac8-9de9-e9df4a146efb"}
{"timestamp": "2026-06-11 18:17:15,789", "level": "INFO", "logger_name": "core.api", "message": "API Response Completed: 200", "request_id": "7808995f-66b6-4ac8-9de9-e9df4a146efb", "user_id": null, "api_id": "static-serve", "duration_ms": 0.64, "correlation_id": "7808995f-66b6-4ac8-9de9-e9df4a146efb"}
{"timestamp": "2026-06-11 18:17:16,403", "level": "INFO", "logger_name": "django.server", "message": "\"GET /media/lost_items/scaled_7630d8c3-94a3-45b2-926a-a5cdb34b65b25582427360751066199.jpg HTTP/1.1\" 200 984478"}
{"timestamp": "2026-06-11 18:17:17,512", "level": "INFO", "logger_name": "core.api", "message": "API Request Started: GET /media/profiles/scaled_1000030598.jpg", "request_id": "6fc668bf-fa3c-438e-8a94-dfc35c551325", "user_id": null, "api_id": "static-serve", "correlation_id": "6fc668bf-fa3c-438e-8a94-dfc35c551325"}
{"timestamp": "2026-06-11 18:17:17,513", "level": "INFO", "logger_name": "core.api", "message": "API Response Completed: 200", "request_id": "6fc668bf-fa3c-438e-8a94-dfc35c551325", "user_id": null, "api_id": "static-serve", "duration_ms": 0.78, "correlation_id": "6fc668bf-fa3c-438e-8a94-dfc35c551325"}
{"timestamp": "2026-06-11 18:17:17,521", "level": "INFO", "logger_name": "core.api", "message": "API Request Started: GET /api/lost-items/18/comments/", "request_id": "9fc2fc42-a60e-4d48-90df-55d6501e9482", "user_id": null, "api_id": "comments-handle_comments", "correlation_id": "9fc2fc42-a60e-4d48-90df-55d6501e9482"}
{"timestamp": "2026-06-11 18:17:17,523", "level": "INFO", "logger_name": "core.api", "message": "API Response Completed: 200", "request_id": "9fc2fc42-a60e-4d48-90df-55d6501e9482", "user_id": null, "api_id": "comments-handle_comments", "duration_ms": 2.69, "correlation_id": "9fc2fc42-a60e-4d48-90df-55d6501e9482"}
{"timestamp": "2026-06-11 18:17:17,524", "level": "INFO", "logger_name": "django.server", "message": "\"GET /api/lost-items/18/comments/ HTTP/1.1\" 200 33"}
{"timestamp": "2026-06-11 18:17:17,528", "level": "INFO", "logger_name": "core.api", "message": "API Request Started: GET /media/profiles/scaled_1000030598.jpg", "request_id": "c4f615ab-eec8-469d-82b5-a808053bbe1e", "user_id": null, "api_id": "static-serve", "correlation_id": "c4f615ab-eec8-469d-82b5-a808053bbe1e"}
{"timestamp": "2026-06-11 18:17:17,528", "level": "INFO", "logger_name": "core.api", "message": "API Response Completed: 200", "request_id": "c4f615ab-eec8-469d-82b5-a808053bbe1e", "user_id": null, "api_id": "static-serve", "duration_ms": 0.56, "correlation_id": "c4f615ab-eec8-469d-82b5-a808053bbe1e"}
{"timestamp": "2026-06-11 18:17:17,638", "level": "INFO", "logger_name": "core.api", "message": "API Request Started: GET /media/profiles/scaled_1000030598.jpg", "request_id": "238c0d6c-aed2-4192-a1d2-d76c70a2461e", "user_id": null, "api_id": "static-serve", "correlation_id": "238c0d6c-aed2-4192-a1d2-d76c70a2461e"}
{"timestamp": "2026-06-11 18:17:17,638", "level": "INFO", "logger_name": "core.api", "message": "API Response Completed: 200", "request_id": "238c0d6c-aed2-4192-a1d2-d76c70a2461e", "user_id": null, "api_id": "static-serve", "duration_ms": 0.76, "correlation_id": "238c0d6c-aed2-4192-a1d2-d76c70a2461e"}
{"timestamp": "2026-06-11 18:17:17,699", "level": "INFO", "logger_name": "django.server", "message": "\"GET /media/profiles/scaled_1000030598.jpg?t=1781169437649 HTTP/1.1\" 200 1261605"}
{"timestamp": "2026-06-11 18:17:17,848", "level": "INFO", "logger_name": "django.server", "message": "\"GET /media/profiles/scaled_1000030598.jpg?t=1781169437722 HTTP/1.1\" 200 1261605"}
{"timestamp": "2026-06-11 18:17:18,099", "level": "INFO", "logger_name": "django.server", "message": "\"GET /media/profiles/scaled_1000030598.jpg?t=1781169437592 HTTP/1.1\" 200 1261605"}
{"timestamp": "2026-06-11 18:17:20,347", "level": "INFO", "logger_name": "core.api", "message": "API Request Started: GET /media/profiles/scaled_1000030598.jpg", "request_id": "1f6e784c-6dfb-4a21-b30c-e3a8592a64f5", "user_id": null, "api_id": "static-serve", "correlation_id": "1f6e784c-6dfb-4a21-b30c-e3a8592a64f5"}
{"timestamp": "2026-06-11 18:17:20,348", "level": "INFO", "logger_name": "core.api", "message": "API Request Started: GET /media/profiles/scaled_1000030598.jpg", "request_id": "dcccebd0-c535-4a0a-9298-2ae0241b7063", "user_id": null, "api_id": "static-serve", "correlation_id": "dcccebd0-c535-4a0a-9298-2ae0241b7063"}
{"timestamp": "2026-06-11 18:17:20,348", "level": "INFO", "logger_name": "core.api", "message": "API Response Completed: 200", "request_id": "1f6e784c-6dfb-4a21-b30c-e3a8592a64f5", "user_id": null, "api_id": "static-serve", "duration_ms": 1.15, "correlation_id": "1f6e784c-6dfb-4a21-b30c-e3a8592a64f5"}
{"timestamp": "2026-06-11 18:17:20,349", "level": "INFO", "logger_name": "core.api", "message": "API Response Completed: 200", "request_id": "dcccebd0-c535-4a0a-9298-2ae0241b7063", "user_id": null, "api_id": "static-serve", "duration_ms": 1.09, "correlation_id": "dcccebd0-c535-4a0a-9298-2ae0241b7063"}
{"timestamp": "2026-06-11 18:17:20,374", "level": "INFO", "logger_name": "core.api", "message": "API Request Started: GET /media/profiles/scaled_1000030598.jpg", "request_id": "2591855c-9f19-4a4d-b41d-72767c77024c", "user_id": null, "api_id": "static-serve", "correlation_id": "2591855c-9f19-4a4d-b41d-72767c77024c"}
{"timestamp": "2026-06-11 18:17:20,375", "level": "INFO", "logger_name": "core.api", "message": "API Response Completed: 200", "request_id": "2591855c-9f19-4a4d-b41d-72767c77024c", "user_id": null, "api_id": "static-serve", "duration_ms": 0.96, "correlation_id": "2591855c-9f19-4a4d-b41d-72767c77024c"}
{"timestamp": "2026-06-11 18:17:20,457", "level": "INFO", "logger_name": "django.server", "message": "\"GET /media/profiles/scaled_1000030598.jpg?t=1781169440495 HTTP/1.1\" 200 1261605"}
{"timestamp": "2026-06-11 18:17:20,507", "level": "INFO", "logger_name": "core.api", "message": "API Request Started: GET /media/profiles/scaled_1000030598.jpg", "request_id": "0c34417d-9461-40e3-b6a4-6ee82045b83e", "user_id": null, "api_id": "static-serve", "correlation_id": "0c34417d-9461-40e3-b6a4-6ee82045b83e"}
{"timestamp": "2026-06-11 18:17:20,508", "level": "INFO", "logger_name": "core.api", "message": "API Response Completed: 200", "request_id": "0c34417d-9461-40e3-b6a4-6ee82045b83e", "user_id": null, "api_id": "static-serve", "duration_ms": 0.66, "correlation_id": "0c34417d-9461-40e3-b6a4-6ee82045b83e"}
{"timestamp": "2026-06-11 18:17:20,524", "level": "INFO", "logger_name": "core.api", "message": "API Request Started: GET /media/profiles/scaled_1000030598.jpg", "request_id": "4e31dfd2-135c-471c-8fcb-78b4dde4ab67", "user_id": null, "api_id": "static-serve", "correlation_id": "4e31dfd2-135c-471c-8fcb-78b4dde4ab67"}
{"timestamp": "2026-06-11 18:17:20,524", "level": "INFO", "logger_name": "core.api", "message": "API Request Started: GET /media/profiles/scaled_1000030598.jpg", "request_id": "1b6d97b5-1d54-4225-ae4a-cd363a4609c5", "user_id": null, "api_id": "static-serve", "correlation_id": "1b6d97b5-1d54-4225-ae4a-cd363a4609c5"}
{"timestamp": "2026-06-11 18:17:20,525", "level": "INFO", "logger_name": "core.api", "message": "API Response Completed: 200", "request_id": "1b6d97b5-1d54-4225-ae4a-cd363a4609c5", "user_id": null, "api_id": "static-serve", "duration_ms": 1.0, "correlation_id": "1b6d97b5-1d54-4225-ae4a-cd363a4609c5"}
{"timestamp": "2026-06-11 18:17:20,525", "level": "INFO", "logger_name": "core.api", "message": "API Response Completed: 200", "request_id": "4e31dfd2-135c-471c-8fcb-78b4dde4ab67", "user_id": null, "api_id": "static-serve", "duration_ms": 1.52, "correlation_id": "4e31dfd2-135c-471c-8fcb-78b4dde4ab67"}
{"timestamp": "2026-06-11 18:17:20,565", "level": "INFO", "logger_name": "core.api", "message": "API Request Started: GET /media/profiles/scaled_1000030598.jpg", "request_id": "eb38e278-0319-43c4-822d-c211de1cd5f3", "user_id": null, "api_id": "static-serve", "correlation_id": "eb38e278-0319-43c4-822d-c211de1cd5f3"}
{"timestamp": "2026-06-11 18:17:20,566", "level": "INFO", "logger_name": "core.api", "message": "API Response Completed: 200", "request_id": "eb38e278-0319-43c4-822d-c211de1cd5f3", "user_id": null, "api_id": "static-serve", "duration_ms": 0.63, "correlation_id": "eb38e278-0319-43c4-822d-c211de1cd5f3"}
{"timestamp": "2026-06-11 18:17:20,607", "level": "INFO", "logger_name": "django.server", "message": "\"GET /media/profiles/scaled_1000030598.jpg?t=1781169440462 HTTP/1.1\" 200 1261605"}
{"timestamp": "2026-06-11 18:17:20,608", "level": "INFO", "logger_name": "core.api", "message": "API Request Started: GET /media/profiles/scaled_1000030598.jpg", "request_id": "d8fbb61d-16e3-4578-8a12-3c200b7241bc", "user_id": null, "api_id": "static-serve", "correlation_id": "d8fbb61d-16e3-4578-8a12-3c200b7241bc"}
{"timestamp": "2026-06-11 18:17:20,608", "level": "INFO", "logger_name": "core.api", "message": "API Response Completed: 200", "request_id": "d8fbb61d-16e3-4578-8a12-3c200b7241bc", "user_id": null, "api_id": "static-serve", "duration_ms": 0.92, "correlation_id": "d8fbb61d-16e3-4578-8a12-3c200b7241bc"}
{"timestamp": "2026-06-11 18:17:20,622", "level": "INFO", "logger_name": "core.api", "message": "API Request Started: GET /media/profiles/scaled_1000030598.jpg", "request_id": "6026c9ab-3e71-4369-a42e-c304ef43fab5", "user_id": null, "api_id": "static-serve", "correlation_id": "6026c9ab-3e71-4369-a42e-c304ef43fab5"}
{"timestamp": "2026-06-11 18:17:20,623", "level": "INFO", "logger_name": "core.api", "message": "API Request Started: GET /media/profiles/scaled_1000030598.jpg", "request_id": "b68076f8-773c-4811-9341-8c4f5ee4bc65", "user_id": null, "api_id": "static-serve", "correlation_id": "b68076f8-773c-4811-9341-8c4f5ee4bc65"}
{"timestamp": "2026-06-11 18:17:20,623", "level": "INFO", "logger_name": "core.api", "message": "API Response Completed: 200", "request_id": "6026c9ab-3e71-4369-a42e-c304ef43fab5", "user_id": null, "api_id": "static-serve", "duration_ms": 1.07, "correlation_id": "6026c9ab-3e71-4369-a42e-c304ef43fab5"}
{"timestamp": "2026-06-11 18:17:20,623", "level": "INFO", "logger_name": "core.api", "message": "API Response Completed: 200", "request_id": "b68076f8-773c-4811-9341-8c4f5ee4bc65", "user_id": null, "api_id": "static-serve", "duration_ms": 0.86, "correlation_id": "b68076f8-773c-4811-9341-8c4f5ee4bc65"}
{"timestamp": "2026-06-11 18:17:20,732", "level": "INFO", "logger_name": "core.api", "message": "API Request Started: GET /media/profiles/scaled_1000030598.jpg", "request_id": "6c8aaaa5-d463-4f5d-9799-5428ba88df05", "user_id": null, "api_id": "static-serve", "correlation_id": "6c8aaaa5-d463-4f5d-9799-5428ba88df05"}
{"timestamp": "2026-06-11 18:17:20,733", "level": "INFO", "logger_name": "core.api", "message": "API Response Completed: 200", "request_id": "6c8aaaa5-d463-4f5d-9799-5428ba88df05", "user_id": null, "api_id": "static-serve", "duration_ms": 0.62, "correlation_id": "6c8aaaa5-d463-4f5d-9799-5428ba88df05"}
{"timestamp": "2026-06-11 18:17:20,812", "level": "INFO", "logger_name": "core.api", "message": "API Request Started: GET /media/profiles/scaled_1000030598.jpg", "request_id": "6965a618-4457-479c-a29a-c709bd227674", "user_id": null, "api_id": "static-serve", "correlation_id": "6965a618-4457-479c-a29a-c709bd227674"}
{"timestamp": "2026-06-11 18:17:20,813", "level": "INFO", "logger_name": "core.api", "message": "API Response Completed: 200", "request_id": "6965a618-4457-479c-a29a-c709bd227674", "user_id": null, "api_id": "static-serve", "duration_ms": 0.74, "correlation_id": "6965a618-4457-479c-a29a-c709bd227674"}
{"timestamp": "2026-06-11 18:17:20,832", "level": "INFO", "logger_name": "core.api", "message": "API Request Started: GET /media/profiles/scaled_1000030598.jpg", "request_id": "e365d491-2ae8-4519-83a2-df831839a9bb", "user_id": null, "api_id": "static-serve", "correlation_id": "e365d491-2ae8-4519-83a2-df831839a9bb"}
{"timestamp": "2026-06-11 18:17:20,833", "level": "INFO", "logger_name": "core.api", "message": "API Request Started: GET /media/profiles/scaled_1000030598.jpg", "request_id": "824a6b95-4719-43df-9807-b74dd2efda4b", "user_id": null, "api_id": "static-serve", "correlation_id": "824a6b95-4719-43df-9807-b74dd2efda4b"}
{"timestamp": "2026-06-11 18:17:20,833", "level": "INFO", "logger_name": "core.api", "message": "API Response Completed: 200", "request_id": "824a6b95-4719-43df-9807-b74dd2efda4b", "user_id": null, "api_id": "static-serve", "duration_ms": 0.61, "correlation_id": "824a6b95-4719-43df-9807-b74dd2efda4b"}
{"timestamp": "2026-06-11 18:17:20,834", "level": "INFO", "logger_name": "core.api", "message": "API Response Completed: 200", "request_id": "e365d491-2ae8-4519-83a2-df831839a9bb", "user_id": null, "api_id": "static-serve", "duration_ms": 1.71, "correlation_id": "e365d491-2ae8-4519-83a2-df831839a9bb"}
{"timestamp": "2026-06-11 18:17:21,239", "level": "INFO", "logger_name": "django.server", "message": "\"GET /media/profiles/scaled_1000030598.jpg?t=1781169440650 HTTP/1.1\" 200 1261605"}
{"timestamp": "2026-06-11 18:17:21,274", "level": "INFO", "logger_name": "django.server", "message": "\"GET /media/profiles/scaled_1000030598.jpg?t=1781169440526 HTTP/1.1\" 200 1261605"}
{"timestamp": "2026-06-11 18:17:21,437", "level": "INFO", "logger_name": "django.server", "message": "\"GET /media/profiles/scaled_1000030598.jpg?t=1781169440575 HTTP/1.1\" 200 1261605"}
{"timestamp": "2026-06-11 18:17:21,437", "level": "INFO", "logger_name": "core.api", "message": "API Request Started: GET /media/profiles/scaled_1000030598.jpg", "request_id": "fce15924-67c7-444b-8f7c-9dd907fc5400", "user_id": null, "api_id": "static-serve", "correlation_id": "fce15924-67c7-444b-8f7c-9dd907fc5400"}
{"timestamp": "2026-06-11 18:17:21,438", "level": "INFO", "logger_name": "core.api", "message": "API Response Completed: 200", "request_id": "fce15924-67c7-444b-8f7c-9dd907fc5400", "user_id": null, "api_id": "static-serve", "duration_ms": 0.89, "correlation_id": "fce15924-67c7-444b-8f7c-9dd907fc5400"}
{"timestamp": "2026-06-11 18:17:21,508", "level": "INFO", "logger_name": "django.server", "message": "\"GET /media/profiles/scaled_1000030598.jpg?t=1781169440600 HTTP/1.1\" 200 1261605"}
{"timestamp": "2026-06-11 18:17:22,019", "level": "INFO", "logger_name": "core.api", "message": "API Request Started: GET /media/profiles/scaled_1000030598.jpg", "request_id": "49ede718-0c10-4b8b-b91a-dbd39af949c8", "user_id": null, "api_id": "static-serve", "correlation_id": "49ede718-0c10-4b8b-b91a-dbd39af949c8"}
{"timestamp": "2026-06-11 18:17:22,020", "level": "INFO", "logger_name": "core.api", "message": "API Response Completed: 200", "request_id": "49ede718-0c10-4b8b-b91a-dbd39af949c8", "user_id": null, "api_id": "static-serve", "duration_ms": 0.8, "correlation_id": "49ede718-0c10-4b8b-b91a-dbd39af949c8"}
{"timestamp": "2026-06-11 18:17:22,077", "level": "INFO", "logger_name": "django.server", "message": "\"GET /media/profiles/scaled_1000030598.jpg?t=1781169441581 HTTP/1.1\" 200 1261605"}
{"timestamp": "2026-06-11 18:17:22,149", "level": "INFO", "logger_name": "django.server", "message": "\"GET /media/profiles/scaled_1000030598.jpg?t=1781169440675 HTTP/1.1\" 200 1261605"}
{"timestamp": "2026-06-11 18:17:22,159", "level": "INFO", "logger_name": "core.api", "message": "API Request Started: GET /media/profiles/scaled_1000030598.jpg", "request_id": "ed214225-e98f-44d8-ab9b-53cadc06dc68", "user_id": null, "api_id": "static-serve", "correlation_id": "ed214225-e98f-44d8-ab9b-53cadc06dc68"}
{"timestamp": "2026-06-11 18:17:22,160", "level": "INFO", "logger_name": "core.api", "message": "API Response Completed: 200", "request_id": "ed214225-e98f-44d8-ab9b-53cadc06dc68", "user_id": null, "api_id": "static-serve", "duration_ms": 0.68, "correlation_id": "ed214225-e98f-44d8-ab9b-53cadc06dc68"}
{"timestamp": "2026-06-11 18:17:22,304", "level": "INFO", "logger_name": "django.server", "message": "\"GET /media/profiles/scaled_1000030598.jpg?t=1781169440550 HTTP/1.1\" 200 1261605"}
{"timestamp": "2026-06-11 18:17:22,363", "level": "INFO", "logger_name": "django.server", "message": "\"GET /media/profiles/scaled_1000030598.jpg?t=1781169440775 HTTP/1.1\" 200 1261605"}
{"timestamp": "2026-06-11 18:17:22,363", "level": "INFO", "logger_name": "django.server", "message": "\"GET /media/profiles/scaled_1000030598.jpg?t=1781169442270 HTTP/1.1\" 200 1261605"}
{"timestamp": "2026-06-11 18:17:22,463", "level": "INFO", "logger_name": "django.server", "message": "\"GET /media/profiles/scaled_1000030598.jpg?t=1781169440725 HTTP/1.1\" 200 1261605"}
{"timestamp": "2026-06-11 18:17:22,472", "level": "INFO", "logger_name": "django.server", "message": "\"GET /media/profiles/scaled_1000030598.jpg?t=1781169440700 HTTP/1.1\" 200 1261605"}
{"timestamp": "2026-06-11 18:17:22,495", "level": "INFO", "logger_name": "django.server", "message": "\"GET /media/profiles/scaled_1000030598.jpg?t=1781169440625 HTTP/1.1\" 200 1261605"}
{"timestamp": "2026-06-11 18:17:22,523", "level": "INFO", "logger_name": "django.server", "message": "\"GET /media/profiles/scaled_1000030598.jpg?t=1781169440427 HTTP/1.1\" 200 1261605"}
{"timestamp": "2026-06-11 18:17:22,843", "level": "INFO", "logger_name": "django.server", "message": "\"GET /media/profiles/scaled_1000030598.jpg?t=1781169442140 HTTP/1.1\" 200 1261605"}
{"timestamp": "2026-06-11 18:17:22,847", "level": "INFO", "logger_name": "django.server", "message": "\"GET /media/profiles/scaled_1000030598.jpg?t=1781169440750 HTTP/1.1\" 200 1261605"}
{"timestamp": "2026-06-11 18:17:22,856", "level": "INFO", "logger_name": "core.api", "message": "API Request Started: GET /media/profiles/scaled_1000030598.jpg", "request_id": "99be07e2-92b1-4226-be3d-3f5c8b8c9ba9", "user_id": null, "api_id": "static-serve", "correlation_id": "99be07e2-92b1-4226-be3d-3f5c8b8c9ba9"}
{"timestamp": "2026-06-11 18:17:22,857", "level": "INFO", "logger_name": "core.api", "message": "API Response Completed: 200", "request_id": "99be07e2-92b1-4226-be3d-3f5c8b8c9ba9", "user_id": null, "api_id": "static-serve", "duration_ms": 0.79, "correlation_id": "99be07e2-92b1-4226-be3d-3f5c8b8c9ba9"}
{"timestamp": "2026-06-11 18:17:23,038", "level": "INFO", "logger_name": "core.api", "message": "API Request Started: GET /media/profiles/scaled_1000030598.jpg", "request_id": "ad9e15b1-d9b8-43d7-a7e7-b60b091023d8", "user_id": null, "api_id": "static-serve", "correlation_id": "ad9e15b1-d9b8-43d7-a7e7-b60b091023d8"}
{"timestamp": "2026-06-11 18:17:23,038", "level": "INFO", "logger_name": "core.api", "message": "API Response Completed: 200", "request_id": "ad9e15b1-d9b8-43d7-a7e7-b60b091023d8", "user_id": null, "api_id": "static-serve", "duration_ms": 0.62, "correlation_id": "ad9e15b1-d9b8-43d7-a7e7-b60b091023d8"}
{"timestamp": "2026-06-11 18:17:23,076", "level": "INFO", "logger_name": "core.api", "message": "API Request Started: GET /media/profiles/scaled_1000030598.jpg", "request_id": "d16cfb71-45c4-45ee-8c40-53b6c5918401", "user_id": null, "api_id": "static-serve", "correlation_id": "d16cfb71-45c4-45ee-8c40-53b6c5918401"}
{"timestamp": "2026-06-11 18:17:23,077", "level": "INFO", "logger_name": "core.api", "message": "API Response Completed: 200", "request_id": "d16cfb71-45c4-45ee-8c40-53b6c5918401", "user_id": null, "api_id": "static-serve", "duration_ms": 0.69, "correlation_id": "d16cfb71-45c4-45ee-8c40-53b6c5918401"}
{"timestamp": "2026-06-11 18:17:23,159", "level": "INFO", "logger_name": "django.server", "message": "\"GET /media/profiles/scaled_1000030598.jpg?t=1781169443085 HTTP/1.1\" 200 1261605"}
{"timestamp": "2026-06-11 18:17:23,168", "level": "INFO", "logger_name": "django.server", "message": "\"GET /media/profiles/scaled_1000030598.jpg?t=1781169442966 HTTP/1.1\" 200 1261605"}
{"timestamp": "2026-06-11 18:17:23,284", "level": "INFO", "logger_name": "core.api", "message": "API Request Started: GET /media/profiles/scaled_1000030598.jpg", "request_id": "94219ab7-6032-4e90-8fac-dac35c4d1502", "user_id": null, "api_id": "static-serve", "correlation_id": "94219ab7-6032-4e90-8fac-dac35c4d1502"}
{"timestamp": "2026-06-11 18:17:23,284", "level": "INFO", "logger_name": "core.api", "message": "API Response Completed: 200", "request_id": "94219ab7-6032-4e90-8fac-dac35c4d1502", "user_id": null, "api_id": "static-serve", "duration_ms": 0.72, "correlation_id": "94219ab7-6032-4e90-8fac-dac35c4d1502"}
{"timestamp": "2026-06-11 18:17:23,318", "level": "INFO", "logger_name": "core.api", "message": "API Request Started: GET /media/profiles/scaled_1000030598.jpg", "request_id": "6f45ee7c-ad70-44c0-ba04-f22384a05e8b", "user_id": null, "api_id": "static-serve", "correlation_id": "6f45ee7c-ad70-44c0-ba04-f22384a05e8b"}
{"timestamp": "2026-06-11 18:17:23,319", "level": "INFO", "logger_name": "core.api", "message": "API Response Completed: 200", "request_id": "6f45ee7c-ad70-44c0-ba04-f22384a05e8b", "user_id": null, "api_id": "static-serve", "duration_ms": 0.77, "correlation_id": "6f45ee7c-ad70-44c0-ba04-f22384a05e8b"}
{"timestamp": "2026-06-11 18:17:23,353", "level": "INFO", "logger_name": "django.server", "message": "\"GET /media/profiles/scaled_1000030598.jpg?t=1781169443202 HTTP/1.1\" 200 1261605"}
{"timestamp": "2026-06-11 18:17:23,413", "level": "INFO", "logger_name": "django.server", "message": "\"GET /media/profiles/scaled_1000030598.jpg?t=1781169443434 HTTP/1.1\" 200 1261605"}
{"timestamp": "2026-06-11 18:17:23,414", "level": "INFO", "logger_name": "django.server", "message": "\"GET /media/profiles/scaled_1000030598.jpg?t=1781169443355 HTTP/1.1\" 200 1261605"}
{"timestamp": "2026-06-11 18:17:23,529", "level": "INFO", "logger_name": "core.api", "message": "API Request Started: GET /media/profiles/scaled_1000030598.jpg", "request_id": "4fe799af-24cf-45f1-a954-9579d5bdf031", "user_id": null, "api_id": "static-serve", "correlation_id": "4fe799af-24cf-45f1-a954-9579d5bdf031"}
{"timestamp": "2026-06-11 18:17:23,529", "level": "INFO", "logger_name": "core.api", "message": "API Response Completed: 200", "request_id": "4fe799af-24cf-45f1-a954-9579d5bdf031", "user_id": null, "api_id": "static-serve", "duration_ms": 0.72, "correlation_id": "4fe799af-24cf-45f1-a954-9579d5bdf031"}
{"timestamp": "2026-06-11 18:17:23,541", "level": "INFO", "logger_name": "core.api", "message": "API Request Started: GET /media/profiles/scaled_1000030598.jpg", "request_id": "569bbbd3-711b-4d62-a8e4-3fc4d72c458b", "user_id": null, "api_id": "static-serve", "correlation_id": "569bbbd3-711b-4d62-a8e4-3fc4d72c458b"}
{"timestamp": "2026-06-11 18:17:23,542", "level": "INFO", "logger_name": "core.api", "message": "API Response Completed: 200", "request_id": "569bbbd3-711b-4d62-a8e4-3fc4d72c458b", "user_id": null, "api_id": "static-serve", "duration_ms": 0.7, "correlation_id": "569bbbd3-711b-4d62-a8e4-3fc4d72c458b"}
{"timestamp": "2026-06-11 18:17:23,546", "level": "INFO", "logger_name": "django.server", "message": "\"GET /media/profiles/scaled_1000030598.jpg?t=1781169443679 HTTP/1.1\" 200 1261605"}
{"timestamp": "2026-06-11 18:17:23,756", "level": "INFO", "logger_name": "core.api", "message": "API Request Started: GET /media/profiles/scaled_1000030598.jpg", "request_id": "1bff7179-b385-4919-a49a-8d19fe8bb05a", "user_id": null, "api_id": "static-serve", "correlation_id": "1bff7179-b385-4919-a49a-8d19fe8bb05a"}
{"timestamp": "2026-06-11 18:17:23,757", "level": "INFO", "logger_name": "core.api", "message": "API Response Completed: 200", "request_id": "1bff7179-b385-4919-a49a-8d19fe8bb05a", "user_id": null, "api_id": "static-serve", "duration_ms": 0.74, "correlation_id": "1bff7179-b385-4919-a49a-8d19fe8bb05a"}
{"timestamp": "2026-06-11 18:17:23,761", "level": "INFO", "logger_name": "django.server", "message": "\"GET /media/profiles/scaled_1000030598.jpg?t=1781169443892 HTTP/1.1\" 200 1261605"}
{"timestamp": "2026-06-11 18:17:23,831", "level": "INFO", "logger_name": "core.api", "message": "API Request Started: GET /media/profiles/scaled_1000030598.jpg", "request_id": "0b15738b-67c2-45bd-9e5d-ba672e576d55", "user_id": null, "api_id": "static-serve", "correlation_id": "0b15738b-67c2-45bd-9e5d-ba672e576d55"}
{"timestamp": "2026-06-11 18:17:23,832", "level": "INFO", "logger_name": "django.server", "message": "\"GET /media/profiles/scaled_1000030598.jpg?t=1781169443625 HTTP/1.1\" 200 1261605"}
{"timestamp": "2026-06-11 18:17:23,832", "level": "INFO", "logger_name": "core.api", "message": "API Response Completed: 200", "request_id": "0b15738b-67c2-45bd-9e5d-ba672e576d55", "user_id": null, "api_id": "static-serve", "duration_ms": 1.2, "correlation_id": "0b15738b-67c2-45bd-9e5d-ba672e576d55"}
{"timestamp": "2026-06-11 18:17:23,837", "level": "INFO", "logger_name": "django.server", "message": "\"GET /media/profiles/scaled_1000030598.jpg?t=1781169443957 HTTP/1.1\" 200 1261605"}
{"timestamp": "2026-06-11 18:17:23,969", "level": "INFO", "logger_name": "core.api", "message": "API Request Started: GET /media/profiles/scaled_1000030598.jpg", "request_id": "791a4b67-9ad8-46d3-af3c-efec1cccddd9", "user_id": null, "api_id": "static-serve", "correlation_id": "791a4b67-9ad8-46d3-af3c-efec1cccddd9"}
{"timestamp": "2026-06-11 18:17:23,969", "level": "INFO", "logger_name": "core.api", "message": "API Response Completed: 200", "request_id": "791a4b67-9ad8-46d3-af3c-efec1cccddd9", "user_id": null, "api_id": "static-serve", "duration_ms": 0.67, "correlation_id": "791a4b67-9ad8-46d3-af3c-efec1cccddd9"}
{"timestamp": "2026-06-11 18:17:24,099", "level": "INFO", "logger_name": "core.api", "message": "API Request Started: GET /media/profiles/scaled_1000030598.jpg", "request_id": "2280c7a4-5f5f-4f13-947a-31ffd65131c8", "user_id": null, "api_id": "static-serve", "correlation_id": "2280c7a4-5f5f-4f13-947a-31ffd65131c8"}
{"timestamp": "2026-06-11 18:17:24,100", "level": "INFO", "logger_name": "core.api", "message": "API Response Completed: 200", "request_id": "2280c7a4-5f5f-4f13-947a-31ffd65131c8", "user_id": null, "api_id": "static-serve", "duration_ms": 0.65, "correlation_id": "2280c7a4-5f5f-4f13-947a-31ffd65131c8"}
{"timestamp": "2026-06-11 18:17:24,103", "level": "INFO", "logger_name": "django.server", "message": "\"GET /media/profiles/scaled_1000030598.jpg?t=1781169444217 HTTP/1.1\" 200 1261605"}
{"timestamp": "2026-06-11 18:17:24,258", "level": "INFO", "logger_name": "django.server", "message": "\"GET /media/profiles/scaled_1000030598.jpg?t=1781169444100 HTTP/1.1\" 200 1261605"}
{"timestamp": "2026-06-11 18:17:24,285", "level": "INFO", "logger_name": "core.api", "message": "API Request Started: GET /media/profiles/scaled_1000030598.jpg", "request_id": "fe5b1475-c76f-45cd-af29-678c036acf13", "user_id": null, "api_id": "static-serve", "correlation_id": "fe5b1475-c76f-45cd-af29-678c036acf13"}
{"timestamp": "2026-06-11 18:17:24,286", "level": "INFO", "logger_name": "core.api", "message": "API Response Completed: 200", "request_id": "fe5b1475-c76f-45cd-af29-678c036acf13", "user_id": null, "api_id": "static-serve", "duration_ms": 0.66, "correlation_id": "fe5b1475-c76f-45cd-af29-678c036acf13"}
{"timestamp": "2026-06-11 18:17:24,517", "level": "INFO", "logger_name": "core.api", "message": "API Request Started: GET /media/profiles/scaled_1000030598.jpg", "request_id": "3db34069-bf81-4c11-9b8f-d79c18d7eeb1", "user_id": null, "api_id": "static-serve", "correlation_id": "3db34069-bf81-4c11-9b8f-d79c18d7eeb1"}
{"timestamp": "2026-06-11 18:17:24,517", "level": "INFO", "logger_name": "django.server", "message": "\"GET /media/profiles/scaled_1000030598.jpg?t=1781169444425 HTTP/1.1\" 200 1261605"}
{"timestamp": "2026-06-11 18:17:24,518", "level": "INFO", "logger_name": "core.api", "message": "API Response Completed: 200", "request_id": "3db34069-bf81-4c11-9b8f-d79c18d7eeb1", "user_id": null, "api_id": "static-serve", "duration_ms": 0.9, "correlation_id": "3db34069-bf81-4c11-9b8f-d79c18d7eeb1"}
{"timestamp": "2026-06-11 18:17:24,522", "level": "INFO", "logger_name": "django.server", "message": "\"GET /media/profiles/scaled_1000030598.jpg?t=1781169444629 HTTP/1.1\" 200 1261605"}
{"timestamp": "2026-06-11 18:17:24,589", "level": "INFO", "logger_name": "core.api", "message": "API Request Started: GET /media/profiles/scaled_1000030598.jpg", "request_id": "fd4476d9-da7c-4751-86b3-857793baa67e", "user_id": null, "api_id": "static-serve", "correlation_id": "fd4476d9-da7c-4751-86b3-857793baa67e"}
{"timestamp": "2026-06-11 18:17:24,590", "level": "INFO", "logger_name": "core.api", "message": "API Response Completed: 200", "request_id": "fd4476d9-da7c-4751-86b3-857793baa67e", "user_id": null, "api_id": "static-serve", "duration_ms": 0.71, "correlation_id": "fd4476d9-da7c-4751-86b3-857793baa67e"}
{"timestamp": "2026-06-11 18:17:24,594", "level": "INFO", "logger_name": "django.server", "message": "\"GET /media/profiles/scaled_1000030598.jpg?t=1781169444724 HTTP/1.1\" 200 1261605"}
{"timestamp": "2026-06-11 18:17:24,958", "level": "INFO", "logger_name": "core.api", "message": "API Request Started: POST /api/lost-items/18/comments/", "request_id": "39344ec6-bfc8-455e-b7d7-f5320358e845", "user_id": null, "api_id": "comments-handle_comments", "correlation_id": "39344ec6-bfc8-455e-b7d7-f5320358e845"}
{"timestamp": "2026-06-11 18:17:24,971", "level": "INFO", "logger_name": "core.api", "message": "API Request Started: GET /media/profiles/scaled_1000030598.jpg", "request_id": "a44351e6-cf82-4f99-83f6-3e76ac13cfc8", "user_id": null, "api_id": "static-serve", "correlation_id": "a44351e6-cf82-4f99-83f6-3e76ac13cfc8"}
{"timestamp": "2026-06-11 18:17:24,971", "level": "INFO", "logger_name": "core.api", "message": "API Response Completed: 200", "request_id": "a44351e6-cf82-4f99-83f6-3e76ac13cfc8", "user_id": null, "api_id": "static-serve", "duration_ms": 0.65, "correlation_id": "a44351e6-cf82-4f99-83f6-3e76ac13cfc8"}
{"timestamp": "2026-06-11 18:17:24,975", "level": "INFO", "logger_name": "core.api", "message": "API Response Completed: 201", "request_id": "39344ec6-bfc8-455e-b7d7-f5320358e845", "user_id": null, "api_id": "comments-handle_comments", "duration_ms": 17.3, "correlation_id": "39344ec6-bfc8-455e-b7d7-f5320358e845"}
{"timestamp": "2026-06-11 18:17:24,975", "level": "INFO", "logger_name": "django.server", "message": "\"POST /api/lost-items/18/comments/ HTTP/1.1\" 201 225"}
{"timestamp": "2026-06-11 18:17:24,977", "level": "INFO", "logger_name": "django.server", "message": "\"GET /media/profiles/scaled_1000030598.jpg?t=1781169445087 HTTP/1.1\" 200 1261605"}
{"timestamp": "2026-06-11 18:17:25,189", "level": "INFO", "logger_name": "core.api", "message": "API Request Started: GET /media/profiles/scaled_1000030598.jpg", "request_id": "1e848255-5df0-416a-b61b-672019500d75", "user_id": null, "api_id": "static-serve", "correlation_id": "1e848255-5df0-416a-b61b-672019500d75"}
{"timestamp": "2026-06-11 18:17:25,189", "level": "INFO", "logger_name": "core.api", "message": "API Response Completed: 200", "request_id": "1e848255-5df0-416a-b61b-672019500d75", "user_id": null, "api_id": "static-serve", "duration_ms": 0.77, "correlation_id": "1e848255-5df0-416a-b61b-672019500d75"}
{"timestamp": "2026-06-11 18:17:25,194", "level": "INFO", "logger_name": "django.server", "message": "\"GET /media/profiles/scaled_1000030598.jpg?t=1781169445255 HTTP/1.1\" 200 1261605"}
{"timestamp": "2026-06-11 18:17:25,746", "level": "INFO", "logger_name": "core.api", "message": "API Request Started: GET /media/profiles/scaled_1000030598.jpg", "request_id": "c478d94e-3a23-44ff-87fc-b161282ee769", "user_id": null, "api_id": "static-serve", "correlation_id": "c478d94e-3a23-44ff-87fc-b161282ee769"}
{"timestamp": "2026-06-11 18:17:25,747", "level": "INFO", "logger_name": "core.api", "message": "API Response Completed: 200", "request_id": "c478d94e-3a23-44ff-87fc-b161282ee769", "user_id": null, "api_id": "static-serve", "duration_ms": 0.83, "correlation_id": "c478d94e-3a23-44ff-87fc-b161282ee769"}
{"timestamp": "2026-06-11 18:17:25,752", "level": "INFO", "logger_name": "django.server", "message": "\"GET /media/profiles/scaled_1000030598.jpg?t=1781169445821 HTTP/1.1\" 200 1261605"}
{"timestamp": "2026-06-11 18:17:25,811", "level": "INFO", "logger_name": "core.api", "message": "API Request Started: GET /media/profiles/scaled_1000030598.jpg", "request_id": "1c1bfcdc-4623-4a0c-b969-530edfb4f0ab", "user_id": null, "api_id": "static-serve", "correlation_id": "1c1bfcdc-4623-4a0c-b969-530edfb4f0ab"}
{"timestamp": "2026-06-11 18:17:25,811", "level": "INFO", "logger_name": "core.api", "message": "API Request Started: GET /media/profiles/scaled_1000030598.jpg", "request_id": "e54f2b8a-a322-400c-9a7c-7c7b3148a2a7", "user_id": null, "api_id": "static-serve", "correlation_id": "e54f2b8a-a322-400c-9a7c-7c7b3148a2a7"}
{"timestamp": "2026-06-11 18:17:25,812", "level": "INFO", "logger_name": "core.api", "message": "API Response Completed: 200", "request_id": "1c1bfcdc-4623-4a0c-b969-530edfb4f0ab", "user_id": null, "api_id": "static-serve", "duration_ms": 1.05, "correlation_id": "1c1bfcdc-4623-4a0c-b969-530edfb4f0ab"}
{"timestamp": "2026-06-11 18:17:25,812", "level": "INFO", "logger_name": "core.api", "message": "API Response Completed: 200", "request_id": "e54f2b8a-a322-400c-9a7c-7c7b3148a2a7", "user_id": null, "api_id": "static-serve", "duration_ms": 1.18, "correlation_id": "e54f2b8a-a322-400c-9a7c-7c7b3148a2a7"}
{"timestamp": "2026-06-11 18:17:25,817", "level": "INFO", "logger_name": "django.server", "message": "\"GET /media/profiles/scaled_1000030598.jpg?t=1781169445863 HTTP/1.1\" 200 1261605"}
{"timestamp": "2026-06-11 18:17:25,897", "level": "INFO", "logger_name": "core.api", "message": "API Request Started: GET /media/profiles/scaled_1000030598.jpg", "request_id": "fa41a690-e921-4062-bc6f-d10e9fb3a75d", "user_id": null, "api_id": "static-serve", "correlation_id": "fa41a690-e921-4062-bc6f-d10e9fb3a75d"}
{"timestamp": "2026-06-11 18:17:25,898", "level": "INFO", "logger_name": "core.api", "message": "API Response Completed: 200", "request_id": "fa41a690-e921-4062-bc6f-d10e9fb3a75d", "user_id": null, "api_id": "static-serve", "duration_ms": 0.69, "correlation_id": "fa41a690-e921-4062-bc6f-d10e9fb3a75d"}
{"timestamp": "2026-06-11 18:17:25,940", "level": "INFO", "logger_name": "core.api", "message": "API Request Started: GET /media/profiles/scaled_1000030598.jpg", "request_id": "6a660d48-655b-4a10-aec4-4920bdedd047", "user_id": null, "api_id": "static-serve", "correlation_id": "6a660d48-655b-4a10-aec4-4920bdedd047"}
{"timestamp": "2026-06-11 18:17:25,941", "level": "INFO", "logger_name": "core.api", "message": "API Response Completed: 200", "request_id": "6a660d48-655b-4a10-aec4-4920bdedd047", "user_id": null, "api_id": "static-serve", "duration_ms": 0.71, "correlation_id": "6a660d48-655b-4a10-aec4-4920bdedd047"}
{"timestamp": "2026-06-11 18:17:26,008", "level": "INFO", "logger_name": "core.api", "message": "API Request Started: GET /media/profiles/scaled_1000030598.jpg", "request_id": "3d3aea82-9a09-494c-bfaf-b60f5fa24b3d", "user_id": null, "api_id": "static-serve", "correlation_id": "3d3aea82-9a09-494c-bfaf-b60f5fa24b3d"}
{"timestamp": "2026-06-11 18:17:26,008", "level": "INFO", "logger_name": "core.api", "message": "API Response Completed: 200", "request_id": "3d3aea82-9a09-494c-bfaf-b60f5fa24b3d", "user_id": null, "api_id": "static-serve", "duration_ms": 0.83, "correlation_id": "3d3aea82-9a09-494c-bfaf-b60f5fa24b3d"}
{"timestamp": "2026-06-11 18:17:26,070", "level": "INFO", "logger_name": "core.api", "message": "API Request Started: GET /media/profiles/scaled_1000030598.jpg", "request_id": "fa2de36f-5df7-4b0a-9d96-900f5cc04c0d", "user_id": null, "api_id": "static-serve", "correlation_id": "fa2de36f-5df7-4b0a-9d96-900f5cc04c0d"}
{"timestamp": "2026-06-11 18:17:26,071", "level": "INFO", "logger_name": "core.api", "message": "API Response Completed: 200", "request_id": "fa2de36f-5df7-4b0a-9d96-900f5cc04c0d", "user_id": null, "api_id": "static-serve", "duration_ms": 0.83, "correlation_id": "fa2de36f-5df7-4b0a-9d96-900f5cc04c0d"}
{"timestamp": "2026-06-11 18:17:26,076", "level": "INFO", "logger_name": "django.server", "message": "\"GET /media/profiles/scaled_1000030598.jpg?t=1781169446133 HTTP/1.1\" 200 1261605"}
{"timestamp": "2026-06-11 18:17:26,106", "level": "INFO", "logger_name": "django.server", "message": "\"GET /media/profiles/scaled_1000030598.jpg?t=1781169445920 HTTP/1.1\" 200 1261605"}
{"timestamp": "2026-06-11 18:17:26,134", "level": "INFO", "logger_name": "core.api", "message": "API Request Started: GET /media/profiles/scaled_1000030598.jpg", "request_id": "1761df60-adf5-45dc-8524-ee27e0bcdf22", "user_id": null, "api_id": "static-serve", "correlation_id": "1761df60-adf5-45dc-8524-ee27e0bcdf22"}
{"timestamp": "2026-06-11 18:17:26,135", "level": "INFO", "logger_name": "core.api", "message": "API Response Completed: 200", "request_id": "1761df60-adf5-45dc-8524-ee27e0bcdf22", "user_id": null, "api_id": "static-serve", "duration_ms": 0.85, "correlation_id": "1761df60-adf5-45dc-8524-ee27e0bcdf22"}
{"timestamp": "2026-06-11 18:17:26,137", "level": "INFO", "logger_name": "core.api", "message": "API Request Started: GET /media/profiles/scaled_1000030598.jpg", "request_id": "f9b61075-b105-4198-9545-b3b5359c0f99", "user_id": null, "api_id": "static-serve", "correlation_id": "f9b61075-b105-4198-9545-b3b5359c0f99"}
{"timestamp": "2026-06-11 18:17:26,138", "level": "INFO", "logger_name": "core.api", "message": "API Response Completed: 200", "request_id": "f9b61075-b105-4198-9545-b3b5359c0f99", "user_id": null, "api_id": "static-serve", "duration_ms": 0.63, "correlation_id": "f9b61075-b105-4198-9545-b3b5359c0f99"}
{"timestamp": "2026-06-11 18:17:26,464", "level": "INFO", "logger_name": "django.server", "message": "\"GET /media/profiles/scaled_1000030598.jpg?t=1781169446188 HTTP/1.1\" 200 1261605"}
{"timestamp": "2026-06-11 18:17:26,595", "level": "INFO", "logger_name": "django.server", "message": "\"GET /media/profiles/scaled_1000030598.jpg?t=1781169446021 HTTP/1.1\" 200 1261605"}
{"timestamp": "2026-06-11 18:17:26,684", "level": "INFO", "logger_name": "django.server", "message": "\"GET /media/profiles/scaled_1000030598.jpg?t=1781169445978 HTTP/1.1\" 200 1261605"}
{"timestamp": "2026-06-11 18:17:26,856", "level": "INFO", "logger_name": "django.server", "message": "\"GET /media/profiles/scaled_1000030598.jpg?t=1781169446245 HTTP/1.1\" 200 1261605"}
{"timestamp": "2026-06-11 18:17:27,030", "level": "INFO", "logger_name": "django.server", "message": "\"GET /media/profiles/scaled_1000030598.jpg?t=1781169446078 HTTP/1.1\" 200 1261605"}
{"timestamp": "2026-06-11 18:17:38,657", "level": "INFO", "logger_name": "core.api", "message": "API Request Started: POST /api/lost-items/search/", "request_id": "2d304f61-57af-486c-b52a-06cae416b0ac", "user_id": null, "api_id": "losts-search_lost_items", "correlation_id": "2d304f61-57af-486c-b52a-06cae416b0ac"}
{"timestamp": "2026-06-11 18:17:38,662", "level": "INFO", "logger_name": "core.api", "message": "API Response Completed: 200", "request_id": "2d304f61-57af-486c-b52a-06cae416b0ac", "user_id": null, "api_id": "losts-search_lost_items", "duration_ms": 4.5, "correlation_id": "2d304f61-57af-486c-b52a-06cae416b0ac"}
{"timestamp": "2026-06-11 18:17:38,662", "level": "INFO", "logger_name": "django.server", "message": "\"POST /api/lost-items/search/ HTTP/1.1\" 200 848"}
{"timestamp": "2026-06-11 18:17:41,925", "level": "INFO", "logger_name": "core.api", "message": "API Request Started: POST /api/lost-items/search/", "request_id": "457f3512-f1b0-4a33-a584-c60f9a6d5ffa", "user_id": null, "api_id": "losts-search_lost_items", "correlation_id": "457f3512-f1b0-4a33-a584-c60f9a6d5ffa"}
{"timestamp": "2026-06-11 18:17:41,930", "level": "INFO", "logger_name": "core.api", "message": "API Response Completed: 200", "request_id": "457f3512-f1b0-4a33-a584-c60f9a6d5ffa", "user_id": null, "api_id": "losts-search_lost_items", "duration_ms": 5.02, "correlation_id": "457f3512-f1b0-4a33-a584-c60f9a6d5ffa"}
{"timestamp": "2026-06-11 18:17:41,930", "level": "INFO", "logger_name": "django.server", "message": "\"POST /api/lost-items/search/ HTTP/1.1\" 200 6261"}
{"timestamp": "2026-06-11 18:17:45,315", "level": "INFO", "logger_name": "core.api", "message": "API Request Started: POST /api/lost-items/search/", "request_id": "34c39427-268a-40e8-91e1-e1f5abec9e83", "user_id": null, "api_id": "losts-search_lost_items", "correlation_id": "34c39427-268a-40e8-91e1-e1f5abec9e83"}
{"timestamp": "2026-06-11 18:17:45,318", "level": "INFO", "logger_name": "core.api", "message": "API Response Completed: 200", "request_id": "34c39427-268a-40e8-91e1-e1f5abec9e83", "user_id": null, "api_id": "losts-search_lost_items", "duration_ms": 2.66, "correlation_id": "34c39427-268a-40e8-91e1-e1f5abec9e83"}
{"timestamp": "2026-06-11 18:17:45,319", "level": "INFO", "logger_name": "django.server", "message": "\"POST /api/lost-items/search/ HTTP/1.1\" 200 1057"}
{"timestamp": "2026-06-11 18:17:46,042", "level": "INFO", "logger_name": "core.api", "message": "API Request Started: POST /api/lost-items/search/", "request_id": "ea4ca4a4-c792-454e-8a8b-26804fb3e61e", "user_id": null, "api_id": "losts-search_lost_items", "correlation_id": "ea4ca4a4-c792-454e-8a8b-26804fb3e61e"}
{"timestamp": "2026-06-11 18:17:46,046", "level": "INFO", "logger_name": "core.api", "message": "API Response Completed: 200", "request_id": "ea4ca4a4-c792-454e-8a8b-26804fb3e61e", "user_id": null, "api_id": "losts-search_lost_items", "duration_ms": 3.48, "correlation_id": "ea4ca4a4-c792-454e-8a8b-26804fb3e61e"}
{"timestamp": "2026-06-11 18:17:46,046", "level": "INFO", "logger_name": "django.server", "message": "\"POST /api/lost-items/search/ HTTP/1.1\" 200 1057"}
{"timestamp": "2026-06-11 18:17:48,424", "level": "INFO", "logger_name": "core.api", "message": "API Request Started: POST /api/lost-items/search/", "request_id": "386757c0-dde9-49ad-b836-72b647feb9b1", "user_id": null, "api_id": "losts-search_lost_items", "correlation_id": "386757c0-dde9-49ad-b836-72b647feb9b1"}
{"timestamp": "2026-06-11 18:17:48,429", "level": "INFO", "logger_name": "core.api", "message": "API Response Completed: 200", "request_id": "386757c0-dde9-49ad-b836-72b647feb9b1", "user_id": null, "api_id": "losts-search_lost_items", "duration_ms": 5.1, "correlation_id": "386757c0-dde9-49ad-b836-72b647feb9b1"}
{"timestamp": "2026-06-11 18:17:48,430", "level": "INFO", "logger_name": "django.server", "message": "\"POST /api/lost-items/search/ HTTP/1.1\" 200 6261"}
{"timestamp": "2026-06-11 18:17:50,013", "level": "INFO", "logger_name": "core.api", "message": "API Request Started: POST /api/lost-items/search/", "request_id": "aeb6392c-ae8d-4240-b354-88c26fd833aa", "user_id": null, "api_id": "losts-search_lost_items", "correlation_id": "aeb6392c-ae8d-4240-b354-88c26fd833aa"}
{"timestamp": "2026-06-11 18:17:50,016", "level": "INFO", "logger_name": "core.api", "message": "API Response Completed: 200", "request_id": "aeb6392c-ae8d-4240-b354-88c26fd833aa", "user_id": null, "api_id": "losts-search_lost_items", "duration_ms": 2.21, "correlation_id": "aeb6392c-ae8d-4240-b354-88c26fd833aa"}
{"timestamp": "2026-06-11 18:17:50,016", "level": "INFO", "logger_name": "django.server", "message": "\"POST /api/lost-items/search/ HTTP/1.1\" 200 285"}
{"timestamp": "2026-06-11 18:17:50,555", "level": "INFO", "logger_name": "core.api", "message": "API Request Started: POST /api/lost-items/search/", "request_id": "853b93ae-09af-4bb1-a872-24533f61c4f4", "user_id": null, "api_id": "losts-search_lost_items", "correlation_id": "853b93ae-09af-4bb1-a872-24533f61c4f4"}
{"timestamp": "2026-06-11 18:17:50,558", "level": "INFO", "logger_name": "core.api", "message": "API Response Completed: 200", "request_id": "853b93ae-09af-4bb1-a872-24533f61c4f4", "user_id": null, "api_id": "losts-search_lost_items", "duration_ms": 2.9, "correlation_id": "853b93ae-09af-4bb1-a872-24533f61c4f4"}
{"timestamp": "2026-06-11 18:17:50,558", "level": "INFO", "logger_name": "django.server", "message": "\"POST /api/lost-items/search/ HTTP/1.1\" 200 285"}
{"timestamp": "2026-06-11 18:17:52,143", "level": "INFO", "logger_name": "core.api", "message": "API Request Started: POST /api/lost-items/search/", "request_id": "7d340cca-8af8-4067-8cac-6ff410753299", "user_id": null, "api_id": "losts-search_lost_items", "correlation_id": "7d340cca-8af8-4067-8cac-6ff410753299"}
{"timestamp": "2026-06-11 18:17:52,149", "level": "INFO", "logger_name": "core.api", "message": "API Response Completed: 200", "request_id": "7d340cca-8af8-4067-8cac-6ff410753299", "user_id": null, "api_id": "losts-search_lost_items", "duration_ms": 6.03, "correlation_id": "7d340cca-8af8-4067-8cac-6ff410753299"}
{"timestamp": "2026-06-11 18:17:52,150", "level": "INFO", "logger_name": "django.server", "message": "\"POST /api/lost-items/search/ HTTP/1.1\" 200 6261"}
{"timestamp": "2026-06-11 18:17:55,928", "level": "INFO", "logger_name": "core.api", "message": "API Request Started: POST /api/lost-items/search/", "request_id": "882430c9-6412-4f71-a445-166f64b59ed1", "user_id": null, "api_id": "losts-search_lost_items", "correlation_id": "882430c9-6412-4f71-a445-166f64b59ed1"}
{"timestamp": "2026-06-11 18:17:55,931", "level": "INFO", "logger_name": "core.api", "message": "API Response Completed: 200", "request_id": "882430c9-6412-4f71-a445-166f64b59ed1", "user_id": null, "api_id": "losts-search_lost_items", "duration_ms": 3.25, "correlation_id": "882430c9-6412-4f71-a445-166f64b59ed1"}
{"timestamp": "2026-06-11 18:17:55,932", "level": "INFO", "logger_name": "django.server", "message": "\"POST /api/lost-items/search/ HTTP/1.1\" 200 285"}
{"timestamp": "2026-06-11 18:17:56,628", "level": "INFO", "logger_name": "core.api", "message": "API Request Started: POST /api/lost-items/search/", "request_id": "b80f659b-c847-4635-a64a-311f46eba9bb", "user_id": null, "api_id": "losts-search_lost_items", "correlation_id": "b80f659b-c847-4635-a64a-311f46eba9bb"}
{"timestamp": "2026-06-11 18:17:56,630", "level": "INFO", "logger_name": "core.api", "message": "API Response Completed: 200", "request_id": "b80f659b-c847-4635-a64a-311f46eba9bb", "user_id": null, "api_id": "losts-search_lost_items", "duration_ms": 2.31, "correlation_id": "b80f659b-c847-4635-a64a-311f46eba9bb"}
{"timestamp": "2026-06-11 18:17:56,631", "level": "INFO", "logger_name": "django.server", "message": "\"POST /api/lost-items/search/ HTTP/1.1\" 200 285"}
{"timestamp": "2026-06-11 18:17:56,995", "level": "INFO", "logger_name": "core.api", "message": "API Request Started: POST /api/lost-items/search/", "request_id": "60710b85-0ce6-426d-9d58-918ec7b67e7e", "user_id": null, "api_id": "losts-search_lost_items", "correlation_id": "60710b85-0ce6-426d-9d58-918ec7b67e7e"}
{"timestamp": "2026-06-11 18:17:56,999", "level": "INFO", "logger_name": "core.api", "message": "API Response Completed: 200", "request_id": "60710b85-0ce6-426d-9d58-918ec7b67e7e", "user_id": null, "api_id": "losts-search_lost_items", "duration_ms": 3.69, "correlation_id": "60710b85-0ce6-426d-9d58-918ec7b67e7e"}
{"timestamp": "2026-06-11 18:17:57,000", "level": "INFO", "logger_name": "django.server", "message": "\"POST /api/lost-items/search/ HTTP/1.1\" 200 1645"}
{"timestamp": "2026-06-11 18:18:00,922", "level": "INFO", "logger_name": "core.api", "message": "API Request Started: GET /api/lost-items/2/comments/", "request_id": "612f5a4f-f725-4132-9455-f2ea007115e4", "user_id": null, "api_id": "comments-handle_comments", "correlation_id": "612f5a4f-f725-4132-9455-f2ea007115e4"}
{"timestamp": "2026-06-11 18:18:00,924", "level": "INFO", "logger_name": "core.api", "message": "API Response Completed: 200", "request_id": "612f5a4f-f725-4132-9455-f2ea007115e4", "user_id": null, "api_id": "comments-handle_comments", "duration_ms": 2.09, "correlation_id": "612f5a4f-f725-4132-9455-f2ea007115e4"}
{"timestamp": "2026-06-11 18:18:00,925", "level": "INFO", "logger_name": "django.server", "message": "\"GET /api/lost-items/2/comments/ HTTP/1.1\" 200 400"}
{"timestamp": "2026-06-11 18:18:11,163", "level": "INFO", "logger_name": "core.api", "message": "API Request Started: POST /api/lost-items/2/comments/", "request_id": "5c412e18-e195-44f8-8c52-eeceba150221", "user_id": null, "api_id": "comments-handle_comments", "correlation_id": "5c412e18-e195-44f8-8c52-eeceba150221"}
{"timestamp": "2026-06-11 18:18:11,208", "level": "INFO", "logger_name": "core.api", "message": "API Response Completed: 201", "request_id": "5c412e18-e195-44f8-8c52-eeceba150221", "user_id": null, "api_id": "comments-handle_comments", "duration_ms": 45.42, "correlation_id": "5c412e18-e195-44f8-8c52-eeceba150221"}
{"timestamp": "2026-06-11 18:18:11,208", "level": "INFO", "logger_name": "django.server", "message": "\"POST /api/lost-items/2/comments/ HTTP/1.1\" 201 223"}
{"timestamp": "2026-06-11 18:18:18,702", "level": "INFO", "logger_name": "core.api", "message": "API Request Started: POST /api/lost-items/search/", "request_id": "0981bc15-569e-4ad0-83bb-2595e4b66586", "user_id": null, "api_id": "losts-search_lost_items", "correlation_id": "0981bc15-569e-4ad0-83bb-2595e4b66586"}
{"timestamp": "2026-06-11 18:18:18,707", "level": "INFO", "logger_name": "core.api", "message": "API Response Completed: 200", "request_id": "0981bc15-569e-4ad0-83bb-2595e4b66586", "user_id": null, "api_id": "losts-search_lost_items", "duration_ms": 4.78, "correlation_id": "0981bc15-569e-4ad0-83bb-2595e4b66586"}
{"timestamp": "2026-06-11 18:18:18,708", "level": "INFO", "logger_name": "django.server", "message": "\"POST /api/lost-items/search/ HTTP/1.1\" 200 6261"}
{"timestamp": "2026-06-11 18:18:22,296", "level": "INFO", "logger_name": "core.api", "message": "API Request Started: GET /media/profiles/scaled_1000030598.jpg", "request_id": "3de52056-5aaa-4894-a285-0f259ec627a4", "user_id": null, "api_id": "static-serve", "correlation_id": "3de52056-5aaa-4894-a285-0f259ec627a4"}
{"timestamp": "2026-06-11 18:18:22,296", "level": "INFO", "logger_name": "core.api", "message": "API Response Completed: 200", "request_id": "3de52056-5aaa-4894-a285-0f259ec627a4", "user_id": null, "api_id": "static-serve", "duration_ms": 0.67, "correlation_id": "3de52056-5aaa-4894-a285-0f259ec627a4"}
{"timestamp": "2026-06-11 18:18:22,677", "level": "INFO", "logger_name": "django.server", "message": "\"GET /media/profiles/scaled_1000030598.jpg?t=1781169502365 HTTP/1.1\" 200 1261605"}
{"timestamp": "2026-06-11 18:18:24,306", "level": "INFO", "logger_name": "core.api", "message": "API Request Started: POST /api/lost-items/18/claim/", "request_id": "be33130a-6996-4fee-9273-a536ec0947ec", "user_id": null, "api_id": "losts-claim_lost_item", "correlation_id": "be33130a-6996-4fee-9273-a536ec0947ec"}
{"timestamp": "2026-06-11 18:18:24,324", "level": "INFO", "logger_name": "core.api", "message": "API Response Completed: 200", "request_id": "be33130a-6996-4fee-9273-a536ec0947ec", "user_id": null, "api_id": "losts-claim_lost_item", "duration_ms": 17.38, "correlation_id": "be33130a-6996-4fee-9273-a536ec0947ec"}
{"timestamp": "2026-06-11 18:18:24,324", "level": "INFO", "logger_name": "django.server", "message": "\"POST /api/lost-items/18/claim/ HTTP/1.1\" 200 111"}
{"timestamp": "2026-06-11 18:18:24,400", "level": "INFO", "logger_name": "core.api", "message": "API Request Started: GET /media/profiles/scaled_1000030598.jpg", "request_id": "9a9b636b-1f68-4442-b291-65dd76d15309", "user_id": null, "api_id": "static-serve", "correlation_id": "9a9b636b-1f68-4442-b291-65dd76d15309"}
{"timestamp": "2026-06-11 18:18:24,401", "level": "INFO", "logger_name": "core.api", "message": "API Response Completed: 200", "request_id": "9a9b636b-1f68-4442-b291-65dd76d15309", "user_id": null, "api_id": "static-serve", "duration_ms": 0.7, "correlation_id": "9a9b636b-1f68-4442-b291-65dd76d15309"}
{"timestamp": "2026-06-11 18:18:25,071", "level": "INFO", "logger_name": "django.server", "message": "\"GET /media/profiles/scaled_1000030598.jpg?t=1781169504527 HTTP/1.1\" 200 1261605"}
{"timestamp": "2026-06-11 18:18:27,514", "level": "INFO", "logger_name": "core.api", "message": "API Request Started: GET /media/profiles/scaled_1000030598.jpg", "request_id": "cbc287bd-e0cf-453a-ab12-9ef84f05e35d", "user_id": null, "api_id": "static-serve", "correlation_id": "cbc287bd-e0cf-453a-ab12-9ef84f05e35d"}
{"timestamp": "2026-06-11 18:18:27,515", "level": "INFO", "logger_name": "core.api", "message": "API Response Completed: 200", "request_id": "cbc287bd-e0cf-453a-ab12-9ef84f05e35d", "user_id": null, "api_id": "static-serve", "duration_ms": 0.62, "correlation_id": "cbc287bd-e0cf-453a-ab12-9ef84f05e35d"}
{"timestamp": "2026-06-11 18:18:28,087", "level": "INFO", "logger_name": "django.server", "message": "\"GET /media/profiles/scaled_1000030598.jpg?t=1781169507616 HTTP/1.1\" 200 1261605"}
{"timestamp": "2026-06-11 18:18:33,691", "level": "INFO", "logger_name": "core.api", "message": "API Request Started: POST /api/lost-items/search/", "request_id": "af26b254-2b8b-48ce-8b8b-17f4755e8205", "user_id": null, "api_id": "losts-search_lost_items", "correlation_id": "af26b254-2b8b-48ce-8b8b-17f4755e8205"}
{"timestamp": "2026-06-11 18:18:33,696", "level": "INFO", "logger_name": "core.api", "message": "API Response Completed: 200", "request_id": "af26b254-2b8b-48ce-8b8b-17f4755e8205", "user_id": null, "api_id": "losts-search_lost_items", "duration_ms": 5.14, "correlation_id": "af26b254-2b8b-48ce-8b8b-17f4755e8205"}
{"timestamp": "2026-06-11 18:18:33,697", "level": "INFO", "logger_name": "django.server", "message": "\"POST /api/lost-items/search/ HTTP/1.1\" 200 6260"}
{"timestamp": "2026-06-11 18:18:42,782", "level": "INFO", "logger_name": "django.server", "message": "- Broken pipe from ('172.30.1.62', 41614)"}
{"timestamp": "2026-06-12 10:41:20,045", "level": "INFO", "logger_name": "django.utils.autoreload", "message": "Watching for file changes with StatReloader"}
{"timestamp": "2026-06-12 10:43:30,233", "level": "INFO", "logger_name": "django.utils.autoreload", "message": "Watching for file changes with StatReloader"}
{"timestamp": "2026-06-12 10:47:11,954", "level": "INFO", "logger_name": "core.api", "message": "API Request Started: OPTIONS /api/students/login", "request_id": "ee6521be-fcf2-4afc-9fe7-ccafd1c39913", "user_id": null, "api_id": "login-view", "correlation_id": "ee6521be-fcf2-4afc-9fe7-ccafd1c39913"}
{"timestamp": "2026-06-12 10:47:11,956", "level": "INFO", "logger_name": "core.api", "message": "API Response Completed: 200", "request_id": "ee6521be-fcf2-4afc-9fe7-ccafd1c39913", "user_id": null, "api_id": "login-view", "duration_ms": 1.79, "correlation_id": "ee6521be-fcf2-4afc-9fe7-ccafd1c39913"}
{"timestamp": "2026-06-12 10:47:11,984", "level": "INFO", "logger_name": "django.server", "message": "\"OPTIONS /api/students/login HTTP/1.1\" 200 172"}
{"timestamp": "2026-06-12 10:47:33,174", "level": "INFO", "logger_name": "django.utils.autoreload", "message": "D:\\project\\AlphaKit\\back-end\\config\\settings.py changed, reloading."}
{"timestamp": "2026-06-12 10:47:33,669", "level": "INFO", "logger_name": "django.utils.autoreload", "message": "Watching for file changes with StatReloader"}
{"timestamp": "2026-06-12 10:49:21,914", "level": "INFO", "logger_name": "django.utils.autoreload", "message": "Watching for file changes with StatReloader"}
{"timestamp": "2026-06-12 10:50:32,213", "level": "INFO", "logger_name": "django.server", "message": "\"OPTIONS /api/students/login HTTP/1.1\" 200 0"}
{"timestamp": "2026-06-12 10:50:32,217", "level": "INFO", "logger_name": "core.api", "message": "API Request Started: POST /api/students/login", "request_id": "2fd6c61e-930f-43ab-baf8-b6ef326c5060", "user_id": null, "api_id": "login-view", "correlation_id": "2fd6c61e-930f-43ab-baf8-b6ef326c5060"}
{"timestamp": "2026-06-12 10:50:32,218", "level": "INFO", "logger_name": "core.api.login", "message": "=== [API CALL] POST /students/login ==="}
{"timestamp": "2026-06-12 10:50:32,219", "level": "INFO", "logger_name": "core.api.login", "message": "Sending login request to e-Campus: https://cyber.gachon.ac.kr/login/index.php"}
{"timestamp": "2026-06-12 10:50:34,083", "level": "INFO", "logger_name": "core.api.login", "message": "e-Campus login successful for username: byou0070"}
{"timestamp": "2026-06-12 10:50:34,106", "level": "INFO", "logger_name": "core.api.login", "message": "Generated JWT tokens for returning student."}
{"timestamp": "2026-06-12 10:50:34,108", "level": "INFO", "logger_name": "core.api", "message": "API Response Completed: 200", "request_id": "2fd6c61e-930f-43ab-baf8-b6ef326c5060", "user_id": null, "api_id": "login-view", "duration_ms": 1890.95, "correlation_id": "2fd6c61e-930f-43ab-baf8-b6ef326c5060"}
{"timestamp": "2026-06-12 10:50:34,109", "level": "INFO", "logger_name": "django.server", "message": "\"POST /api/students/login HTTP/1.1\" 200 854"}
{"timestamp": "2026-06-12 10:50:34,274", "level": "INFO", "logger_name": "django.server", "message": "\"OPTIONS /api/topics/active/ HTTP/1.1\" 200 0"}
{"timestamp": "2026-06-12 10:50:34,276", "level": "INFO", "logger_name": "core.api", "message": "API Request Started: GET /api/topics/active/", "request_id": "064a1b50-28b4-4e32-9724-403114d85d1a", "user_id": null, "api_id": "topic_api-get_active_topic", "correlation_id": "064a1b50-28b4-4e32-9724-403114d85d1a"}
{"timestamp": "2026-06-12 10:50:34,280", "level": "INFO", "logger_name": "core.api", "message": "API Response Completed: 200", "request_id": "064a1b50-28b4-4e32-9724-403114d85d1a", "user_id": null, "api_id": "topic_api-get_active_topic", "duration_ms": 4.4, "correlation_id": "064a1b50-28b4-4e32-9724-403114d85d1a"}
{"timestamp": "2026-06-12 10:50:34,280", "level": "INFO", "logger_name": "django.server", "message": "\"GET /api/topics/active/ HTTP/1.1\" 200 324"}
{"timestamp": "2026-06-12 10:50:34,386", "level": "INFO", "logger_name": "django.server", "message": "\"OPTIONS /api/topics/13/vote/stat/ HTTP/1.1\" 200 0"}
{"timestamp": "2026-06-12 10:50:34,387", "level": "INFO", "logger_name": "core.api", "message": "API Request Started: GET /api/topics/13/vote/stat/", "request_id": "da4c1e38-5bc4-4623-8641-247bddb59080", "user_id": null, "api_id": "topic_api-get_vote_stat", "correlation_id": "da4c1e38-5bc4-4623-8641-247bddb59080"}
{"timestamp": "2026-06-12 10:50:34,393", "level": "INFO", "logger_name": "core.api", "message": "API Response Completed: 200", "request_id": "da4c1e38-5bc4-4623-8641-247bddb59080", "user_id": null, "api_id": "topic_api-get_vote_stat", "duration_ms": 6.5, "correlation_id": "da4c1e38-5bc4-4623-8641-247bddb59080"}
{"timestamp": "2026-06-12 10:50:34,394", "level": "INFO", "logger_name": "django.server", "message": "\"GET /api/topics/13/vote/stat/ HTTP/1.1\" 200 93"}
{"timestamp": "2026-06-12 10:50:50,567", "level": "INFO", "logger_name": "core.api", "message": "API Request Started: GET /api/campus/graph/", "request_id": "bde7ab2f-de92-4e44-8c3e-3198499d32dc", "user_id": null, "api_id": "campus-get_campus_graph", "correlation_id": "bde7ab2f-de92-4e44-8c3e-3198499d32dc"}
{"timestamp": "2026-06-12 10:50:50,571", "level": "INFO", "logger_name": "core.api", "message": "API Response Completed: 200", "request_id": "bde7ab2f-de92-4e44-8c3e-3198499d32dc", "user_id": null, "api_id": "campus-get_campus_graph", "duration_ms": 4.32, "correlation_id": "bde7ab2f-de92-4e44-8c3e-3198499d32dc"}
{"timestamp": "2026-06-12 10:50:50,572", "level": "INFO", "logger_name": "django.server", "message": "\"GET /api/campus/graph/ HTTP/1.1\" 200 5792"}
{"timestamp": "2026-06-12 10:51:34,705", "level": "INFO", "logger_name": "django.server", "message": "\"OPTIONS /api/wishlist/?limit=1000 HTTP/1.1\" 200 0"}
{"timestamp": "2026-06-12 10:51:34,706", "level": "INFO", "logger_name": "core.api", "message": "API Request Started: GET /api/wishlist/", "request_id": "e6b1a291-15db-4d03-a883-a37cb1176a28", "user_id": null, "api_id": "wishlist-view", "correlation_id": "e6b1a291-15db-4d03-a883-a37cb1176a28"}
{"timestamp": "2026-06-12 10:51:34,707", "level": "INFO", "logger_name": "core.api.wishlist", "message": "=== [API CALL] GET /api/wishlist/ ==="}
{"timestamp": "2026-06-12 10:51:34,709", "level": "INFO", "logger_name": "core.api", "message": "API Response Completed: 200", "request_id": "e6b1a291-15db-4d03-a883-a37cb1176a28", "user_id": null, "api_id": "wishlist-view", "duration_ms": 3.06, "correlation_id": "e6b1a291-15db-4d03-a883-a37cb1176a28"}
{"timestamp": "2026-06-12 10:51:34,710", "level": "INFO", "logger_name": "django.server", "message": "\"GET /api/wishlist/?limit=1000 HTTP/1.1\" 200 1633"}
{"timestamp": "2026-06-12 10:51:38,413", "level": "INFO", "logger_name": "django.server", "message": "\"OPTIONS /api/wishlist/?page=1&limit=20 HTTP/1.1\" 200 0"}
{"timestamp": "2026-06-12 10:51:38,415", "level": "INFO", "logger_name": "core.api", "message": "API Request Started: GET /api/wishlist/", "request_id": "60a6a6c9-7c7f-4bb8-9dfa-da16a59c9d89", "user_id": null, "api_id": "wishlist-view", "correlation_id": "60a6a6c9-7c7f-4bb8-9dfa-da16a59c9d89"}
{"timestamp": "2026-06-12 10:51:38,415", "level": "INFO", "logger_name": "core.api.wishlist", "message": "=== [API CALL] GET /api/wishlist/ ==="}
{"timestamp": "2026-06-12 10:51:38,417", "level": "INFO", "logger_name": "core.api", "message": "API Response Completed: 200", "request_id": "60a6a6c9-7c7f-4bb8-9dfa-da16a59c9d89", "user_id": null, "api_id": "wishlist-view", "duration_ms": 2.57, "correlation_id": "60a6a6c9-7c7f-4bb8-9dfa-da16a59c9d89"}
{"timestamp": "2026-06-12 10:51:38,418", "level": "INFO", "logger_name": "django.server", "message": "\"GET /api/wishlist/?page=1&limit=20 HTTP/1.1\" 200 1633"}
{"timestamp": "2026-06-12 10:51:39,880", "level": "INFO", "logger_name": "django.server", "message": "\"OPTIONS /api/wishlist/toggle/ HTTP/1.1\" 200 0"}
{"timestamp": "2026-06-12 10:51:39,881", "level": "INFO", "logger_name": "core.api", "message": "API Request Started: POST /api/wishlist/toggle/", "request_id": "3c47856d-0839-4a0d-a18b-e766173ecc11", "user_id": null, "api_id": "wishlist-view", "correlation_id": "3c47856d-0839-4a0d-a18b-e766173ecc11"}
{"timestamp": "2026-06-12 10:51:39,881", "level": "INFO", "logger_name": "core.api.wishlist", "message": "=== [API CALL] POST /api/wishlist/toggle/ ==="}
{"timestamp": "2026-06-12 10:51:39,894", "level": "INFO", "logger_name": "core.api.wishlist", "message": "Student 202434980 removed course 8 from wishlist."}
{"timestamp": "2026-06-12 10:51:39,901", "level": "INFO", "logger_name": "core.api", "message": "API Response Completed: 200", "request_id": "3c47856d-0839-4a0d-a18b-e766173ecc11", "user_id": null, "api_id": "wishlist-view", "duration_ms": 20.21, "correlation_id": "3c47856d-0839-4a0d-a18b-e766173ecc11"}
{"timestamp": "2026-06-12 10:51:39,903", "level": "INFO", "logger_name": "django.server", "message": "\"POST /api/wishlist/toggle/ HTTP/1.1\" 200 113"}
{"timestamp": "2026-06-12 10:51:41,088", "level": "INFO", "logger_name": "core.api", "message": "API Request Started: POST /api/wishlist/toggle/", "request_id": "57ce6965-1708-4af3-9b52-6ce3717b0456", "user_id": null, "api_id": "wishlist-view", "correlation_id": "57ce6965-1708-4af3-9b52-6ce3717b0456"}
{"timestamp": "2026-06-12 10:51:41,088", "level": "INFO", "logger_name": "core.api.wishlist", "message": "=== [API CALL] POST /api/wishlist/toggle/ ==="}
{"timestamp": "2026-06-12 10:51:41,099", "level": "INFO", "logger_name": "core.api.wishlist", "message": "Student 202434980 removed course 89 from wishlist."}
{"timestamp": "2026-06-12 10:51:41,107", "level": "INFO", "logger_name": "core.api", "message": "API Response Completed: 200", "request_id": "57ce6965-1708-4af3-9b52-6ce3717b0456", "user_id": null, "api_id": "wishlist-view", "duration_ms": 19.27, "correlation_id": "57ce6965-1708-4af3-9b52-6ce3717b0456"}
{"timestamp": "2026-06-12 10:51:41,108", "level": "INFO", "logger_name": "django.server", "message": "\"POST /api/wishlist/toggle/ HTTP/1.1\" 200 114"}
{"timestamp": "2026-06-12 10:51:41,582", "level": "INFO", "logger_name": "core.api", "message": "API Request Started: POST /api/wishlist/toggle/", "request_id": "1ff97873-26b9-498c-b546-9072e65a05ed", "user_id": null, "api_id": "wishlist-view", "correlation_id": "1ff97873-26b9-498c-b546-9072e65a05ed"}
{"timestamp": "2026-06-12 10:51:41,583", "level": "INFO", "logger_name": "core.api.wishlist", "message": "=== [API CALL] POST /api/wishlist/toggle/ ==="}
{"timestamp": "2026-06-12 10:51:41,593", "level": "INFO", "logger_name": "core.api.wishlist", "message": "Student 202434980 removed course 90 from wishlist."}
{"timestamp": "2026-06-12 10:51:41,602", "level": "INFO", "logger_name": "core.api", "message": "API Response Completed: 200", "request_id": "1ff97873-26b9-498c-b546-9072e65a05ed", "user_id": null, "api_id": "wishlist-view", "duration_ms": 19.98, "correlation_id": "1ff97873-26b9-498c-b546-9072e65a05ed"}
{"timestamp": "2026-06-12 10:51:41,603", "level": "INFO", "logger_name": "django.server", "message": "\"POST /api/wishlist/toggle/ HTTP/1.1\" 200 114"}
{"timestamp": "2026-06-12 10:51:42,127", "level": "INFO", "logger_name": "core.api", "message": "API Request Started: POST /api/wishlist/toggle/", "request_id": "ec6e8d14-3ff6-42e2-991e-7e44d908a674", "user_id": null, "api_id": "wishlist-view", "correlation_id": "ec6e8d14-3ff6-42e2-991e-7e44d908a674"}
{"timestamp": "2026-06-12 10:51:42,128", "level": "INFO", "logger_name": "core.api.wishlist", "message": "=== [API CALL] POST /api/wishlist/toggle/ ==="}
{"timestamp": "2026-06-12 10:51:42,139", "level": "INFO", "logger_name": "core.api.wishlist", "message": "Student 202434980 removed course 92 from wishlist."}
{"timestamp": "2026-06-12 10:51:42,147", "level": "INFO", "logger_name": "core.api", "message": "API Response Completed: 200", "request_id": "ec6e8d14-3ff6-42e2-991e-7e44d908a674", "user_id": null, "api_id": "wishlist-view", "duration_ms": 19.55, "correlation_id": "ec6e8d14-3ff6-42e2-991e-7e44d908a674"}
{"timestamp": "2026-06-12 10:51:42,148", "level": "INFO", "logger_name": "django.server", "message": "\"POST /api/wishlist/toggle/ HTTP/1.1\" 200 114"}
{"timestamp": "2026-06-12 10:51:46,420", "level": "INFO", "logger_name": "core.api", "message": "API Request Started: GET /api/courses/", "request_id": "2e3b68e2-a2e7-41b4-a211-a3e114ed5ffc", "user_id": null, "api_id": "courses-get_courses", "correlation_id": "2e3b68e2-a2e7-41b4-a211-a3e114ed5ffc"}
{"timestamp": "2026-06-12 10:51:46,422", "level": "INFO", "logger_name": "core.api", "message": "API Response Completed: 200", "request_id": "2e3b68e2-a2e7-41b4-a211-a3e114ed5ffc", "user_id": null, "api_id": "courses-get_courses", "duration_ms": 1.27, "correlation_id": "2e3b68e2-a2e7-41b4-a211-a3e114ed5ffc"}
{"timestamp": "2026-06-12 10:51:46,422", "level": "INFO", "logger_name": "django.server", "message": "\"GET /api/courses/?school_id=1&search_type=name&page=1&limit=20&keyword=w HTTP/1.1\" 200 350"}
{"timestamp": "2026-06-12 10:51:46,747", "level": "INFO", "logger_name": "core.api", "message": "API Request Started: GET /api/courses/", "request_id": "3c438527-e31c-444a-b575-0a9423fe020c", "user_id": null, "api_id": "courses-get_courses", "correlation_id": "3c438527-e31c-444a-b575-0a9423fe020c"}
{"timestamp": "2026-06-12 10:51:46,748", "level": "INFO", "logger_name": "core.api", "message": "API Response Completed: 200", "request_id": "3c438527-e31c-444a-b575-0a9423fe020c", "user_id": null, "api_id": "courses-get_courses", "duration_ms": 1.3, "correlation_id": "3c438527-e31c-444a-b575-0a9423fe020c"}
{"timestamp": "2026-06-12 10:51:46,749", "level": "INFO", "logger_name": "django.server", "message": "\"GET /api/courses/?school_id=1&search_type=name&page=1&limit=20&keyword=wf HTTP/1.1\" 200 350"}
{"timestamp": "2026-06-12 10:51:48,880", "level": "INFO", "logger_name": "core.api", "message": "API Request Started: GET /api/courses/", "request_id": "3b11c602-59c0-463d-ade3-aa8951107caf", "user_id": null, "api_id": "courses-get_courses", "correlation_id": "3b11c602-59c0-463d-ade3-aa8951107caf"}
{"timestamp": "2026-06-12 10:51:48,881", "level": "INFO", "logger_name": "core.api", "message": "API Response Completed: 200", "request_id": "3b11c602-59c0-463d-ade3-aa8951107caf", "user_id": null, "api_id": "courses-get_courses", "duration_ms": 1.09, "correlation_id": "3b11c602-59c0-463d-ade3-aa8951107caf"}
{"timestamp": "2026-06-12 10:51:48,882", "level": "INFO", "logger_name": "django.server", "message": "\"GET /api/courses/?school_id=1&search_type=name&page=1&limit=20&keyword=gr HTTP/1.1\" 200 350"}
{"timestamp": "2026-06-12 10:51:49,421", "level": "INFO", "logger_name": "core.api", "message": "API Request Started: GET /api/courses/", "request_id": "fa0b8d1c-10b7-492e-8e4c-ea9cb9c753dc", "user_id": null, "api_id": "courses-get_courses", "correlation_id": "fa0b8d1c-10b7-492e-8e4c-ea9cb9c753dc"}
{"timestamp": "2026-06-12 10:51:49,421", "level": "INFO", "logger_name": "core.api", "message": "API Response Completed: 200", "request_id": "fa0b8d1c-10b7-492e-8e4c-ea9cb9c753dc", "user_id": null, "api_id": "courses-get_courses", "duration_ms": 0.65, "correlation_id": "fa0b8d1c-10b7-492e-8e4c-ea9cb9c753dc"}
{"timestamp": "2026-06-12 10:51:49,422", "level": "INFO", "logger_name": "django.server", "message": "\"GET /api/courses/?school_id=1&search_type=name&page=1&limit=20&keyword=gree HTTP/1.1\" 200 350"}
{"timestamp": "2026-06-12 10:51:50,180", "level": "INFO", "logger_name": "core.api", "message": "API Request Started: GET /api/courses/", "request_id": "e3775aa0-d6a8-431c-8e08-e4f9bd7b6cac", "user_id": null, "api_id": "courses-get_courses", "correlation_id": "e3775aa0-d6a8-431c-8e08-e4f9bd7b6cac"}
{"timestamp": "2026-06-12 10:51:50,181", "level": "INFO", "logger_name": "core.api", "message": "API Response Completed: 200", "request_id": "e3775aa0-d6a8-431c-8e08-e4f9bd7b6cac", "user_id": null, "api_id": "courses-get_courses", "duration_ms": 1.23, "correlation_id": "e3775aa0-d6a8-431c-8e08-e4f9bd7b6cac"}
{"timestamp": "2026-06-12 10:51:50,182", "level": "INFO", "logger_name": "django.server", "message": "\"GET /api/courses/?school_id=1&search_type=name&page=1&limit=20&keyword=greed HTTP/1.1\" 200 350"}
{"timestamp": "2026-06-12 10:51:50,654", "level": "INFO", "logger_name": "core.api", "message": "API Request Started: GET /api/courses/", "request_id": "b3814f71-6119-4992-9f08-5774153ab7a3", "user_id": null, "api_id": "courses-get_courses", "correlation_id": "b3814f71-6119-4992-9f08-5774153ab7a3"}
{"timestamp": "2026-06-12 10:51:50,655", "level": "INFO", "logger_name": "core.api", "message": "API Response Completed: 200", "request_id": "b3814f71-6119-4992-9f08-5774153ab7a3", "user_id": null, "api_id": "courses-get_courses", "duration_ms": 1.22, "correlation_id": "b3814f71-6119-4992-9f08-5774153ab7a3"}
{"timestamp": "2026-06-12 10:51:50,656", "level": "INFO", "logger_name": "django.server", "message": "\"GET /api/courses/?school_id=1&search_type=name&page=1&limit=20&keyword=greedy HTTP/1.1\" 200 350"}
{"timestamp": "2026-06-12 10:51:51,073", "level": "INFO", "logger_name": "core.api", "message": "API Request Started: GET /api/courses/", "request_id": "253fe1d2-c062-4073-8059-e85c5051a0db", "user_id": null, "api_id": "courses-get_courses", "correlation_id": "253fe1d2-c062-4073-8059-e85c5051a0db"}
{"timestamp": "2026-06-12 10:51:51,075", "level": "INFO", "logger_name": "core.api", "message": "API Response Completed: 200", "request_id": "253fe1d2-c062-4073-8059-e85c5051a0db", "user_id": null, "api_id": "courses-get_courses", "duration_ms": 1.66, "correlation_id": "253fe1d2-c062-4073-8059-e85c5051a0db"}
{"timestamp": "2026-06-12 10:51:51,076", "level": "INFO", "logger_name": "django.server", "message": "\"GET /api/courses/?school_id=1&search_type=name&page=1&limit=20&keyword=greedy HTTP/1.1\" 200 350"}
{"timestamp": "2026-06-12 10:51:54,023", "level": "INFO", "logger_name": "core.api", "message": "API Request Started: GET /api/courses/", "request_id": "4c9899b0-076f-4f5f-a7b1-39bdffa61c5a", "user_id": null, "api_id": "courses-get_courses", "correlation_id": "4c9899b0-076f-4f5f-a7b1-39bdffa61c5a"}
{"timestamp": "2026-06-12 10:51:54,027", "level": "INFO", "logger_name": "core.api", "message": "API Response Completed: 200", "request_id": "4c9899b0-076f-4f5f-a7b1-39bdffa61c5a", "user_id": null, "api_id": "courses-get_courses", "duration_ms": 4.08, "correlation_id": "4c9899b0-076f-4f5f-a7b1-39bdffa61c5a"}
{"timestamp": "2026-06-12 10:51:54,028", "level": "INFO", "logger_name": "django.server", "message": "\"GET /api/courses/?school_id=1&search_type=content&page=1&limit=20&keyword=gre HTTP/1.1\" 200 848"}
{"timestamp": "2026-06-12 10:51:54,437", "level": "INFO", "logger_name": "core.api", "message": "API Request Started: GET /api/courses/", "request_id": "701f97e4-2b9d-4506-9347-117c1c285424", "user_id": null, "api_id": "courses-get_courses", "correlation_id": "701f97e4-2b9d-4506-9347-117c1c285424"}
{"timestamp": "2026-06-12 10:51:54,439", "level": "INFO", "logger_name": "core.api", "message": "API Response Completed: 200", "request_id": "701f97e4-2b9d-4506-9347-117c1c285424", "user_id": null, "api_id": "courses-get_courses", "duration_ms": 1.78, "correlation_id": "701f97e4-2b9d-4506-9347-117c1c285424"}
{"timestamp": "2026-06-12 10:51:54,439", "level": "INFO", "logger_name": "django.server", "message": "\"GET /api/courses/?school_id=1&search_type=content&page=1&limit=20&keyword=gree HTTP/1.1\" 200 848"}
{"timestamp": "2026-06-12 10:51:56,429", "level": "INFO", "logger_name": "core.api", "message": "API Request Started: POST /api/wishlist/toggle/", "request_id": "9ba15490-f588-460b-a218-6a43d727e573", "user_id": null, "api_id": "wishlist-view", "correlation_id": "9ba15490-f588-460b-a218-6a43d727e573"}
{"timestamp": "2026-06-12 10:51:56,429", "level": "INFO", "logger_name": "core.api.wishlist", "message": "=== [API CALL] POST /api/wishlist/toggle/ ==="}
{"timestamp": "2026-06-12 10:51:56,440", "level": "INFO", "logger_name": "core.api.wishlist", "message": "Student 202434980 added course 92 to wishlist."}
{"timestamp": "2026-06-12 10:51:56,450", "level": "INFO", "logger_name": "core.api", "message": "API Response Completed: 200", "request_id": "9ba15490-f588-460b-a218-6a43d727e573", "user_id": null, "api_id": "wishlist-view", "duration_ms": 20.71, "correlation_id": "9ba15490-f588-460b-a218-6a43d727e573"}
{"timestamp": "2026-06-12 10:51:56,450", "level": "INFO", "logger_name": "django.server", "message": "\"POST /api/wishlist/toggle/ HTTP/1.1\" 200 149"}
{"timestamp": "2026-06-12 10:51:59,398", "level": "INFO", "logger_name": "django.server", "message": "\"OPTIONS /api/rooms/reservations/ HTTP/1.1\" 200 0"}
{"timestamp": "2026-06-12 10:51:59,400", "level": "INFO", "logger_name": "core.api", "message": "API Request Started: GET /api/rooms/reservations/", "request_id": "441ee7cd-79f9-4896-b6e0-8ec125da7542", "user_id": null, "api_id": "rooms-get_my_reservations", "correlation_id": "441ee7cd-79f9-4896-b6e0-8ec125da7542"}
{"timestamp": "2026-06-12 10:51:59,402", "level": "INFO", "logger_name": "core.api", "message": "API Response Completed: 200", "request_id": "441ee7cd-79f9-4896-b6e0-8ec125da7542", "user_id": null, "api_id": "rooms-get_my_reservations", "duration_ms": 1.97, "correlation_id": "441ee7cd-79f9-4896-b6e0-8ec125da7542"}
{"timestamp": "2026-06-12 10:51:59,402", "level": "INFO", "logger_name": "django.server", "message": "\"GET /api/rooms/reservations/ HTTP/1.1\" 200 51"}
{"timestamp": "2026-06-12 10:52:02,812", "level": "INFO", "logger_name": "django.server", "message": "\"OPTIONS /api/rooms/recommend/ HTTP/1.1\" 200 0"}
{"timestamp": "2026-06-12 10:52:02,816", "level": "INFO", "logger_name": "core.api", "message": "API Request Started: POST /api/rooms/recommend/", "request_id": "4ab717f8-e0cd-4bb1-8d51-4649b40f249f", "user_id": null, "api_id": "rooms-recommend_study_rooms", "correlation_id": "4ab717f8-e0cd-4bb1-8d51-4649b40f249f"}
{"timestamp": "2026-06-12 10:52:02,827", "level": "INFO", "logger_name": "core.api", "message": "API Response Completed: 200", "request_id": "4ab717f8-e0cd-4bb1-8d51-4649b40f249f", "user_id": null, "api_id": "rooms-recommend_study_rooms", "duration_ms": 10.62, "correlation_id": "4ab717f8-e0cd-4bb1-8d51-4649b40f249f"}
{"timestamp": "2026-06-12 10:52:02,830", "level": "INFO", "logger_name": "django.server", "message": "\"POST /api/rooms/recommend/ HTTP/1.1\" 200 4100"}
{"timestamp": "2026-06-12 10:52:08,802", "level": "INFO", "logger_name": "core.api", "message": "API Request Started: POST /api/rooms/recommend/", "request_id": "3ff6a889-9dc5-4095-beca-f0066dc95346", "user_id": null, "api_id": "rooms-recommend_study_rooms", "correlation_id": "3ff6a889-9dc5-4095-beca-f0066dc95346"}
{"timestamp": "2026-06-12 10:52:08,811", "level": "INFO", "logger_name": "core.api", "message": "API Response Completed: 200", "request_id": "3ff6a889-9dc5-4095-beca-f0066dc95346", "user_id": null, "api_id": "rooms-recommend_study_rooms", "duration_ms": 9.17, "correlation_id": "3ff6a889-9dc5-4095-beca-f0066dc95346"}
{"timestamp": "2026-06-12 10:52:08,814", "level": "INFO", "logger_name": "django.server", "message": "\"POST /api/rooms/recommend/ HTTP/1.1\" 200 4150"}
{"timestamp": "2026-06-12 10:52:29,734", "level": "INFO", "logger_name": "core.api", "message": "API Request Started: POST /api/rooms/recommend/", "request_id": "ffd645c2-2acc-47dc-b81c-aa280ceeebec", "user_id": null, "api_id": "rooms-recommend_study_rooms", "correlation_id": "ffd645c2-2acc-47dc-b81c-aa280ceeebec"}
{"timestamp": "2026-06-12 10:52:29,738", "level": "INFO", "logger_name": "core.api", "message": "API Response Completed: 200", "request_id": "ffd645c2-2acc-47dc-b81c-aa280ceeebec", "user_id": null, "api_id": "rooms-recommend_study_rooms", "duration_ms": 3.15, "correlation_id": "ffd645c2-2acc-47dc-b81c-aa280ceeebec"}
{"timestamp": "2026-06-12 10:52:29,739", "level": "INFO", "logger_name": "django.server", "message": "\"POST /api/rooms/recommend/ HTTP/1.1\" 200 4340"}
{"timestamp": "2026-06-12 10:52:32,975", "level": "INFO", "logger_name": "django.server", "message": "\"OPTIONS /api/rooms/reserve/ HTTP/1.1\" 200 0"}
{"timestamp": "2026-06-12 10:52:32,979", "level": "INFO", "logger_name": "core.api", "message": "API Request Started: POST /api/rooms/reserve/", "request_id": "396cf658-cfd4-4095-ae2a-c78f61270436", "user_id": null, "api_id": "rooms-create_reservation", "correlation_id": "396cf658-cfd4-4095-ae2a-c78f61270436"}
{"timestamp": "2026-06-12 10:52:33,007", "level": "INFO", "logger_name": "core.api", "message": "API Response Completed: 200", "request_id": "396cf658-cfd4-4095-ae2a-c78f61270436", "user_id": null, "api_id": "rooms-create_reservation", "duration_ms": 28.84, "correlation_id": "396cf658-cfd4-4095-ae2a-c78f61270436"}
{"timestamp": "2026-06-12 10:52:33,009", "level": "INFO", "logger_name": "django.server", "message": "\"POST /api/rooms/reserve/ HTTP/1.1\" 200 117"}
{"timestamp": "2026-06-12 10:52:36,504", "level": "INFO", "logger_name": "django.server", "message": "\"OPTIONS /api/lost-items/search/ HTTP/1.1\" 200 0"}
{"timestamp": "2026-06-12 10:52:36,505", "level": "INFO", "logger_name": "core.api", "message": "API Request Started: POST /api/lost-items/search/", "request_id": "7ff9a374-d0c3-42c7-b3d7-b711c1571668", "user_id": null, "api_id": "losts-search_lost_items", "correlation_id": "7ff9a374-d0c3-42c7-b3d7-b711c1571668"}
{"timestamp": "2026-06-12 10:52:36,506", "level": "INFO", "logger_name": "django.server", "message": "\"OPTIONS /api/students/me/lost-items?page=1&limit=10 HTTP/1.1\" 200 0"}
{"timestamp": "2026-06-12 10:52:36,507", "level": "INFO", "logger_name": "core.api", "message": "API Request Started: GET /api/students/me/lost-items", "request_id": "2fbac3ba-9fd0-49b5-8f50-6c7fe6740460", "user_id": null, "api_id": "losts-get_my_lost_items", "correlation_id": "2fbac3ba-9fd0-49b5-8f50-6c7fe6740460"}
{"timestamp": "2026-06-12 10:52:36,510", "level": "INFO", "logger_name": "core.api", "message": "API Response Completed: 200", "request_id": "2fbac3ba-9fd0-49b5-8f50-6c7fe6740460", "user_id": null, "api_id": "losts-get_my_lost_items", "duration_ms": 2.94, "correlation_id": "2fbac3ba-9fd0-49b5-8f50-6c7fe6740460"}
{"timestamp": "2026-06-12 10:52:36,512", "level": "INFO", "logger_name": "django.server", "message": "\"GET /api/students/me/lost-items?page=1&limit=10 HTTP/1.1\" 200 688"}
{"timestamp": "2026-06-12 10:52:36,514", "level": "INFO", "logger_name": "core.api", "message": "API Response Completed: 200", "request_id": "7ff9a374-d0c3-42c7-b3d7-b711c1571668", "user_id": null, "api_id": "losts-search_lost_items", "duration_ms": 9.0, "correlation_id": "7ff9a374-d0c3-42c7-b3d7-b711c1571668"}
{"timestamp": "2026-06-12 10:52:36,515", "level": "INFO", "logger_name": "django.server", "message": "\"POST /api/lost-items/search/ HTTP/1.1\" 200 6260"}
{"timestamp": "2026-06-12 10:52:36,613", "level": "INFO", "logger_name": "core.api", "message": "API Request Started: GET /media/lost_items/scaled_7630d8c3-94a3-45b2-926a-a5cdb34b65b25582427360751066199.jpg", "request_id": "58d14ab3-6e56-4aaa-9f1b-70669de670b9", "user_id": null, "api_id": "static-serve", "correlation_id": "58d14ab3-6e56-4aaa-9f1b-70669de670b9"}
{"timestamp": "2026-06-12 10:52:36,741", "level": "INFO", "logger_name": "core.api", "message": "API Response Completed: 200", "request_id": "58d14ab3-6e56-4aaa-9f1b-70669de670b9", "user_id": null, "api_id": "static-serve", "duration_ms": 127.42, "correlation_id": "58d14ab3-6e56-4aaa-9f1b-70669de670b9"}
{"timestamp": "2026-06-12 10:52:36,746", "level": "INFO", "logger_name": "django.server", "message": "\"GET /media/lost_items/scaled_7630d8c3-94a3-45b2-926a-a5cdb34b65b25582427360751066199.jpg HTTP/1.1\" 200 984478"}
{"timestamp": "2026-06-12 10:52:38,439", "level": "INFO", "logger_name": "django.server", "message": "\"OPTIONS /api/lost-items/18/comments/ HTTP/1.1\" 200 0"}
{"timestamp": "2026-06-12 10:52:38,440", "level": "INFO", "logger_name": "core.api", "message": "API Request Started: GET /api/lost-items/18/comments/", "request_id": "4f8d4251-c5de-447b-b6d2-a6885e968f69", "user_id": null, "api_id": "comments-handle_comments", "correlation_id": "4f8d4251-c5de-447b-b6d2-a6885e968f69"}
{"timestamp": "2026-06-12 10:52:38,443", "level": "INFO", "logger_name": "core.api", "message": "API Response Completed: 200", "request_id": "4f8d4251-c5de-447b-b6d2-a6885e968f69", "user_id": null, "api_id": "comments-handle_comments", "duration_ms": 2.65, "correlation_id": "4f8d4251-c5de-447b-b6d2-a6885e968f69"}
{"timestamp": "2026-06-12 10:52:38,443", "level": "INFO", "logger_name": "django.server", "message": "\"GET /api/lost-items/18/comments/ HTTP/1.1\" 200 227"}
{"timestamp": "2026-06-12 10:52:38,457", "level": "INFO", "logger_name": "core.api", "message": "API Request Started: GET /media/profiles/scaled_1000030598.jpg", "request_id": "b676a34d-e607-4464-90e6-f3d024bf46cb", "user_id": null, "api_id": "static-serve", "correlation_id": "b676a34d-e607-4464-90e6-f3d024bf46cb"}
{"timestamp": "2026-06-12 10:52:38,466", "level": "INFO", "logger_name": "core.api", "message": "API Response Completed: 200", "request_id": "b676a34d-e607-4464-90e6-f3d024bf46cb", "user_id": null, "api_id": "static-serve", "duration_ms": 9.2, "correlation_id": "b676a34d-e607-4464-90e6-f3d024bf46cb"}
{"timestamp": "2026-06-12 10:52:38,471", "level": "INFO", "logger_name": "django.server", "message": "\"GET /media/profiles/scaled_1000030598.jpg?t=1781229158369 HTTP/1.1\" 200 1261605"}
{"timestamp": "2026-06-12 10:52:38,503", "level": "INFO", "logger_name": "core.api", "message": "API Request Started: GET /media/profiles/scaled_1000030598.jpg", "request_id": "7dbc6897-79ab-42fe-9a88-2b8897f36037", "user_id": null, "api_id": "static-serve", "correlation_id": "7dbc6897-79ab-42fe-9a88-2b8897f36037"}
{"timestamp": "2026-06-12 10:52:38,504", "level": "INFO", "logger_name": "core.api", "message": "API Response Completed: 200", "request_id": "7dbc6897-79ab-42fe-9a88-2b8897f36037", "user_id": null, "api_id": "static-serve", "duration_ms": 0.67, "correlation_id": "7dbc6897-79ab-42fe-9a88-2b8897f36037"}
{"timestamp": "2026-06-12 10:52:38,508", "level": "INFO", "logger_name": "django.server", "message": "\"GET /media/profiles/scaled_1000030598.jpg?t=1781229158441 HTTP/1.1\" 200 1261605"}
{"timestamp": "2026-06-12 10:52:38,654", "level": "INFO", "logger_name": "core.api", "message": "API Request Started: GET /media/profiles/scaled_1000030598.jpg", "request_id": "25bddfbf-8c7a-444c-9cbf-7889c6dbe66c", "user_id": null, "api_id": "static-serve", "correlation_id": "25bddfbf-8c7a-444c-9cbf-7889c6dbe66c"}
{"timestamp": "2026-06-12 10:52:38,654", "level": "INFO", "logger_name": "core.api", "message": "API Response Completed: 200", "request_id": "25bddfbf-8c7a-444c-9cbf-7889c6dbe66c", "user_id": null, "api_id": "static-serve", "duration_ms": 0.71, "correlation_id": "25bddfbf-8c7a-444c-9cbf-7889c6dbe66c"}
{"timestamp": "2026-06-12 10:52:38,658", "level": "INFO", "logger_name": "django.server", "message": "\"GET /media/profiles/scaled_1000030598.jpg?t=1781229158597 HTTP/1.1\" 200 1261605"}
{"timestamp": "2026-06-12 10:52:46,179", "level": "INFO", "logger_name": "django.server", "message": "\"OPTIONS /api/comments/16/ HTTP/1.1\" 200 0"}
{"timestamp": "2026-06-12 10:52:46,180", "level": "INFO", "logger_name": "core.api", "message": "API Request Started: DELETE /api/comments/16/", "request_id": "41c29aa8-f82b-4514-841e-265466575046", "user_id": null, "api_id": "comments-manage_comment", "correlation_id": "41c29aa8-f82b-4514-841e-265466575046"}
{"timestamp": "2026-06-12 10:52:46,212", "level": "INFO", "logger_name": "core.api", "message": "API Request Started: GET /media/profiles/scaled_1000030598.jpg", "request_id": "72be8882-5d42-485e-9003-781fc55a2205", "user_id": null, "api_id": "static-serve", "correlation_id": "72be8882-5d42-485e-9003-781fc55a2205"}
{"timestamp": "2026-06-12 10:52:46,212", "level": "INFO", "logger_name": "core.api", "message": "API Response Completed: 200", "request_id": "72be8882-5d42-485e-9003-781fc55a2205", "user_id": null, "api_id": "static-serve", "duration_ms": 0.66, "correlation_id": "72be8882-5d42-485e-9003-781fc55a2205"}
{"timestamp": "2026-06-12 10:52:46,216", "level": "INFO", "logger_name": "django.server", "message": "\"GET /media/profiles/scaled_1000030598.jpg?t=1781229166189 HTTP/1.1\" 200 1261605"}
{"timestamp": "2026-06-12 10:52:46,222", "level": "INFO", "logger_name": "core.api", "message": "API Response Completed: 200", "request_id": "41c29aa8-f82b-4514-841e-265466575046", "user_id": null, "api_id": "comments-manage_comment", "duration_ms": 42.51, "correlation_id": "41c29aa8-f82b-4514-841e-265466575046"}
{"timestamp": "2026-06-12 10:52:46,223", "level": "INFO", "logger_name": "django.server", "message": "\"DELETE /api/comments/16/ HTTP/1.1\" 200 68"}
{"timestamp": "2026-06-12 10:52:46,266", "level": "INFO", "logger_name": "core.api", "message": "API Request Started: GET /media/profiles/scaled_1000030598.jpg", "request_id": "4878cc69-bdcd-4d56-b111-b47eba011563", "user_id": null, "api_id": "static-serve", "correlation_id": "4878cc69-bdcd-4d56-b111-b47eba011563"}
{"timestamp": "2026-06-12 10:52:46,267", "level": "INFO", "logger_name": "core.api", "message": "API Response Completed: 200", "request_id": "4878cc69-bdcd-4d56-b111-b47eba011563", "user_id": null, "api_id": "static-serve", "duration_ms": 1.79, "correlation_id": "4878cc69-bdcd-4d56-b111-b47eba011563"}
{"timestamp": "2026-06-12 10:52:46,278", "level": "INFO", "logger_name": "django.server", "message": "\"GET /media/profiles/scaled_1000030598.jpg?t=1781229166237 HTTP/1.1\" 200 1261605"}
{"timestamp": "2026-06-12 10:52:54,757", "level": "INFO", "logger_name": "django.server", "message": "\"OPTIONS /api/lost-items/5/comments/ HTTP/1.1\" 200 0"}
{"timestamp": "2026-06-12 10:52:54,759", "level": "INFO", "logger_name": "core.api", "message": "API Request Started: GET /api/lost-items/5/comments/", "request_id": "262f3235-7519-4b4e-835e-a1d6bb387bf5", "user_id": null, "api_id": "comments-handle_comments", "correlation_id": "262f3235-7519-4b4e-835e-a1d6bb387bf5"}
{"timestamp": "2026-06-12 10:52:54,761", "level": "INFO", "logger_name": "core.api", "message": "API Response Completed: 200", "request_id": "262f3235-7519-4b4e-835e-a1d6bb387bf5", "user_id": null, "api_id": "comments-handle_comments", "duration_ms": 1.87, "correlation_id": "262f3235-7519-4b4e-835e-a1d6bb387bf5"}
{"timestamp": "2026-06-12 10:52:54,761", "level": "INFO", "logger_name": "django.server", "message": "\"GET /api/lost-items/5/comments/ HTTP/1.1\" 200 33"}
{"timestamp": "2026-06-12 10:52:58,511", "level": "INFO", "logger_name": "django.server", "message": "\"OPTIONS /api/scholarships/?page=1&limit=20&gpa=2&income_bracket=8&awarded_last_semester=false HTTP/1.1\" 200 0"}
{"timestamp": "2026-06-12 10:52:58,512", "level": "INFO", "logger_name": "core.api", "message": "API Request Started: GET /api/scholarships/", "request_id": "23b066e4-05ac-42af-8d14-9dbbcf0688c9", "user_id": null, "api_id": "scholarships-get_scholarships", "correlation_id": "23b066e4-05ac-42af-8d14-9dbbcf0688c9"}
{"timestamp": "2026-06-12 10:52:58,517", "level": "INFO", "logger_name": "core.api", "message": "API Response Completed: 200", "request_id": "23b066e4-05ac-42af-8d14-9dbbcf0688c9", "user_id": null, "api_id": "scholarships-get_scholarships", "duration_ms": 4.59, "correlation_id": "23b066e4-05ac-42af-8d14-9dbbcf0688c9"}
{"timestamp": "2026-06-12 10:52:58,518", "level": "INFO", "logger_name": "django.server", "message": "\"GET /api/scholarships/?page=1&limit=20&gpa=2&income_bracket=8&awarded_last_semester=false HTTP/1.1\" 200 6292"}
{"timestamp": "2026-06-12 10:53:08,841", "level": "INFO", "logger_name": "django.server", "message": "\"OPTIONS /api/topics/ HTTP/1.1\" 200 0"}
{"timestamp": "2026-06-12 10:53:08,846", "level": "INFO", "logger_name": "core.api", "message": "API Request Started: GET /api/topics/", "request_id": "e67836a2-7d9b-43dc-a809-98fb46c20de2", "user_id": null, "api_id": "topic_api-get_topic_list", "correlation_id": "e67836a2-7d9b-43dc-a809-98fb46c20de2"}
{"timestamp": "2026-06-12 10:53:08,871", "level": "INFO", "logger_name": "core.api", "message": "API Response Completed: 200", "request_id": "e67836a2-7d9b-43dc-a809-98fb46c20de2", "user_id": null, "api_id": "topic_api-get_topic_list", "duration_ms": 24.92, "correlation_id": "e67836a2-7d9b-43dc-a809-98fb46c20de2"}
{"timestamp": "2026-06-12 10:53:08,873", "level": "INFO", "logger_name": "django.server", "message": "\"GET /api/topics/ HTTP/1.1\" 200 3258"}
{"timestamp": "2026-06-12 10:53:10,876", "level": "INFO", "logger_name": "django.server", "message": "\"OPTIONS /api/topics/13/comments/list/?opinion=false&sort=latest HTTP/1.1\" 200 0"}
{"timestamp": "2026-06-12 10:53:10,877", "level": "INFO", "logger_name": "django.server", "message": "\"OPTIONS /api/topics/13/comments/list/?opinion=true&sort=latest HTTP/1.1\" 200 0"}
{"timestamp": "2026-06-12 10:53:10,879", "level": "INFO", "logger_name": "core.api", "message": "API Request Started: GET /api/topics/13/comments/list/", "request_id": "7b650724-6cdb-47c2-98b8-656993ac9f98", "user_id": null, "api_id": "topic_api-get_topic_comments", "correlation_id": "7b650724-6cdb-47c2-98b8-656993ac9f98"}
{"timestamp": "2026-06-12 10:53:10,881", "level": "INFO", "logger_name": "core.api", "message": "API Request Started: GET /api/topics/13/comments/list/", "request_id": "6a358bbf-1dd3-4a78-950e-e021839669b5", "user_id": null, "api_id": "topic_api-get_topic_comments", "correlation_id": "6a358bbf-1dd3-4a78-950e-e021839669b5"}
{"timestamp": "2026-06-12 10:53:10,889", "level": "INFO", "logger_name": "core.api", "message": "API Response Completed: 200", "request_id": "7b650724-6cdb-47c2-98b8-656993ac9f98", "user_id": null, "api_id": "topic_api-get_topic_comments", "duration_ms": 11.41, "correlation_id": "7b650724-6cdb-47c2-98b8-656993ac9f98"}
{"timestamp": "2026-06-12 10:53:10,891", "level": "INFO", "logger_name": "core.api", "message": "API Response Completed: 200", "request_id": "6a358bbf-1dd3-4a78-950e-e021839669b5", "user_id": null, "api_id": "topic_api-get_topic_comments", "duration_ms": 10.21, "correlation_id": "6a358bbf-1dd3-4a78-950e-e021839669b5"}
{"timestamp": "2026-06-12 10:53:10,892", "level": "INFO", "logger_name": "django.server", "message": "\"GET /api/topics/13/comments/list/?opinion=true&sort=latest HTTP/1.1\" 200 105"}
{"timestamp": "2026-06-12 10:53:10,893", "level": "INFO", "logger_name": "django.server", "message": "\"GET /api/topics/13/comments/list/?opinion=false&sort=latest HTTP/1.1\" 200 105"}
{"timestamp": "2026-06-12 10:53:12,420", "level": "INFO", "logger_name": "django.server", "message": "\"OPTIONS /api/topics/13/vote/ HTTP/1.1\" 200 0"}
{"timestamp": "2026-06-12 10:53:12,421", "level": "INFO", "logger_name": "core.api", "message": "API Request Started: POST /api/topics/13/vote/", "request_id": "365946a5-ffe5-45c3-945a-bd9cc4f8fdcd", "user_id": null, "api_id": "topic_api-handle_vote", "correlation_id": "365946a5-ffe5-45c3-945a-bd9cc4f8fdcd"}
{"timestamp": "2026-06-12 10:53:12,443", "level": "INFO", "logger_name": "core.api", "message": "API Response Completed: 200", "request_id": "365946a5-ffe5-45c3-945a-bd9cc4f8fdcd", "user_id": null, "api_id": "topic_api-handle_vote", "duration_ms": 22.06, "correlation_id": "365946a5-ffe5-45c3-945a-bd9cc4f8fdcd"}
{"timestamp": "2026-06-12 10:53:12,444", "level": "INFO", "logger_name": "django.server", "message": "\"POST /api/topics/13/vote/ HTTP/1.1\" 200 111"}
{"timestamp": "2026-06-12 10:53:12,470", "level": "INFO", "logger_name": "core.api", "message": "API Request Started: GET /api/topics/13/vote/stat/", "request_id": "0c8ba6b1-9c63-42a5-8504-7d9722f7b5b6", "user_id": null, "api_id": "topic_api-get_vote_stat", "correlation_id": "0c8ba6b1-9c63-42a5-8504-7d9722f7b5b6"}
{"timestamp": "2026-06-12 10:53:12,473", "level": "INFO", "logger_name": "core.api", "message": "API Response Completed: 200", "request_id": "0c8ba6b1-9c63-42a5-8504-7d9722f7b5b6", "user_id": null, "api_id": "topic_api-get_vote_stat", "duration_ms": 2.62, "correlation_id": "0c8ba6b1-9c63-42a5-8504-7d9722f7b5b6"}
{"timestamp": "2026-06-12 10:53:12,473", "level": "INFO", "logger_name": "django.server", "message": "\"GET /api/topics/13/vote/stat/ HTTP/1.1\" 200 93"}
{"timestamp": "2026-06-12 10:53:21,935", "level": "INFO", "logger_name": "core.api", "message": "API Request Started: GET /media/profiles/scaled_1000030598.jpg", "request_id": "b98343d0-3d66-4b5b-b20c-6562eba39a7a", "user_id": null, "api_id": "static-serve", "correlation_id": "b98343d0-3d66-4b5b-b20c-6562eba39a7a"}
{"timestamp": "2026-06-12 10:53:21,936", "level": "INFO", "logger_name": "core.api", "message": "API Response Completed: 200", "request_id": "b98343d0-3d66-4b5b-b20c-6562eba39a7a", "user_id": null, "api_id": "static-serve", "duration_ms": 1.08, "correlation_id": "b98343d0-3d66-4b5b-b20c-6562eba39a7a"}
{"timestamp": "2026-06-12 10:53:21,941", "level": "INFO", "logger_name": "django.server", "message": "\"GET /media/profiles/scaled_1000030598.jpg HTTP/1.1\" 200 1261605"}
{"timestamp": "2026-06-16 12:22:05,943", "level": "INFO", "logger_name": "django.utils.autoreload", "message": "Watching for file changes with StatReloader"}
{"timestamp": "2026-06-16 12:58:39,767", "level": "INFO", "logger_name": "django.utils.autoreload", "message": "Watching for file changes with StatReloader"}
{"timestamp": "2026-06-16 13:02:17,237", "level": "INFO", "logger_name": "django.utils.autoreload", "message": "Watching for file changes with StatReloader"}
{"timestamp": "2026-06-16 13:03:41,333", "level": "INFO", "logger_name": "django.server", "message": "\"OPTIONS /api/students/login HTTP/1.1\" 200 0"}
{"timestamp": "2026-06-16 13:03:41,339", "level": "INFO", "logger_name": "core.api", "message": "API Request Started: POST /api/students/login", "request_id": "f8aa266c-96ac-47c4-80d2-07d91d18f08b", "user_id": null, "api_id": "login-view", "correlation_id": "f8aa266c-96ac-47c4-80d2-07d91d18f08b"}
{"timestamp": "2026-06-16 13:03:41,339", "level": "INFO", "logger_name": "core.api.login", "message": "=== [API CALL] POST /students/login ==="}
{"timestamp": "2026-06-16 13:03:41,340", "level": "INFO", "logger_name": "core.api.login", "message": "Sending login request to e-Campus: https://cyber.gachon.ac.kr/login/index.php"}
{"timestamp": "2026-06-16 13:03:43,359", "level": "INFO", "logger_name": "core.api.login", "message": "e-Campus login successful for username: noahjoo112"}
{"timestamp": "2026-06-16 13:03:43,363", "level": "INFO", "logger_name": "core.api.login", "message": "Student noahjoo112 not found in DB. Prompting for first-time login/registration."}
{"timestamp": "2026-06-16 13:03:43,365", "level": "INFO", "logger_name": "core.api", "message": "API Response Completed: 200", "request_id": "f8aa266c-96ac-47c4-80d2-07d91d18f08b", "user_id": null, "api_id": "login-view", "duration_ms": 2026.97, "correlation_id": "f8aa266c-96ac-47c4-80d2-07d91d18f08b"}
{"timestamp": "2026-06-16 13:03:43,366", "level": "INFO", "logger_name": "django.server", "message": "\"POST /api/students/login HTTP/1.1\" 200 69"}
{"timestamp": "2026-06-16 13:04:06,941", "level": "INFO", "logger_name": "core.api", "message": "API Request Started: POST /api/students/info", "request_id": "9f7b7ffe-fe93-42b8-bd03-178551beed31", "user_id": null, "api_id": "auth-view", "correlation_id": "9f7b7ffe-fe93-42b8-bd03-178551beed31"}
{"timestamp": "2026-06-16 13:04:06,942", "level": "INFO", "logger_name": "core.api.auth", "message": "=== [API CALL] POST /students/info ==="}
{"timestamp": "2026-06-16 13:04:07,572", "level": "ERROR", "logger_name": "core.api.auth", "message": "Error creating student record for noahjoo112: UNIQUE constraint failed: core_student.student_id"}
{"timestamp": "2026-06-16 13:04:07,573", "level": "ERROR", "logger_name": "core.api", "message": "API Error Response: 500", "request_id": "9f7b7ffe-fe93-42b8-bd03-178551beed31", "user_id": null, "api_id": "auth-view", "duration_ms": 632.99, "correlation_id": "9f7b7ffe-fe93-42b8-bd03-178551beed31"}
{"timestamp": "2026-06-16 13:04:07,574", "level": "ERROR", "logger_name": "django.request", "message": "Internal Server Error: /api/students/info"}
{"timestamp": "2026-06-16 13:04:07,574", "level": "ERROR", "logger_name": "django.server", "message": "\"POST /api/students/info HTTP/1.1\" 500 119"}
{"timestamp": "2026-06-16 13:04:14,414", "level": "INFO", "logger_name": "core.api", "message": "API Request Started: POST /api/students/info", "request_id": "2b688d33-75d0-4284-bb15-97052a242b44", "user_id": null, "api_id": "auth-view", "correlation_id": "2b688d33-75d0-4284-bb15-97052a242b44"}
{"timestamp": "2026-06-16 13:04:14,415", "level": "INFO", "logger_name": "core.api.auth", "message": "=== [API CALL] POST /students/info ==="}
{"timestamp": "2026-06-16 13:04:14,946", "level": "ERROR", "logger_name": "core.api.auth", "message": "Error creating student record for noahjoo112: UNIQUE constraint failed: core_student.student_id"}
{"timestamp": "2026-06-16 13:04:14,946", "level": "ERROR", "logger_name": "core.api", "message": "API Error Response: 500", "request_id": "2b688d33-75d0-4284-bb15-97052a242b44", "user_id": null, "api_id": "auth-view", "duration_ms": 532.76, "correlation_id": "2b688d33-75d0-4284-bb15-97052a242b44"}
{"timestamp": "2026-06-16 13:04:14,947", "level": "ERROR", "logger_name": "django.request", "message": "Internal Server Error: /api/students/info"}
{"timestamp": "2026-06-16 13:04:14,948", "level": "ERROR", "logger_name": "django.server", "message": "\"POST /api/students/info HTTP/1.1\" 500 119"}
{"timestamp": "2026-06-16 13:04:46,255", "level": "INFO", "logger_name": "core.api", "message": "API Request Started: POST /api/students/info", "request_id": "3d99601d-ea62-4f28-a3ef-607c7f332364", "user_id": null, "api_id": "auth-view", "correlation_id": "3d99601d-ea62-4f28-a3ef-607c7f332364"}
{"timestamp": "2026-06-16 13:04:46,256", "level": "INFO", "logger_name": "core.api.auth", "message": "=== [API CALL] POST /students/info ==="}
{"timestamp": "2026-06-16 13:04:46,788", "level": "INFO", "logger_name": "core.api.auth", "message": "Successfully created new student record for noahjoo112 in DB."}
{"timestamp": "2026-06-16 13:04:46,810", "level": "INFO", "logger_name": "core.api.auth", "message": "Generated JWT tokens for newly registered student: noahjoo112"}
{"timestamp": "2026-06-16 13:04:46,812", "level": "INFO", "logger_name": "core.api", "message": "API Response Completed: 200", "request_id": "3d99601d-ea62-4f28-a3ef-607c7f332364", "user_id": null, "api_id": "auth-view", "duration_ms": 556.7, "correlation_id": "3d99601d-ea62-4f28-a3ef-607c7f332364"}
{"timestamp": "2026-06-16 13:04:46,812", "level": "INFO", "logger_name": "django.server", "message": "\"POST /api/students/info HTTP/1.1\" 200 793"}
{"timestamp": "2026-06-16 13:04:47,038", "level": "INFO", "logger_name": "django.server", "message": "\"OPTIONS /api/topics/active/ HTTP/1.1\" 200 0"}
{"timestamp": "2026-06-16 13:04:47,040", "level": "INFO", "logger_name": "core.api", "message": "API Request Started: GET /api/topics/active/", "request_id": "9054c026-fee8-4593-b2d5-ec13c5a2a84e", "user_id": null, "api_id": "topic_api-get_active_topic", "correlation_id": "9054c026-fee8-4593-b2d5-ec13c5a2a84e"}
{"timestamp": "2026-06-16 13:04:47,053", "level": "INFO", "logger_name": "core.api", "message": "API Response Completed: 200", "request_id": "9054c026-fee8-4593-b2d5-ec13c5a2a84e", "user_id": null, "api_id": "topic_api-get_active_topic", "duration_ms": 13.6, "correlation_id": "9054c026-fee8-4593-b2d5-ec13c5a2a84e"}
{"timestamp": "2026-06-16 13:04:47,054", "level": "INFO", "logger_name": "django.server", "message": "\"GET /api/topics/active/ HTTP/1.1\" 200 299"}
{"timestamp": "2026-06-16 13:04:47,114", "level": "INFO", "logger_name": "django.server", "message": "\"OPTIONS /api/topics/17/vote/stat/ HTTP/1.1\" 200 0"}
{"timestamp": "2026-06-16 13:04:47,115", "level": "INFO", "logger_name": "core.api", "message": "API Request Started: GET /api/topics/17/vote/stat/", "request_id": "c5b6ebd1-c621-49f7-abec-3293d31a7fb5", "user_id": null, "api_id": "topic_api-get_vote_stat", "correlation_id": "c5b6ebd1-c621-49f7-abec-3293d31a7fb5"}
{"timestamp": "2026-06-16 13:04:47,120", "level": "INFO", "logger_name": "core.api", "message": "API Response Completed: 200", "request_id": "c5b6ebd1-c621-49f7-abec-3293d31a7fb5", "user_id": null, "api_id": "topic_api-get_vote_stat", "duration_ms": 4.41, "correlation_id": "c5b6ebd1-c621-49f7-abec-3293d31a7fb5"}
{"timestamp": "2026-06-16 13:04:47,120", "level": "INFO", "logger_name": "django.server", "message": "\"GET /api/topics/17/vote/stat/ HTTP/1.1\" 200 93"}
{"timestamp": "2026-06-16 13:04:55,511", "level": "INFO", "logger_name": "core.api", "message": "API Request Started: GET /api/campus/graph/", "request_id": "911e415d-473b-498a-bdcc-3f5c2effc087", "user_id": null, "api_id": "campus-get_campus_graph", "correlation_id": "911e415d-473b-498a-bdcc-3f5c2effc087"}
{"timestamp": "2026-06-16 13:04:55,528", "level": "INFO", "logger_name": "core.api", "message": "API Response Completed: 200", "request_id": "911e415d-473b-498a-bdcc-3f5c2effc087", "user_id": null, "api_id": "campus-get_campus_graph", "duration_ms": 16.6, "correlation_id": "911e415d-473b-498a-bdcc-3f5c2effc087"}
{"timestamp": "2026-06-16 13:04:55,531", "level": "INFO", "logger_name": "django.server", "message": "\"GET /api/campus/graph/ HTTP/1.1\" 200 5792"}
{"timestamp": "2026-06-16 13:17:07,044", "level": "INFO", "logger_name": "django.utils.autoreload", "message": "C:\\Users\\AMD\\AndroidStudioProjects\\AlphaKit\\back-end\\core\\api\\campus.py changed, reloading."}
{"timestamp": "2026-06-16 13:17:08,053", "level": "INFO", "logger_name": "django.utils.autoreload", "message": "Watching for file changes with StatReloader"}
{"timestamp": "2026-06-16 13:17:22,319", "level": "INFO", "logger_name": "django.utils.autoreload", "message": "C:\\Users\\AMD\\AndroidStudioProjects\\AlphaKit\\back-end\\core\\urls.py changed, reloading."}
{"timestamp": "2026-06-16 13:17:23,054", "level": "INFO", "logger_name": "django.utils.autoreload", "message": "Watching for file changes with StatReloader"}
{"timestamp": "2026-06-16 13:52:00,953", "level": "INFO", "logger_name": "django.utils.autoreload", "message": "Watching for file changes with StatReloader"}
{"timestamp": "2026-06-16 13:53:24,502", "level": "INFO", "logger_name": "core.api", "message": "API Request Started: GET /api/students/info", "request_id": "4dc7a47a-5f00-4474-891f-3f699819fc9f", "user_id": null, "api_id": "auth-view", "correlation_id": "4dc7a47a-5f00-4474-891f-3f699819fc9f"}
{"timestamp": "2026-06-16 13:53:24,503", "level": "INFO", "logger_name": "core.api.auth", "message": "=== [API CALL] GET /students/info ==="}
{"timestamp": "2026-06-16 13:53:24,515", "level": "INFO", "logger_name": "core.api", "message": "API Response Completed: 200", "request_id": "4dc7a47a-5f00-4474-891f-3f699819fc9f", "user_id": null, "api_id": "auth-view", "duration_ms": 13.02, "correlation_id": "4dc7a47a-5f00-4474-891f-3f699819fc9f"}
{"timestamp": "2026-06-16 13:53:24,543", "level": "INFO", "logger_name": "django.server", "message": "\"GET /api/students/info HTTP/1.1\" 200 256"}
{"timestamp": "2026-06-16 13:53:24,846", "level": "INFO", "logger_name": "core.api", "message": "API Request Started: GET /api/topics/active/", "request_id": "a267a210-98fd-486a-a007-47aa042868f7", "user_id": null, "api_id": "topic_api-get_active_topic", "correlation_id": "a267a210-98fd-486a-a007-47aa042868f7"}
{"timestamp": "2026-06-16 13:53:24,849", "level": "INFO", "logger_name": "core.api", "message": "API Response Completed: 200", "request_id": "a267a210-98fd-486a-a007-47aa042868f7", "user_id": null, "api_id": "topic_api-get_active_topic", "duration_ms": 2.89, "correlation_id": "a267a210-98fd-486a-a007-47aa042868f7"}
{"timestamp": "2026-06-16 13:53:24,849", "level": "INFO", "logger_name": "django.server", "message": "\"GET /api/topics/active/ HTTP/1.1\" 200 299"}
{"timestamp": "2026-06-16 13:53:24,876", "level": "INFO", "logger_name": "core.api", "message": "API Request Started: GET /api/topics/17/vote/stat/", "request_id": "7b7266cc-c9f4-4781-9719-2eeb4c8c6f93", "user_id": null, "api_id": "topic_api-get_vote_stat", "correlation_id": "7b7266cc-c9f4-4781-9719-2eeb4c8c6f93"}
{"timestamp": "2026-06-16 13:53:24,879", "level": "INFO", "logger_name": "core.api", "message": "API Response Completed: 200", "request_id": "7b7266cc-c9f4-4781-9719-2eeb4c8c6f93", "user_id": null, "api_id": "topic_api-get_vote_stat", "duration_ms": 2.77, "correlation_id": "7b7266cc-c9f4-4781-9719-2eeb4c8c6f93"}
{"timestamp": "2026-06-16 13:53:24,879", "level": "INFO", "logger_name": "django.server", "message": "\"GET /api/topics/17/vote/stat/ HTTP/1.1\" 200 93"}
{"timestamp": "2026-06-16 13:53:26,538", "level": "INFO", "logger_name": "core.api", "message": "API Request Started: GET /api/campus/graph/", "request_id": "f06f8d95-0c96-449b-9aeb-9a41a37922ac", "user_id": null, "api_id": "campus-get_campus_graph", "correlation_id": "f06f8d95-0c96-449b-9aeb-9a41a37922ac"}
{"timestamp": "2026-06-16 13:53:26,542", "level": "INFO", "logger_name": "core.api", "message": "API Response Completed: 200", "request_id": "f06f8d95-0c96-449b-9aeb-9a41a37922ac", "user_id": null, "api_id": "campus-get_campus_graph", "duration_ms": 4.36, "correlation_id": "f06f8d95-0c96-449b-9aeb-9a41a37922ac"}
{"timestamp": "2026-06-16 13:53:26,543", "level": "INFO", "logger_name": "django.server", "message": "\"GET /api/campus/graph/ HTTP/1.1\" 200 5792"}
{"timestamp": "2026-06-16 13:53:36,017", "level": "INFO", "logger_name": "core.api", "message": "API Request Started: GET /api/campus/map/", "request_id": "4bcd80ca-681d-45a2-8b03-9cf9df0336be", "user_id": null, "api_id": "campus-get_naver_static_map", "correlation_id": "4bcd80ca-681d-45a2-8b03-9cf9df0336be"}
{"timestamp": "2026-06-16 13:53:36,465", "level": "INFO", "logger_name": "core.api", "message": "API Response Completed: 200", "request_id": "4bcd80ca-681d-45a2-8b03-9cf9df0336be", "user_id": null, "api_id": "campus-get_naver_static_map", "duration_ms": 447.73, "correlation_id": "4bcd80ca-681d-45a2-8b03-9cf9df0336be"}
{"timestamp": "2026-06-16 13:53:36,466", "level": "INFO", "logger_name": "django.server", "message": "\"GET /api/campus/map/?w=1024&h=1024&center=127.1306500,37.4513500&level=16&format=png HTTP/1.1\" 200 545409"}
{"timestamp": "2026-06-16 13:54:21,365", "level": "INFO", "logger_name": "core.api", "message": "API Request Started: GET /api/topics/17/comments/list/", "request_id": "af980a45-10b6-4639-8adb-0549b6820d6d", "user_id": null, "api_id": "topic_api-get_topic_comments", "correlation_id": "af980a45-10b6-4639-8adb-0549b6820d6d"}
{"timestamp": "2026-06-16 13:54:21,365", "level": "INFO", "logger_name": "core.api", "message": "API Request Started: GET /api/topics/17/comments/list/", "request_id": "4919ac27-7e47-4f49-915b-283721f4eb91", "user_id": null, "api_id": "topic_api-get_topic_comments", "correlation_id": "4919ac27-7e47-4f49-915b-283721f4eb91"}
{"timestamp": "2026-06-16 13:54:21,369", "level": "INFO", "logger_name": "core.api", "message": "API Response Completed: 200", "request_id": "af980a45-10b6-4639-8adb-0549b6820d6d", "user_id": null, "api_id": "topic_api-get_topic_comments", "duration_ms": 5.22, "correlation_id": "af980a45-10b6-4639-8adb-0549b6820d6d"}
{"timestamp": "2026-06-16 13:54:21,370", "level": "INFO", "logger_name": "django.server", "message": "\"GET /api/topics/17/comments/list/?opinion=false&sort=latest HTTP/1.1\" 200 105"}
{"timestamp": "2026-06-16 13:54:21,371", "level": "INFO", "logger_name": "core.api", "message": "API Response Completed: 200", "request_id": "4919ac27-7e47-4f49-915b-283721f4eb91", "user_id": null, "api_id": "topic_api-get_topic_comments", "duration_ms": 5.63, "correlation_id": "4919ac27-7e47-4f49-915b-283721f4eb91"}
{"timestamp": "2026-06-16 13:54:21,371", "level": "INFO", "logger_name": "django.server", "message": "\"GET /api/topics/17/comments/list/?opinion=true&sort=latest HTTP/1.1\" 200 105"}
{"timestamp": "2026-06-16 13:54:35,137", "level": "INFO", "logger_name": "core.api", "message": "API Request Started: GET /api/campus/map/", "request_id": "bfef417d-5e5d-4e13-80f0-fc747306c901", "user_id": null, "api_id": "campus-get_naver_static_map", "correlation_id": "bfef417d-5e5d-4e13-80f0-fc747306c901"}
{"timestamp": "2026-06-16 13:54:35,675", "level": "INFO", "logger_name": "core.api", "message": "API Response Completed: 200", "request_id": "bfef417d-5e5d-4e13-80f0-fc747306c901", "user_id": null, "api_id": "campus-get_naver_static_map", "duration_ms": 537.82, "correlation_id": "bfef417d-5e5d-4e13-80f0-fc747306c901"}
{"timestamp": "2026-06-16 13:54:35,700", "level": "INFO", "logger_name": "django.server", "message": "\"GET /api/campus/map/?w=1024&h=1024&center=127.1338000,37.4540500&level=16&format=png HTTP/1.1\" 200 378038"}
{"timestamp": "2026-06-16 14:41:24,218", "level": "INFO", "logger_name": "django.utils.autoreload", "message": "Watching for file changes with StatReloader"}
{"timestamp": "2026-06-16 14:42:33,675", "level": "INFO", "logger_name": "django.server", "message": "\"OPTIONS /api/students/login HTTP/1.1\" 200 0"}
{"timestamp": "2026-06-16 14:42:33,678", "level": "INFO", "logger_name": "core.api", "message": "API Request Started: POST /api/students/login", "request_id": "91a92b71-f3e8-47a7-b573-5a01dda3f874", "user_id": null, "api_id": "login-view", "correlation_id": "91a92b71-f3e8-47a7-b573-5a01dda3f874"}
{"timestamp": "2026-06-16 14:42:33,679", "level": "INFO", "logger_name": "core.api.login", "message": "=== [API CALL] POST /students/login ==="}
{"timestamp": "2026-06-16 14:42:33,679", "level": "INFO", "logger_name": "core.api.login", "message": "Sending login request to e-Campus: https://cyber.gachon.ac.kr/login/index.php"}
{"timestamp": "2026-06-16 14:42:35,377", "level": "INFO", "logger_name": "core.api.login", "message": "e-Campus login successful for username: byou0070"}
{"timestamp": "2026-06-16 14:42:35,384", "level": "INFO", "logger_name": "core.api.login", "message": "Generated JWT tokens for returning student."}
{"timestamp": "2026-06-16 14:42:35,386", "level": "INFO", "logger_name": "core.api", "message": "API Response Completed: 200", "request_id": "91a92b71-f3e8-47a7-b573-5a01dda3f874", "user_id": null, "api_id": "login-view", "duration_ms": 1707.7, "correlation_id": "91a92b71-f3e8-47a7-b573-5a01dda3f874"}
{"timestamp": "2026-06-16 14:42:35,386", "level": "INFO", "logger_name": "django.server", "message": "\"POST /api/students/login HTTP/1.1\" 200 854"}
{"timestamp": "2026-06-16 14:42:35,528", "level": "INFO", "logger_name": "django.server", "message": "\"OPTIONS /api/topics/active/ HTTP/1.1\" 200 0"}
{"timestamp": "2026-06-16 14:42:35,530", "level": "INFO", "logger_name": "core.api", "message": "API Request Started: GET /api/topics/active/", "request_id": "67bbd9b1-9fd5-4c1f-835f-9978d13b388f", "user_id": null, "api_id": "topic_api-get_active_topic", "correlation_id": "67bbd9b1-9fd5-4c1f-835f-9978d13b388f"}
{"timestamp": "2026-06-16 14:42:35,536", "level": "INFO", "logger_name": "core.api", "message": "API Response Completed: 200", "request_id": "67bbd9b1-9fd5-4c1f-835f-9978d13b388f", "user_id": null, "api_id": "topic_api-get_active_topic", "duration_ms": 6.87, "correlation_id": "67bbd9b1-9fd5-4c1f-835f-9978d13b388f"}
{"timestamp": "2026-06-16 14:42:35,538", "level": "INFO", "logger_name": "django.server", "message": "\"GET /api/topics/active/ HTTP/1.1\" 200 299"}
{"timestamp": "2026-06-16 14:42:35,598", "level": "INFO", "logger_name": "django.server", "message": "\"OPTIONS /api/topics/17/vote/stat/ HTTP/1.1\" 200 0"}
{"timestamp": "2026-06-16 14:42:35,599", "level": "INFO", "logger_name": "core.api", "message": "API Request Started: GET /api/topics/17/vote/stat/", "request_id": "a9b8900e-3d0c-4e28-ba42-c60330749f0e", "user_id": null, "api_id": "topic_api-get_vote_stat", "correlation_id": "a9b8900e-3d0c-4e28-ba42-c60330749f0e"}
{"timestamp": "2026-06-16 14:42:35,603", "level": "INFO", "logger_name": "core.api", "message": "API Response Completed: 200", "request_id": "a9b8900e-3d0c-4e28-ba42-c60330749f0e", "user_id": null, "api_id": "topic_api-get_vote_stat", "duration_ms": 4.41, "correlation_id": "a9b8900e-3d0c-4e28-ba42-c60330749f0e"}
{"timestamp": "2026-06-16 14:42:35,604", "level": "INFO", "logger_name": "django.server", "message": "\"GET /api/topics/17/vote/stat/ HTTP/1.1\" 200 93"}
{"timestamp": "2026-06-16 14:42:38,991", "level": "INFO", "logger_name": "core.api", "message": "API Request Started: GET /api/campus/graph/", "request_id": "de493660-6529-4720-add3-882584a3a26a", "user_id": null, "api_id": "campus-get_campus_graph", "correlation_id": "de493660-6529-4720-add3-882584a3a26a"}
{"timestamp": "2026-06-16 14:42:38,999", "level": "INFO", "logger_name": "core.api", "message": "API Response Completed: 200", "request_id": "de493660-6529-4720-add3-882584a3a26a", "user_id": null, "api_id": "campus-get_campus_graph", "duration_ms": 7.95, "correlation_id": "de493660-6529-4720-add3-882584a3a26a"}
{"timestamp": "2026-06-16 14:42:39,006", "level": "INFO", "logger_name": "django.server", "message": "\"GET /api/campus/graph/ HTTP/1.1\" 200 5792"}
{"timestamp": "2026-06-16 14:43:02,882", "level": "INFO", "logger_name": "core.api", "message": "API Request Started: GET /api/campus/map/", "request_id": "6e92636a-6cb4-47d2-b757-c6fe28e28d57", "user_id": null, "api_id": "campus-get_naver_static_map", "correlation_id": "6e92636a-6cb4-47d2-b757-c6fe28e28d57"}
{"timestamp": "2026-06-16 14:43:03,453", "level": "INFO", "logger_name": "core.api", "message": "API Response Completed: 200", "request_id": "6e92636a-6cb4-47d2-b757-c6fe28e28d57", "user_id": null, "api_id": "campus-get_naver_static_map", "duration_ms": 570.86, "correlation_id": "6e92636a-6cb4-47d2-b757-c6fe28e28d57"}
{"timestamp": "2026-06-16 14:43:03,487", "level": "INFO", "logger_name": "django.server", "message": "\"GET /api/campus/map/?w=1024&h=1024&center=127.1335500,37.4538000&level=16&format=png HTTP/1.1\" 200 394967"}
{"timestamp": "2026-06-16 14:43:11,455", "level": "INFO", "logger_name": "core.api", "message": "API Request Started: GET /media/profiles/scaled_1000030598.jpg", "request_id": "1454ee5c-59ab-4d4d-9585-88f67acaa301", "user_id": null, "api_id": "static-serve", "correlation_id": "1454ee5c-59ab-4d4d-9585-88f67acaa301"}
{"timestamp": "2026-06-16 14:43:11,647", "level": "INFO", "logger_name": "core.api", "message": "API Response Completed: 200", "request_id": "1454ee5c-59ab-4d4d-9585-88f67acaa301", "user_id": null, "api_id": "static-serve", "duration_ms": 191.84, "correlation_id": "1454ee5c-59ab-4d4d-9585-88f67acaa301"}
{"timestamp": "2026-06-16 14:43:11,652", "level": "INFO", "logger_name": "django.server", "message": "\"GET /media/profiles/scaled_1000030598.jpg HTTP/1.1\" 200 1261605"}
{"timestamp": "2026-06-16 14:44:03,161", "level": "INFO", "logger_name": "django.server", "message": "\"OPTIONS /api/students/info HTTP/1.1\" 200 0"}
{"timestamp": "2026-06-16 14:44:03,162", "level": "INFO", "logger_name": "core.api", "message": "API Request Started: GET /api/students/info", "request_id": "bf114455-5e95-454b-96a9-b7fe920558db", "user_id": null, "api_id": "auth-view", "correlation_id": "bf114455-5e95-454b-96a9-b7fe920558db"}
{"timestamp": "2026-06-16 14:44:03,163", "level": "INFO", "logger_name": "core.api.auth", "message": "=== [API CALL] GET /students/info ==="}
{"timestamp": "2026-06-16 14:44:03,166", "level": "INFO", "logger_name": "core.api", "message": "API Response Completed: 200", "request_id": "bf114455-5e95-454b-96a9-b7fe920558db", "user_id": null, "api_id": "auth-view", "duration_ms": 3.4, "correlation_id": "bf114455-5e95-454b-96a9-b7fe920558db"}
{"timestamp": "2026-06-16 14:44:03,166", "level": "INFO", "logger_name": "django.server", "message": "\"GET /api/students/info HTTP/1.1\" 200 256"}
{"timestamp": "2026-06-16 14:44:03,512", "level": "INFO", "logger_name": "core.api", "message": "API Request Started: GET /api/topics/active/", "request_id": "092a5159-cdea-48b1-ab85-7a63d2637b41", "user_id": null, "api_id": "topic_api-get_active_topic", "correlation_id": "092a5159-cdea-48b1-ab85-7a63d2637b41"}
{"timestamp": "2026-06-16 14:44:03,516", "level": "INFO", "logger_name": "core.api", "message": "API Response Completed: 200", "request_id": "092a5159-cdea-48b1-ab85-7a63d2637b41", "user_id": null, "api_id": "topic_api-get_active_topic", "duration_ms": 4.13, "correlation_id": "092a5159-cdea-48b1-ab85-7a63d2637b41"}
{"timestamp": "2026-06-16 14:44:03,517", "level": "INFO", "logger_name": "django.server", "message": "\"GET /api/topics/active/ HTTP/1.1\" 200 299"}
{"timestamp": "2026-06-16 14:44:03,549", "level": "INFO", "logger_name": "core.api", "message": "API Request Started: GET /api/topics/17/vote/stat/", "request_id": "0b37b2c2-7e5d-4f10-a374-ef694e5cd815", "user_id": null, "api_id": "topic_api-get_vote_stat", "correlation_id": "0b37b2c2-7e5d-4f10-a374-ef694e5cd815"}
{"timestamp": "2026-06-16 14:44:03,553", "level": "INFO", "logger_name": "core.api", "message": "API Response Completed: 200", "request_id": "0b37b2c2-7e5d-4f10-a374-ef694e5cd815", "user_id": null, "api_id": "topic_api-get_vote_stat", "duration_ms": 3.24, "correlation_id": "0b37b2c2-7e5d-4f10-a374-ef694e5cd815"}
{"timestamp": "2026-06-16 14:44:03,553", "level": "INFO", "logger_name": "django.server", "message": "\"GET /api/topics/17/vote/stat/ HTTP/1.1\" 200 93"}
{"timestamp": "2026-06-16 14:44:15,748", "level": "INFO", "logger_name": "django.server", "message": "\"OPTIONS /api/lost-items/search/ HTTP/1.1\" 200 0"}
{"timestamp": "2026-06-16 14:44:15,751", "level": "INFO", "logger_name": "core.api", "message": "API Request Started: POST /api/lost-items/search/", "request_id": "58c3315b-8471-47bc-8fae-1b5345c6ee06", "user_id": null, "api_id": "losts-search_lost_items", "correlation_id": "58c3315b-8471-47bc-8fae-1b5345c6ee06"}
{"timestamp": "2026-06-16 14:44:15,753", "level": "INFO", "logger_name": "django.server", "message": "\"OPTIONS /api/students/me/lost-items?page=1&limit=10 HTTP/1.1\" 200 0"}
{"timestamp": "2026-06-16 14:44:15,754", "level": "INFO", "logger_name": "core.api", "message": "API Request Started: GET /api/students/me/lost-items", "request_id": "1f03c2a9-2510-4fc8-9a37-b31b2076987a", "user_id": null, "api_id": "losts-get_my_lost_items", "correlation_id": "1f03c2a9-2510-4fc8-9a37-b31b2076987a"}
{"timestamp": "2026-06-16 14:44:15,763", "level": "INFO", "logger_name": "core.api", "message": "API Response Completed: 200", "request_id": "1f03c2a9-2510-4fc8-9a37-b31b2076987a", "user_id": null, "api_id": "losts-get_my_lost_items", "duration_ms": 8.96, "correlation_id": "1f03c2a9-2510-4fc8-9a37-b31b2076987a"}
{"timestamp": "2026-06-16 14:44:15,765", "level": "INFO", "logger_name": "django.server", "message": "\"GET /api/students/me/lost-items?page=1&limit=10 HTTP/1.1\" 200 688"}
{"timestamp": "2026-06-16 14:44:15,767", "level": "INFO", "logger_name": "core.api", "message": "API Response Completed: 200", "request_id": "58c3315b-8471-47bc-8fae-1b5345c6ee06", "user_id": null, "api_id": "losts-search_lost_items", "duration_ms": 16.47, "correlation_id": "58c3315b-8471-47bc-8fae-1b5345c6ee06"}
{"timestamp": "2026-06-16 14:44:15,768", "level": "INFO", "logger_name": "django.server", "message": "\"POST /api/lost-items/search/ HTTP/1.1\" 200 6260"}
{"timestamp": "2026-06-16 14:44:15,847", "level": "INFO", "logger_name": "core.api", "message": "API Request Started: GET /media/lost_items/scaled_7630d8c3-94a3-45b2-926a-a5cdb34b65b25582427360751066199.jpg", "request_id": "fa79f282-ac01-45aa-9bb1-e745b5d1d779", "user_id": null, "api_id": "static-serve", "correlation_id": "fa79f282-ac01-45aa-9bb1-e745b5d1d779"}
{"timestamp": "2026-06-16 14:44:15,848", "level": "INFO", "logger_name": "core.api", "message": "API Response Completed: 200", "request_id": "fa79f282-ac01-45aa-9bb1-e745b5d1d779", "user_id": null, "api_id": "static-serve", "duration_ms": 1.02, "correlation_id": "fa79f282-ac01-45aa-9bb1-e745b5d1d779"}
{"timestamp": "2026-06-16 14:44:15,852", "level": "INFO", "logger_name": "django.server", "message": "\"GET /media/lost_items/scaled_7630d8c3-94a3-45b2-926a-a5cdb34b65b25582427360751066199.jpg HTTP/1.1\" 200 984478"}
{"timestamp": "2026-06-16 14:44:42,474", "level": "INFO", "logger_name": "django.server", "message": "\"OPTIONS /api/lost-items/5/comments/ HTTP/1.1\" 200 0"}
{"timestamp": "2026-06-16 14:44:42,480", "level": "INFO", "logger_name": "core.api", "message": "API Request Started: GET /api/lost-items/5/comments/", "request_id": "157ce117-edfe-4193-858a-97b2fed15061", "user_id": null, "api_id": "comments-handle_comments", "correlation_id": "157ce117-edfe-4193-858a-97b2fed15061"}
{"timestamp": "2026-06-16 14:44:42,485", "level": "INFO", "logger_name": "core.api", "message": "API Response Completed: 200", "request_id": "157ce117-edfe-4193-858a-97b2fed15061", "user_id": null, "api_id": "comments-handle_comments", "duration_ms": 5.46, "correlation_id": "157ce117-edfe-4193-858a-97b2fed15061"}
{"timestamp": "2026-06-16 14:44:42,486", "level": "INFO", "logger_name": "django.server", "message": "\"GET /api/lost-items/5/comments/ HTTP/1.1\" 200 33"}
{"timestamp": "2026-06-16 14:45:27,164", "level": "INFO", "logger_name": "core.api", "message": "API Request Started: POST /api/lost-items/search/", "request_id": "58f465a5-7286-443f-ac8c-2bea07ce7938", "user_id": null, "api_id": "losts-search_lost_items", "correlation_id": "58f465a5-7286-443f-ac8c-2bea07ce7938"}
{"timestamp": "2026-06-16 14:45:27,168", "level": "INFO", "logger_name": "core.api", "message": "API Response Completed: 200", "request_id": "58f465a5-7286-443f-ac8c-2bea07ce7938", "user_id": null, "api_id": "losts-search_lost_items", "duration_ms": 4.8, "correlation_id": "58f465a5-7286-443f-ac8c-2bea07ce7938"}
{"timestamp": "2026-06-16 14:45:27,169", "level": "INFO", "logger_name": "django.server", "message": "\"POST /api/lost-items/search/ HTTP/1.1\" 200 285"}
{"timestamp": "2026-06-16 14:45:27,799", "level": "INFO", "logger_name": "core.api", "message": "API Request Started: POST /api/lost-items/search/", "request_id": "3c909b64-0b1e-4af0-8098-077af4d72642", "user_id": null, "api_id": "losts-search_lost_items", "correlation_id": "3c909b64-0b1e-4af0-8098-077af4d72642"}
{"timestamp": "2026-06-16 14:45:27,802", "level": "INFO", "logger_name": "core.api", "message": "API Response Completed: 200", "request_id": "3c909b64-0b1e-4af0-8098-077af4d72642", "user_id": null, "api_id": "losts-search_lost_items", "duration_ms": 2.75, "correlation_id": "3c909b64-0b1e-4af0-8098-077af4d72642"}
{"timestamp": "2026-06-16 14:45:27,802", "level": "INFO", "logger_name": "django.server", "message": "\"POST /api/lost-items/search/ HTTP/1.1\" 200 285"}
{"timestamp": "2026-06-16 14:45:28,149", "level": "INFO", "logger_name": "core.api", "message": "API Request Started: POST /api/lost-items/search/", "request_id": "fb88620a-60ab-41a1-9570-640e271a88e5", "user_id": null, "api_id": "losts-search_lost_items", "correlation_id": "fb88620a-60ab-41a1-9570-640e271a88e5"}
{"timestamp": "2026-06-16 14:45:28,152", "level": "INFO", "logger_name": "core.api", "message": "API Response Completed: 200", "request_id": "fb88620a-60ab-41a1-9570-640e271a88e5", "user_id": null, "api_id": "losts-search_lost_items", "duration_ms": 3.14, "correlation_id": "fb88620a-60ab-41a1-9570-640e271a88e5"}
{"timestamp": "2026-06-16 14:45:28,152", "level": "INFO", "logger_name": "django.server", "message": "\"POST /api/lost-items/search/ HTTP/1.1\" 200 285"}
{"timestamp": "2026-06-16 14:45:28,426", "level": "INFO", "logger_name": "core.api", "message": "API Request Started: POST /api/lost-items/search/", "request_id": "946387ca-4d6f-454f-8e11-6671d9672b71", "user_id": null, "api_id": "losts-search_lost_items", "correlation_id": "946387ca-4d6f-454f-8e11-6671d9672b71"}
{"timestamp": "2026-06-16 14:45:28,432", "level": "INFO", "logger_name": "core.api", "message": "API Response Completed: 200", "request_id": "946387ca-4d6f-454f-8e11-6671d9672b71", "user_id": null, "api_id": "losts-search_lost_items", "duration_ms": 5.31, "correlation_id": "946387ca-4d6f-454f-8e11-6671d9672b71"}
{"timestamp": "2026-06-16 14:45:28,433", "level": "INFO", "logger_name": "django.server", "message": "\"POST /api/lost-items/search/ HTTP/1.1\" 200 285"}
{"timestamp": "2026-06-16 14:45:29,315", "level": "INFO", "logger_name": "core.api", "message": "API Request Started: POST /api/lost-items/search/", "request_id": "80451e75-b867-4cac-8ad1-bfe8d3e72593", "user_id": null, "api_id": "losts-search_lost_items", "correlation_id": "80451e75-b867-4cac-8ad1-bfe8d3e72593"}
{"timestamp": "2026-06-16 14:45:29,321", "level": "INFO", "logger_name": "core.api", "message": "API Response Completed: 200", "request_id": "80451e75-b867-4cac-8ad1-bfe8d3e72593", "user_id": null, "api_id": "losts-search_lost_items", "duration_ms": 5.89, "correlation_id": "80451e75-b867-4cac-8ad1-bfe8d3e72593"}
{"timestamp": "2026-06-16 14:45:29,322", "level": "INFO", "logger_name": "django.server", "message": "\"POST /api/lost-items/search/ HTTP/1.1\" 200 6260"}
{"timestamp": "2026-06-16 14:45:29,804", "level": "INFO", "logger_name": "core.api", "message": "API Request Started: POST /api/lost-items/search/", "request_id": "c37fed5f-fb12-42a8-8f64-92126a0b7758", "user_id": null, "api_id": "losts-search_lost_items", "correlation_id": "c37fed5f-fb12-42a8-8f64-92126a0b7758"}
{"timestamp": "2026-06-16 14:45:29,817", "level": "INFO", "logger_name": "core.api", "message": "API Response Completed: 200", "request_id": "c37fed5f-fb12-42a8-8f64-92126a0b7758", "user_id": null, "api_id": "losts-search_lost_items", "duration_ms": 12.72, "correlation_id": "c37fed5f-fb12-42a8-8f64-92126a0b7758"}
{"timestamp": "2026-06-16 14:45:29,819", "level": "INFO", "logger_name": "django.server", "message": "\"POST /api/lost-items/search/ HTTP/1.1\" 200 6260"}
{"timestamp": "2026-06-16 14:45:39,128", "level": "INFO", "logger_name": "django.server", "message": "\"OPTIONS /api/lost-items/4/comments/ HTTP/1.1\" 200 0"}
{"timestamp": "2026-06-16 14:45:39,130", "level": "INFO", "logger_name": "core.api", "message": "API Request Started: GET /api/lost-items/4/comments/", "request_id": "16cbf124-33b5-4f8f-9eff-f70c616376e9", "user_id": null, "api_id": "comments-handle_comments", "correlation_id": "16cbf124-33b5-4f8f-9eff-f70c616376e9"}
{"timestamp": "2026-06-16 14:45:39,135", "level": "INFO", "logger_name": "core.api", "message": "API Response Completed: 200", "request_id": "16cbf124-33b5-4f8f-9eff-f70c616376e9", "user_id": null, "api_id": "comments-handle_comments", "duration_ms": 5.57, "correlation_id": "16cbf124-33b5-4f8f-9eff-f70c616376e9"}
{"timestamp": "2026-06-16 14:45:39,136", "level": "INFO", "logger_name": "django.server", "message": "\"GET /api/lost-items/4/comments/ HTTP/1.1\" 200 33"}
{"timestamp": "2026-06-16 14:45:45,459", "level": "INFO", "logger_name": "django.server", "message": "\"OPTIONS /api/lost-items/7/comments/ HTTP/1.1\" 200 0"}
{"timestamp": "2026-06-16 14:45:45,461", "level": "INFO", "logger_name": "core.api", "message": "API Request Started: GET /api/lost-items/7/comments/", "request_id": "4099b5f1-4890-4b1f-91e7-6e0dc024d84b", "user_id": null, "api_id": "comments-handle_comments", "correlation_id": "4099b5f1-4890-4b1f-91e7-6e0dc024d84b"}
{"timestamp": "2026-06-16 14:45:45,463", "level": "INFO", "logger_name": "core.api", "message": "API Response Completed: 200", "request_id": "4099b5f1-4890-4b1f-91e7-6e0dc024d84b", "user_id": null, "api_id": "comments-handle_comments", "duration_ms": 1.95, "correlation_id": "4099b5f1-4890-4b1f-91e7-6e0dc024d84b"}
{"timestamp": "2026-06-16 14:45:45,463", "level": "INFO", "logger_name": "django.server", "message": "\"GET /api/lost-items/7/comments/ HTTP/1.1\" 200 33"}
{"timestamp": "2026-06-16 14:45:49,005", "level": "INFO", "logger_name": "django.server", "message": "\"OPTIONS /api/lost-items/3/comments/ HTTP/1.1\" 200 0"}
{"timestamp": "2026-06-16 14:45:49,006", "level": "INFO", "logger_name": "core.api", "message": "API Request Started: GET /api/lost-items/3/comments/", "request_id": "e2db450b-2b19-4831-9312-c56601900ec9", "user_id": null, "api_id": "comments-handle_comments", "correlation_id": "e2db450b-2b19-4831-9312-c56601900ec9"}
{"timestamp": "2026-06-16 14:45:49,008", "level": "INFO", "logger_name": "core.api", "message": "API Response Completed: 200", "request_id": "e2db450b-2b19-4831-9312-c56601900ec9", "user_id": null, "api_id": "comments-handle_comments", "duration_ms": 1.97, "correlation_id": "e2db450b-2b19-4831-9312-c56601900ec9"}
{"timestamp": "2026-06-16 14:45:49,009", "level": "INFO", "logger_name": "django.server", "message": "\"GET /api/lost-items/3/comments/ HTTP/1.1\" 200 33"}
{"timestamp": "2026-06-16 14:46:01,731", "level": "INFO", "logger_name": "django.server", "message": "\"OPTIONS /api/lost-items/8/comments/ HTTP/1.1\" 200 0"}
{"timestamp": "2026-06-16 14:46:01,733", "level": "INFO", "logger_name": "core.api", "message": "API Request Started: GET /api/lost-items/8/comments/", "request_id": "4ec50fbf-fb54-4a86-9a49-a84440f1c495", "user_id": null, "api_id": "comments-handle_comments", "correlation_id": "4ec50fbf-fb54-4a86-9a49-a84440f1c495"}
{"timestamp": "2026-06-16 14:46:01,737", "level": "INFO", "logger_name": "core.api", "message": "API Response Completed: 200", "request_id": "4ec50fbf-fb54-4a86-9a49-a84440f1c495", "user_id": null, "api_id": "comments-handle_comments", "duration_ms": 4.05, "correlation_id": "4ec50fbf-fb54-4a86-9a49-a84440f1c495"}
{"timestamp": "2026-06-16 14:46:01,738", "level": "INFO", "logger_name": "django.server", "message": "\"GET /api/lost-items/8/comments/ HTTP/1.1\" 200 219"}
{"timestamp": "2026-06-16 14:53:58,945", "level": "INFO", "logger_name": "core.api", "message": "API Request Started: POST /api/lost-items/search/", "request_id": "5a992169-72c0-4001-8d48-7dfd3eabd024", "user_id": null, "api_id": "losts-search_lost_items", "correlation_id": "5a992169-72c0-4001-8d48-7dfd3eabd024"}
{"timestamp": "2026-06-16 14:53:58,961", "level": "INFO", "logger_name": "core.api", "message": "API Response Completed: 200", "request_id": "5a992169-72c0-4001-8d48-7dfd3eabd024", "user_id": null, "api_id": "losts-search_lost_items", "duration_ms": 15.67, "correlation_id": "5a992169-72c0-4001-8d48-7dfd3eabd024"}
{"timestamp": "2026-06-16 14:53:58,963", "level": "INFO", "logger_name": "django.server", "message": "\"POST /api/lost-items/search/ HTTP/1.1\" 200 6263"}
{"timestamp": "2026-06-16 14:54:32,562", "level": "INFO", "logger_name": "django.server", "message": "\"OPTIONS /api/lost-items/6/comments/ HTTP/1.1\" 200 0"}
{"timestamp": "2026-06-16 14:54:32,565", "level": "INFO", "logger_name": "core.api", "message": "API Request Started: GET /api/lost-items/6/comments/", "request_id": "ea92044e-b362-49ee-b996-3ff804639618", "user_id": null, "api_id": "comments-handle_comments", "correlation_id": "ea92044e-b362-49ee-b996-3ff804639618"}
{"timestamp": "2026-06-16 14:54:32,567", "level": "INFO", "logger_name": "core.api", "message": "API Response Completed: 200", "request_id": "ea92044e-b362-49ee-b996-3ff804639618", "user_id": null, "api_id": "comments-handle_comments", "duration_ms": 2.53, "correlation_id": "ea92044e-b362-49ee-b996-3ff804639618"}
{"timestamp": "2026-06-16 14:54:32,568", "level": "INFO", "logger_name": "django.server", "message": "\"GET /api/lost-items/6/comments/ HTTP/1.1\" 200 223"}
{"timestamp": "2026-06-16 14:54:43,392", "level": "INFO", "logger_name": "django.server", "message": "\"OPTIONS /api/lost-items/2/comments/ HTTP/1.1\" 200 0"}
{"timestamp": "2026-06-16 14:54:43,395", "level": "INFO", "logger_name": "core.api", "message": "API Request Started: GET /api/lost-items/2/comments/", "request_id": "0e018a21-39ba-48f5-b17d-2879c7d0112e", "user_id": null, "api_id": "comments-handle_comments", "correlation_id": "0e018a21-39ba-48f5-b17d-2879c7d0112e"}
{"timestamp": "2026-06-16 14:54:43,397", "level": "INFO", "logger_name": "core.api", "message": "API Response Completed: 200", "request_id": "0e018a21-39ba-48f5-b17d-2879c7d0112e", "user_id": null, "api_id": "comments-handle_comments", "duration_ms": 2.05, "correlation_id": "0e018a21-39ba-48f5-b17d-2879c7d0112e"}
{"timestamp": "2026-06-16 14:54:43,397", "level": "INFO", "logger_name": "django.server", "message": "\"GET /api/lost-items/2/comments/ HTTP/1.1\" 200 594"}
{"timestamp": "2026-06-16 14:54:52,313", "level": "INFO", "logger_name": "django.server", "message": "\"OPTIONS /api/scholarships/?page=1&limit=20&gpa=2&income_bracket=8&awarded_last_semester=false HTTP/1.1\" 200 0"}
{"timestamp": "2026-06-16 14:54:52,314", "level": "INFO", "logger_name": "core.api", "message": "API Request Started: GET /api/scholarships/", "request_id": "b9d4edff-93b7-4756-9f68-ce713ae01516", "user_id": null, "api_id": "scholarships-get_scholarships", "correlation_id": "b9d4edff-93b7-4756-9f68-ce713ae01516"}
{"timestamp": "2026-06-16 14:54:52,321", "level": "INFO", "logger_name": "core.api", "message": "API Response Completed: 200", "request_id": "b9d4edff-93b7-4756-9f68-ce713ae01516", "user_id": null, "api_id": "scholarships-get_scholarships", "duration_ms": 6.65, "correlation_id": "b9d4edff-93b7-4756-9f68-ce713ae01516"}
{"timestamp": "2026-06-16 14:54:52,322", "level": "INFO", "logger_name": "django.server", "message": "\"GET /api/scholarships/?page=1&limit=20&gpa=2&income_bracket=8&awarded_last_semester=false HTTP/1.1\" 200 4780"}
{"timestamp": "2026-06-16 14:54:54,898", "level": "INFO", "logger_name": "django.server", "message": "\"OPTIONS /api/rooms/reservations/ HTTP/1.1\" 200 0"}
{"timestamp": "2026-06-16 14:54:54,900", "level": "INFO", "logger_name": "core.api", "message": "API Request Started: GET /api/rooms/reservations/", "request_id": "87e64ce2-1d82-4508-be79-45dd1c7e0a84", "user_id": null, "api_id": "rooms-get_my_reservations", "correlation_id": "87e64ce2-1d82-4508-be79-45dd1c7e0a84"}
{"timestamp": "2026-06-16 14:54:54,906", "level": "INFO", "logger_name": "core.api", "message": "API Response Completed: 200", "request_id": "87e64ce2-1d82-4508-be79-45dd1c7e0a84", "user_id": null, "api_id": "rooms-get_my_reservations", "duration_ms": 6.27, "correlation_id": "87e64ce2-1d82-4508-be79-45dd1c7e0a84"}
{"timestamp": "2026-06-16 14:54:54,907", "level": "INFO", "logger_name": "django.server", "message": "\"GET /api/rooms/reservations/ HTTP/1.1\" 200 212"}
{"timestamp": "2026-06-16 14:54:54,969", "level": "INFO", "logger_name": "django.server", "message": "\"OPTIONS /api/rooms/reservations/172/ HTTP/1.1\" 200 0"}
{"timestamp": "2026-06-16 14:54:54,971", "level": "INFO", "logger_name": "core.api", "message": "API Request Started: DELETE /api/rooms/reservations/172/", "request_id": "754ce54b-ac6e-4032-91cf-f82d5beab4f5", "user_id": null, "api_id": "rooms-cancel_reservation", "correlation_id": "754ce54b-ac6e-4032-91cf-f82d5beab4f5"}
{"timestamp": "2026-06-16 14:54:54,986", "level": "INFO", "logger_name": "core.api", "message": "API Response Completed: 200", "request_id": "754ce54b-ac6e-4032-91cf-f82d5beab4f5", "user_id": null, "api_id": "rooms-cancel_reservation", "duration_ms": 15.8, "correlation_id": "754ce54b-ac6e-4032-91cf-f82d5beab4f5"}
{"timestamp": "2026-06-16 14:54:54,987", "level": "INFO", "logger_name": "django.server", "message": "\"DELETE /api/rooms/reservations/172/ HTTP/1.1\" 200 98"}
{"timestamp": "2026-06-16 14:54:57,612", "level": "INFO", "logger_name": "django.server", "message": "\"OPTIONS /api/wishlist/?limit=1000 HTTP/1.1\" 200 0"}
{"timestamp": "2026-06-16 14:54:57,614", "level": "INFO", "logger_name": "core.api", "message": "API Request Started: GET /api/wishlist/", "request_id": "f0ab94ef-98c8-47ef-bee8-b9275a39caed", "user_id": null, "api_id": "wishlist-view", "correlation_id": "f0ab94ef-98c8-47ef-bee8-b9275a39caed"}
{"timestamp": "2026-06-16 14:54:57,614", "level": "INFO", "logger_name": "core.api.wishlist", "message": "=== [API CALL] GET /api/wishlist/ ==="}
{"timestamp": "2026-06-16 14:54:57,617", "level": "INFO", "logger_name": "core.api", "message": "API Response Completed: 200", "request_id": "f0ab94ef-98c8-47ef-bee8-b9275a39caed", "user_id": null, "api_id": "wishlist-view", "duration_ms": 3.2, "correlation_id": "f0ab94ef-98c8-47ef-bee8-b9275a39caed"}
{"timestamp": "2026-06-16 14:54:57,618", "level": "INFO", "logger_name": "django.server", "message": "\"GET /api/wishlist/?limit=1000 HTTP/1.1\" 200 535"}
{"timestamp": "2026-06-16 14:57:22,836", "level": "INFO", "logger_name": "django.utils.autoreload", "message": "Watching for file changes with StatReloader"}
